Numero do medidor;Posicao do medidor lida;Nota de Leitura Atual;Foto do medidor
61109536;45214;NA;NA
P06612;24924;NA;PSP_EXTRATLEITIMPL_220526_0408_20000000015952962741_000.jpg
51098900;0;P111;PSP_EXTRATLEITIMPL_220526_0408_20000000013752950944_000.jpg
3132544858;10455;NA;PSP_EXTRATLEITIMPL_220526_0408_20000000019952970975_000.jpg
3192192365;37101;NA;PSP_EXTRATLEITIMPL_220526_0408_20000000008202975511_000.jpg
3203783514;4698;T181;NA
5257049541/3011173019;36;NA;PSP_EXTRATLEITIMPL_220526_0408_20000000003602987281_000.jpg
3200433970;36244;T181;PSP_EXTRATLEITIMPL_220526_0408_20000000018652986877_000.jpg
61669809;1510;NA;PSP_EXTRATLEITIMPL_220526_0408_20000000001352969981_000.jpg
3232758170;36244;T181;PSP_EXTRATLEITIMPL_220526_0408_20000000003502970984_000.jpg
50410919;21791;NA;NA
3200097016;3071;NA;PSP_EXTRATLEITIMPL_220526_0408_20000000007152988249_000.jpg
3170944568;11126;NA;PSP_EXTRATLEITIMPL_220526_0408_20000000000902977372_000.jpg
80176546;21082;NA;PSP_EXTRATLEITIMPL_220526_0408_20000000002502976933_000.jpg
3151792773;2436;NA;NA
3191251490;9555;NA;NA
3221920952;1151;L101;NA
3183002995;53;L101;PSP_EXTRATLEITIMPL_220526_0408_20000000003552995008_000.jpg
3244291162/3150654393;4085;T181;PSP_EXTRATLEITIMPL_220526_0408_20000000002252996014_000.jpg
90414640;15579;NA;PSP_EXTRATLEITIMPL_220526_0408_20000000018752986108_000.jpg
3225572827;3213;NA;PSP_EXTRATLEITIMPL_220526_0408_20000000012902979008_000.jpg
3205659020;5848;NA;PSP_EXTRATLEITIMPL_220526_0408_20000000016702990781_000.jpg
3130725014;7989;NA;PSP_EXTRATLEITIMPL_220526_0408_20000000008552969825_000.jpg
3142462949;11119;NA;PSP_EXTRATLEITIMPL_220526_0408_20000000003702990050_000.jpg
3205659080;12309;NA;PSP_EXTRATLEITIMPL_220526_0408_20000000010952949920_000.jpg
81356602;5502;NA;PSP_EXTRATLEITIMPL_220526_0408_20000000001152980049_000.jpg
3241212253;1;P111;PSP_EXTRATLEITIMPL_220526_0408_20000000008152959921_000.jpg
3153489792;26688;NA;PSP_EXTRATLEITIMPL_220526_0408_20000000012352965481_000.jpg
61808400;3411;T111;PSP_EXTRATLEITIMPL_220526_0408_20000000001952991353_000.jpg
3183382933;643;NA;PSP_EXTRATLEITIMPL_220526_0408_20000000012152969384_000.jpg
3202327540;1470;NA;PSP_EXTRATLEITIMPL_220526_0408_20000000013502975413_000.jpg
50613313;7421;NA;PSP_EXTRATLEITIMPL_220526_0408_20000000009802974007_000.jpg
3241648272;14965;T181;PSP_EXTRATLEITIMPL_220526_0408_20000000002602966980_000.jpg
3223304671;39790;T181;PSP_EXTRATLEITIMPL_220526_0408_20000000017752989450_000.jpg
3241229504;871;NA;PSP_EXTRATLEITIMPL_220526_0408_20000000005002997401_000.jpg
3210663052;24094;NA;PSP_EXTRATLEITIMPL_220526_0408_20000000004752995593_000.jpg
3222988968;1852;NA;PSP_EXTRATLEITIMPL_220526_0408_20000000016952986603_000.jpg
3160948794;56485;NA;PSP_EXTRATLEITIMPL_220526_0408_20000000010602968544_000.jpg
3202532275;6799;NA;PSP_EXTRATLEITIMPL_220526_0408_20000000019002973573_000.jpg
3182925399;634;T111;PSP_EXTRATLEITIMPL_220526_0408_20000000009602967854_000.jpg
3205556914;3630;T111;PSP_EXTRATLEITIMPL_220526_0408_20000000004702997706_000.jpg
3010202772;22293;NA;PSP_EXTRATLEITIMPL_220526_0408_20000000007602975551_000.jpg
V39047;8185;L101;PSP_EXTRATLEITIMPL_220526_0408_20000000001602986594_000.jpg
3193553892;28628;T111;PSP_EXTRATLEITIMPL_220526_0408_20000000011352966035_000.jpg
5257318178/82898352;4160;NA;PSP_EXTRATLEITIMPL_220526_0408_20000000007952965961_000.jpg
J50360;13539;NA;PSP_EXTRATLEITIMPL_220526_0408_20000000010752959949_000.jpg
3183455256;54718;NA;PSP_EXTRATLEITIMPL_220526_0408_20000000006052979289_000.jpg
3242020145;1216;NA;PSP_EXTRATLEITIMPL_220526_0408_20000000013102959982_000.jpg
640037628;1672;NA;PSP_EXTRATLEITIMPL_220526_0408_20000000015652972159_000.jpg
50485900;2082;NA;PSP_EXTRATLEITIMPL_220526_0408_20000000003002986172_000.jpg
3191330284;280;NA;PSP_EXTRATLEITIMPL_220526_0408_20000000011352961367_000.jpg
3180866778;300;NA;PSP_EXTRATLEITIMPL_220526_0408_20000000004752997445_000.jpg
5260132433/MD48786;75;NA;PSP_EXTRATLEITIMPL_220526_0408_20000000001002960796_000.jpg
3193035328;19812;T111;NA
3212552908;22046;NA;PSP_EXTRATLEITIMPL_220526_0408_20000000011052976166_000.jpg
3010099943;72729;NA;PSP_EXTRATLEITIMPL_220526_0408_20000000014402968551_000.jpg
640193239;51;P111;PSP_EXTRATLEITIMPL_220526_0408_20000000002302990210_000.jpg
50831795;45704;T111;PSP_EXTRATLEITIMPL_220526_0408_20000000015802963181_000.jpg
50948390;29;P111;PSP_EXTRATLEITIMPL_220526_0408_20000000004502976696_000.jpg
640184892;50243;NA;PSP_EXTRATLEITIMPL_220526_0408_20000000004753005128_000.jpg
640075775;11465;NA;PSP_EXTRATLEITIMPL_220526_0408_20000000003253004103_000.jpg
3225948665;2062;NA;PSP_EXTRATLEITIMPL_220526_0408_20000000004502981443_000.jpg
3142049901;7760;NA;PSP_EXTRATLEITIMPL_220526_0408_20000000008802976396_000.jpg
3245100280/3242406698/3223605647;4026;T181;PSP_EXTRATLEITIMPL_220526_0408_20000000012452966417_000.jpg
3213608150;1645;NA;PSP_EXTRATLEITIMPL_220526_0408_20000000017152997385_000.jpg
3211657790;1649;T111;PSP_EXTRATLEITIMPL_220526_0408_20000000007102977392_000.jpg
40966064;14030;B131;PSP_EXTRATLEITIMPL_220526_0408_20000000004453010072_000.jpg
40966030;11920;T111;PSP_EXTRATLEITIMPL_220526_0408_20000000007652951960_000.jpg
3151060683;9988;L101;PSP_EXTRATLEITIMPL_220526_0408_20000000016902993585_000.jpg
MV30229;19550;L101;PSP_EXTRATLEITIMPL_220526_0408_20000000019352970946_000.jpg
3243531674;278;NA;PSP_EXTRATLEITIMPL_220526_0408_20000000005152985972_000.jpg
3130272168;74504;NA;PSP_EXTRATLEITIMPL_220526_0408_20000000017752973978_000.jpg
3231035140;50058;T181;PSP_EXTRATLEITIMPL_220526_0408_20000000018502961987_000.jpg
3192180910;504662;NA;PSP_EXTRATLEITIMPL_220526_0408_20000000003452982228_000.jpg
3224569032;2377;NA;PSP_EXTRATLEITIMPL_220526_0408_20000000019402988305_000.jpg
F07143;2617;P111;PSP_EXTRATLEITIMPL_220526_0408_20000000013702976232_000.jpg
3190789143;8539;B111;PSP_EXTRATLEITIMPL_220526_0408_20000000017502994024_000.jpg
Q86243;265;P111;PSP_EXTRATLEITIMPL_220526_0408_20000000009302979056_000.jpg
3132175925;14412;NA;PSP_EXTRATLEITIMPL_220526_0408_20000000000852944975_000.jpg
3160934505;9487;NA;PSP_EXTRATLEITIMPL_220526_0408_20000000012452951886_000.jpg
60592640;1189;P111;PSP_EXTRATLEITIMPL_220526_0408_20000000005303002019_000.jpg
3180780881;3785;NA;PSP_EXTRATLEITIMPL_220526_0408_20000000002502983803_000.jpg
5257463348/50340392;264;NA;PSP_EXTRATLEITIMPL_220526_0408_20000000017002994784_000.jpg
51644565;33615;NA;PSP_EXTRATLEITIMPL_220526_0408_20000000013802977185_000.jpg
3171543036;22566;NA;PSP_EXTRATLEITIMPL_220526_0408_20000000015602956932_000.jpg
3132348447;156867;NA;PSP_EXTRATLEITIMPL_220526_0408_20000000006752963949_000.jpg
6251146762/3172758427;0;T161;PSP_EXTRATLEITIMPL_220526_0408_20000000010352985000_000.jpg
3212545332;15579;T181;PSP_EXTRATLEITIMPL_220526_0408_20000000011802987284_000.jpg
3223410145;14578;T181;PSP_EXTRATLEITIMPL_220526_0408_20000000009002982298_000.jpg
3231032133;22553;T181;PSP_EXTRATLEITIMPL_220526_0408_20000000003502996276_000.jpg
3141749241;59300;NA;PSP_EXTRATLEITIMPL_220526_0408_20000000012302985304_000.jpg
3153696879;163044;NA;PSP_EXTRATLEITIMPL_220526_0408_20000000007902980287_000.jpg
3154880703;209584;NA;PSP_EXTRATLEITIMPL_220526_0408_20000000019102986309_000.jpg
3212368104;31694;T111;PSP_EXTRATLEITIMPL_220526_0408_20000000001452992301_000.jpg
3220991201;8431;NA;PSP_EXTRATLEITIMPL_220526_0408_20000000006152980607_000.jpg
3161542538;44751;T181;PSP_EXTRATLEITIMPL_220526_0408_20000000006952987287_000.jpg
3212357412;18534;T111;PSP_EXTRATLEITIMPL_220526_0408_20000000009752983000_000.jpg
3212621144;127044;NA;PSP_EXTRATLEITIMPL_220526_0408_20000000006952965961_000.jpg
3154852904;29217;NA;PSP_EXTRATLEITIMPL_220526_0408_20000000016952998019_000.jpg
3212740496;4270;L101;PSP_EXTRATLEITIMPL_220526_0408_20000000002502987594_000.jpg
3182525293;43269;NA;PSP_EXTRATLEITIMPL_220526_0408_20000000012802951969_000.jpg
3130489736;4833;T111;PSP_EXTRATLEITIMPL_220526_0408_20000000002502993255_000.jpg
3202751341;1560;NA;PSP_EXTRATLEITIMPL_220526_0408_20000000004802996323_000.jpg
3224640233;817;NA;PSP_EXTRATLEITIMPL_220526_0408_20000000005802986055_000.jpg
3200016261;6638;L101;PSP_EXTRATLEITIMPL_220526_0408_20000000003302994273_000.jpg
MV10886;17683;T111;PSP_EXTRATLEITIMPL_220526_0408_20000000002852987082_000.jpg
6251546841/3221289756;150;T181;PSP_EXTRATLEITIMPL_220526_0408_20000000008402970157_000.jpg
3242795228;1405;NA;PSP_EXTRATLEITIMPL_220526_0408_20000000004152988403_000.jpg
3223991385;1148;NA;PSP_EXTRATLEITIMPL_220526_0408_20000000002152967752_000.jpg
3222289849;471;NA;PSP_EXTRATLEITIMPL_220526_0408_20000000004552995000_000.jpg
50825930;86966;NA;PSP_EXTRATLEITIMPL_220526_0408_20000000013802968648_000.jpg
3242474103;43855;NA;PSP_EXTRATLEITIMPL_220526_0408_20000000008852976531_000.jpg
3231749534;2575;NA;NA
3212900043;4567;NA;NA
MG71821;11043;M141;PSP_EXTRATLEITIMPL_220526_0408_20000000003352965663_000.jpg
3191840819;1561;NA;PSP_EXTRATLEITIMPL_220526_0408_20000000010802963773_000.jpg
3223308316;38;P111;PSP_EXTRATLEITIMPL_220526_0408_20000000003752976268_000.jpg
91037807;1;B111;PSP_EXTRATLEITIMPL_220526_0408_20000000004152995058_000.jpg
3142789247;48;B111;PSP_EXTRATLEITIMPL_220526_0408_20000000013952973020_000.jpg
3222245590;99;P111;PSP_EXTRATLEITIMPL_220526_0408_20000000008152980178_000.jpg
3242036874;74;NA;PSP_EXTRATLEITIMPL_220526_0408_20000000019552999174_000.jpg
5256516294/3171142007;1035;T181;PSP_EXTRATLEITIMPL_220526_0408_20000000015602956933_000.jpg
3193315690;3279;NA;PSP_EXTRATLEITIMPL_220526_0408_20000000002302976770_000.jpg
3192834413;343;P111;PSP_EXTRATLEITIMPL_220526_0408_20000000013452964870_000.jpg
3172620247;11197;NA;PSP_EXTRATLEITIMPL_220526_0408_20000000001902983622_000.jpg
3241578886;13796;T181;PSP_EXTRATLEITIMPL_220526_0408_20000000000802968531_000.jpg
MH30989;32609;NA;PSP_EXTRATLEITIMPL_220526_0408_20000000012902968647_000.jpg
3193870200;19710;NA;PSP_EXTRATLEITIMPL_220526_0408_20000000005053007075_000.jpg
3191288580;60394;NA;PSP_EXTRATLEITIMPL_220526_0408_20000000005702992000_000.jpg
3190989398;5867;L101;PSP_EXTRATLEITIMPL_220526_0408_20000000002002999288_000.jpg
3182457859;3353;NA;PSP_EXTRATLEITIMPL_220526_0408_20000000004203002020_000.jpg
3225056381;4612;NA;NA
3202428761;3598;NA;PSP_EXTRATLEITIMPL_220526_0408_20000000005552974528_000.jpg
3150471671;5785;NA;NA
3140844968;7911;NA;NA
3243406764;292;B111;PSP_EXTRATLEITIMPL_220526_0408_20000000018002973927_000.jpg
MG55498;26642;NA;PSP_EXTRATLEITIMPL_220526_0408_20000000010352984003_000.jpg
3141221077;10070;NA;NA
MD78830;28903;NA;PSP_EXTRATLEITIMPL_220526_0408_20000000010502976358_000.jpg
3213011323;5760;T111;PSP_EXTRATLEITIMPL_220526_0408_20000000008152977405_000.jpg
30666534;35092;NA;PSP_EXTRATLEITIMPL_220526_0408_20000000003352969464_000.jpg
650174542;9538;NA;PSP_EXTRATLEITIMPL_220526_0408_20000000003252989750_000.jpg
3010076889;8319;NA;PSP_EXTRATLEITIMPL_220526_0408_20000000005802983297_000.jpg
3010233595;18481;NA;PSP_EXTRATLEITIMPL_220526_0408_20000000001502983300_000.jpg
3120882936;705;P111;PSP_EXTRATLEITIMPL_220526_0408_20000000011552956878_000.jpg
3225018765;436;NA;PSP_EXTRATLEITIMPL_220526_0408_20000000006652985504_000.jpg
3242083988;1676;NA;PSP_EXTRATLEITIMPL_220526_0408_20000000018502975661_000.jpg
3225031184;49157;NA;PSP_EXTRATLEITIMPL_220526_0408_20000000000102959870_000.jpg
6250975005;161;NA;PSP_EXTRATLEITIMPL_220526_0408_20000000017752972985_000.jpg
30154800;97415;NA;PSP_EXTRATLEITIMPL_220526_0408_20000000012202978152_000.jpg
3223328473;16598;T181;PSP_EXTRATLEITIMPL_220526_0408_20000000000852964696_000.jpg
3211925328;9281;NA;PSP_EXTRATLEITIMPL_220526_0408_20000000014102943952_000.jpg
3231461050;1;L101;PSP_EXTRATLEITIMPL_220526_0408_20000000011552956877_000.jpg
3224061128;11204;NA;PSP_EXTRATLEITIMPL_220526_0408_20000000018752968857_000.jpg
3154159630;8589;NA;PSP_EXTRATLEITIMPL_220526_0408_20000000000752967661_000.jpg
70175894;71822;NA;PSP_EXTRATLEITIMPL_220526_0408_20000000004752985989_000.jpg
3233109621;1227;NA;PSP_EXTRATLEITIMPL_220526_0408_20000000018102995070_000.jpg
3202623343;1825;L101;PSP_EXTRATLEITIMPL_220526_0408_20000000011502972709_000.jpg
3194023196;44827;T181;PSP_EXTRATLEITIMPL_220526_0408_20000000009102954953_000.jpg
3172770761/3211125062;11603;NA;NA
3231449123;19825;L101;PSP_EXTRATLEITIMPL_220526_0408_20000000006002973777_000.jpg
3231113303;9492;T181;PSP_EXTRATLEITIMPL_220526_0408_20000000005102989909_000.jpg
3212655006;32108;NA;PSP_EXTRATLEITIMPL_220526_0408_20000000014002974052_000.jpg
3223600530;250;L101;PSP_EXTRATLEITIMPL_220526_0408_20000000000802958890_000.jpg
5257624244;339;NA;PSP_EXTRATLEITIMPL_220526_0408_20000000006502984797_000.jpg
3201569876;16736;T181;PSP_EXTRATLEITIMPL_220526_0408_20000000003802992118_000.jpg
3214017716;6728;L101;PSP_EXTRATLEITIMPL_220526_0408_20000000007602956939_000.jpg
5257760016/3244097064/60996873;627;T181;PSP_EXTRATLEITIMPL_220526_0408_20000000004102985016_000.jpg
3204608376;16370;T181;NA
6251615550/3243314070;1724;T181;PSP_EXTRATLEITIMPL_220526_0408_20000000004002967893_000.jpg
3131891554;75254;NA;PSP_EXTRATLEITIMPL_220526_0408_20000000004302969962_000.jpg
3183374981;14667;NA;PSP_EXTRATLEITIMPL_220526_0408_20000000009552967563_000.jpg
3231112188/640336919;49804;T181;PSP_EXTRATLEITIMPL_220526_0408_20000000007452974677_000.jpg
3121757094;48653;NA;PSP_EXTRATLEITIMPL_220526_0408_20000000000452961654_000.jpg
3181253192;54;P111;PSP_EXTRATLEITIMPL_220526_0408_20000000000402968947_000.jpg
3223328384;32539;T181;PSP_EXTRATLEITIMPL_220526_0408_20000000007802981575_000.jpg
3154893317;10615;NA;PSP_EXTRATLEITIMPL_220526_0408_20000000016102963309_000.jpg
3202353214;33351;L101;PSP_EXTRATLEITIMPL_220526_0408_20000000009102978005_000.jpg
3182930287;3906;L101;PSP_EXTRATLEITIMPL_220526_0408_20000000002053002069_000.jpg
3161390983;11949;L101;PSP_EXTRATLEITIMPL_220526_0408_20000000011602952840_000.jpg
3200348329;149;P111;PSP_EXTRATLEITIMPL_220526_0408_20000000008852961917_000.jpg
3213256997;10197;NA;PSP_EXTRATLEITIMPL_220526_0408_20000000019702960875_000.jpg
3183229639;5424;L101;PSP_EXTRATLEITIMPL_220526_0408_20000000000002973939_000.jpg
3244309452/3221457470;9935;T181;PSP_EXTRATLEITIMPL_220526_0408_20000000004602997982_000.jpg
3203793552;5636;T181;PSP_EXTRATLEITIMPL_220526_0408_20000000002053002071_000.jpg
3151463982;10058;L101;PSP_EXTRATLEITIMPL_220526_0408_20000000003552992121_000.jpg
640239700;34315;NA;PSP_EXTRATLEITIMPL_220526_0408_20000000012402956887_000.jpg
X83383;12282;NA;PSP_EXTRATLEITIMPL_220526_0408_20000000009052950899_000.jpg
3212726051;110650;T181;PSP_EXTRATLEITIMPL_220526_0408_20000000000752962809_000.jpg
C27573;3625;NA;PSP_EXTRATLEITIMPL_220526_0408_20000000008002947955_000.jpg
3232029470;1204;NA;PSP_EXTRATLEITIMPL_220526_0408_20000000016602988956_000.jpg
3242532057;89316;T181;PSP_EXTRATLEITIMPL_220526_0408_20000000016052967889_000.jpg
3010010428;5911;L101;PSP_EXTRATLEITIMPL_220526_0408_20000000017003005198_000.jpg
3223300064;12049;T181;PSP_EXTRATLEITIMPL_220526_0408_20000000015502948976_000.jpg
3210788270;5830;NA;PSP_EXTRATLEITIMPL_220526_0408_20000000011102971162_000.jpg
W67180;209;P111;PSP_EXTRATLEITIMPL_220526_0408_20000000016502975001_000.jpg
3223346269;9040;T181;PSP_EXTRATLEITIMPL_220526_0408_20000000011652985001_000.jpg
50855953;67357;NA;PSP_EXTRATLEITIMPL_220526_0408_20000000013402995000_000.jpg
61204628;848;P111;PSP_EXTRATLEITIMPL_220526_0408_20000000013602979002_000.jpg
3213829385;2881;NA;PSP_EXTRATLEITIMPL_220526_0408_20000000006502972944_000.jpg
6250634437/3242513559/3242696815;6430;T111;PSP_EXTRATLEITIMPL_220526_0408_20000000016452989020_000.jpg
5260297890/3211705581;6327;NA;PSP_EXTRATLEITIMPL_220526_0408_20000000012202979035_000.jpg
3202402940;3129;NA;PSP_EXTRATLEITIMPL_220526_0408_20000000004902989176_000.jpg
3181492693;24313;T111;PSP_EXTRATLEITIMPL_220526_0408_20000000004902983580_000.jpg
91538474;264;P111;PSP_EXTRATLEITIMPL_220526_0408_20000000014152964566_000.jpg
F94276;98340;NA;PSP_EXTRATLEITIMPL_220526_0408_20000000003502986798_000.jpg
205445;5356;NA;PSP_EXTRATLEITIMPL_220526_0408_20000000001953001003_000.jpg
3241965898;2856;NA;PSP_EXTRATLEITIMPL_220526_0408_20000000008552961909_000.jpg
60724725;52455;NA;PSP_EXTRATLEITIMPL_220526_0408_20000000008852973662_000.jpg
3192155850;275834;NA;PSP_EXTRATLEITIMPL_220526_0408_20000000018052974373_000.jpg
3225439604;7629;NA;PSP_EXTRATLEITIMPL_220526_0408_20000000017702999080_000.jpg
40782303;15853;NA;PSP_EXTRATLEITIMPL_220526_0408_20000000016202967563_000.jpg
300460B;460170;T111;PSP_EXTRATLEITIMPL_220526_0408_20000000016252960887_000.jpg
3201136902;12454;NA;PSP_EXTRATLEITIMPL_220526_0408_20000000013052961806_000.jpg
51551990;17773;NA;PSP_EXTRATLEITIMPL_220526_0408_20000000016852998106_000.jpg
3194013204;55472;T181;PSP_EXTRATLEITIMPL_220526_0408_20000000018202964978_000.jpg
3231807500;591;P111;PSP_EXTRATLEITIMPL_220526_0408_20000000007002974914_000.jpg
3153570573;7162;NA;PSP_EXTRATLEITIMPL_220526_0408_20000000005402974949_000.jpg
3010023297;11578;NA;PSP_EXTRATLEITIMPL_220526_0408_20000000009852979589_000.jpg
51447352;14785;NA;PSP_EXTRATLEITIMPL_220526_0408_20000000016702992680_000.jpg
3211145357;27053;T181;PSP_EXTRATLEITIMPL_220526_0408_20000000017402983871_000.jpg
3193284646;19205;NA;PSP_EXTRATLEITIMPL_220526_0408_20000000004202979905_000.jpg
3200890999;1861;NA;PSP_EXTRATLEITIMPL_220526_0408_20000000018402974768_000.jpg
3171987724;39805;NA;PSP_EXTRATLEITIMPL_220526_0408_20000000015402952937_000.jpg
3153159466;4326;NA;PSP_EXTRATLEITIMPL_220526_0408_20000000015502958905_000.jpg
3180708374;1761;P111;PSP_EXTRATLEITIMPL_220526_0408_20000000000902958913_000.jpg
3220269204;17639;T181;PSP_EXTRATLEITIMPL_220526_0408_20000000007902962891_000.jpg
5256565848/G10999;802;NA;PSP_EXTRATLEITIMPL_220526_0408_20000000018352966906_000.jpg
3243887398;2559;NA;PSP_EXTRATLEITIMPL_220526_0408_20000000012252981052_000.jpg
3203904257;62039;T181;PSP_EXTRATLEITIMPL_220526_0408_20000000010952958820_000.jpg
58637B;354875;NA;PSP_EXTRATLEITIMPL_220526_0408_20000000011552954906_000.jpg
MB95794;63276;T111;PSP_EXTRATLEITIMPL_220526_0408_20000000000502950922_000.jpg
3160027320;71446;NA;PSP_EXTRATLEITIMPL_220526_0408_20000000000102976058_000.jpg
3193864030;6487;NA;PSP_EXTRATLEITIMPL_220526_0408_20000000002902993090_000.jpg
3182966060;4543;NA;PSP_EXTRATLEITIMPL_220526_0408_20000000009802958846_000.jpg
71705609;73094;NA;PSP_EXTRATLEITIMPL_220526_0408_20000000012852979073_000.jpg
X23020;13548;B111;PSP_EXTRATLEITIMPL_220526_0408_20000000015602976556_000.jpg
3160405863;92214;M101;PSP_EXTRATLEITIMPL_220526_0408_20000000004853001693_000.jpg
3225914256;7679;T111;PSP_EXTRATLEITIMPL_220526_0408_20000000018102984603_000.jpg
3213696814;41324;T111;PSP_EXTRATLEITIMPL_220526_0408_20000000015152981463_000.jpg
3181668872;10573;NA;NA
6250921860/3224317777;304;NA;PSP_EXTRATLEITIMPL_220526_0408_20000000006852973994_000.jpg
8073706;9581;NA;PSP_EXTRATLEITIMPL_220526_0408_20000000005652986031_000.jpg
300425B;985486;NA;PSP_EXTRATLEITIMPL_220526_0408_20000000007102965905_000.jpg
3161175675;283;P111;PSP_EXTRATLEITIMPL_220526_0408_20000000000152966734_000.jpg
3205482929;42479;NA;PSP_EXTRATLEITIMPL_220526_0408_20000000006302984528_000.jpg
3132598621;904;NA;PSP_EXTRATLEITIMPL_220526_0408_20000000009002979610_000.jpg
3120465715;65408;NA;PSP_EXTRATLEITIMPL_220526_0408_20000000015202978525_000.jpg
3161614857;1410;NA;PSP_EXTRATLEITIMPL_220526_0408_20000000010502978199_000.jpg
3172775950/5256935467/3172775950/3203589343;20395;NA;NA
3192153742;21561;NA;PSP_EXTRATLEITIMPL_220526_0408_20000000004402984331_000.jpg
3203932234;51387;T181;PSP_EXTRATLEITIMPL_220526_0408_20000000016002945971_000.jpg
X23958;17199;NA;PSP_EXTRATLEITIMPL_220526_0408_20000000019702971531_000.jpg
3011107356;558;NA;PSP_EXTRATLEITIMPL_220526_0408_20000000003503003022_000.jpg
3011093964;13868;NA;NA
3211125135;57798;T181;PSP_EXTRATLEITIMPL_220526_0408_20000000012852968645_000.jpg
3204064333;47984;NA;PSP_EXTRATLEITIMPL_220526_0408_20000000017502988444_000.jpg
3210134319;6079;NA;NA
640135697;8827;NA;PSP_EXTRATLEITIMPL_220526_0408_20000000007252990160_000.jpg
L58617;34002;NA;PSP_EXTRATLEITIMPL_220526_0408_20000000006302978754_000.jpg
3242618270;270;T181;PSP_EXTRATLEITIMPL_220526_0408_20000000013202967728_000.jpg
N052992;34809;NA;NA
3222411490;10605;NA;PSP_EXTRATLEITIMPL_220526_0408_20000000003952970668_000.jpg
MD84263;152;P111;PSP_EXTRATLEITIMPL_220526_0408_20000000008702964959_000.jpg
3154310222;8728;M141;PSP_EXTRATLEITIMPL_220526_0408_20000000008602985271_000.jpg
3190940100;1;NA;NA
3142655046;5287;NA;PSP_EXTRATLEITIMPL_220526_0408_20000000015752958854_000.jpg
3205392555;87116;NA;PSP_EXTRATLEITIMPL_220526_0408_20000000001152976376_000.jpg
3212088950;19556;NA;PSP_EXTRATLEITIMPL_220526_0408_20000000001452996085_000.jpg
3241062391;10933;T181;PSP_EXTRATLEITIMPL_220526_0408_20000000018602994026_000.jpg
5256958653/3220266680;8794;T181;PSP_EXTRATLEITIMPL_220526_0408_20000000010552953917_000.jpg
3010097657;3189;NA;PSP_EXTRATLEITIMPL_220526_0408_20000000012452969280_001.jpg
3243786559/3183370757;6492;T181;PSP_EXTRATLEITIMPL_220526_0408_20000000010902982210_000.jpg
81711097;15715;NA;PSP_EXTRATLEITIMPL_220526_0408_20000000017302998408_000.jpg
3160344007;50887;NA;PSP_EXTRATLEITIMPL_220526_0408_20000000015252986377_000.jpg
3181042329;24130;NA;PSP_EXTRATLEITIMPL_220526_0408_20000000005253000668_000.jpg
61505601;17256;L101;PSP_EXTRATLEITIMPL_220526_0408_20000000017602985004_000.jpg
3210060781;6083;NA;NA
T47807;9127;B111;PSP_EXTRATLEITIMPL_220526_0408_20000000010452958858_000.jpg
3204761832;3908;NA;PSP_EXTRATLEITIMPL_220526_0408_20000000015852966604_000.jpg
6251199530/3233371105;949;NA;PSP_EXTRATLEITIMPL_220526_0408_20000000015352987033_000.jpg
3222479443;825;T181;PSP_EXTRATLEITIMPL_220526_0408_20000000009752958948_000.jpg
3010200952;8556;NA;PSP_EXTRATLEITIMPL_220526_0408_20000000009052974097_000.jpg
3220256595;8968;T181;PSP_EXTRATLEITIMPL_220526_0408_20000000011152969667_000.jpg
3170377965;10748;NA;PSP_EXTRATLEITIMPL_220526_0408_20000000017852986689_000.jpg
3191394975;7476;NA;PSP_EXTRATLEITIMPL_220526_0408_20000000013852977432_000.jpg
5257333142;623;NA;PSP_EXTRATLEITIMPL_220526_0408_20000000012102982272_000.jpg
6250634062/3181040938;16898;NA;PSP_EXTRATLEITIMPL_220526_0408_20000000018752976647_000.jpg
82950303;61912;NA;PSP_EXTRATLEITIMPL_220526_0408_20000000011952967616_000.jpg
3183139540;93558;NA;PSP_EXTRATLEITIMPL_220526_0408_20000000004552979651_000.jpg
3200961624;78028;L101;PSP_EXTRATLEITIMPL_220526_0408_20000000016502962632_000.jpg
3241239887;13123;NA;PSP_EXTRATLEITIMPL_220526_0408_20000000000752977003_000.jpg
3212720401;74220;T181;PSP_EXTRATLEITIMPL_220526_0408_20000000018852963992_000.jpg
3233157073;2793;NA;PSP_EXTRATLEITIMPL_220526_0408_20000000008902976048_000.jpg
50684067;653;P111;PSP_EXTRATLEITIMPL_220526_0408_20000000003752980035_000.jpg
3154593534;18379;NA;PSP_EXTRATLEITIMPL_220526_0408_20000000007052995012_000.jpg
3161783365;9496;L101;PSP_EXTRATLEITIMPL_220526_0408_20000000001702968774_000.jpg
156270B;13042;NA;PSP_EXTRATLEITIMPL_220526_0408_20000000006402980161_000.jpg
3130496970;37231;NA;PSP_EXTRATLEITIMPL_220526_0408_20000000003102988647_000.jpg
3241647594;5261;T181;PSP_EXTRATLEITIMPL_220526_0408_20000000016052986001_000.jpg
3203789601;15796;NA;NA
H96026;21253;L101;PSP_EXTRATLEITIMPL_220526_0408_20000000000152968599_000.jpg
3171690357;5615;NA;NA
3220275336;59798;T181;PSP_EXTRATLEITIMPL_220526_0408_20000000017252977959_000.jpg
3191694758;15313;NA;NA
3205272690;3327;NA;PSP_EXTRATLEITIMPL_220526_0408_20000000015402975003_000.jpg
3130612562;11585;NA;PSP_EXTRATLEITIMPL_220526_0408_20000000000752974189_000.jpg
T68566;47679;NA;PSP_EXTRATLEITIMPL_220526_0408_20000000005552980245_000.jpg
3190125539;4229;NA;PSP_EXTRATLEITIMPL_220526_0408_20000000015952954930_000.jpg
6252197867/50037975;99999;NA;PSP_EXTRATLEITIMPL_220526_0408_20000000018802977366_000.jpg
3243760533;54;NA;PSP_EXTRATLEITIMPL_220526_0408_20000000016102962400_000.jpg
3154902065;3056;NA;PSP_EXTRATLEITIMPL_220526_0408_20000000014352957359_000.jpg
3242504932;5962;T181;PSP_EXTRATLEITIMPL_220526_0408_20000000012452962638_000.jpg
3230074991;31863;NA;PSP_EXTRATLEITIMPL_220526_0408_20000000019152981688_000.jpg
5261792658/5257153519/3190802719;10573;NA;NA
41297905;24051;T111;PSP_EXTRATLEITIMPL_220526_0408_20000000004502995008_000.jpg
3233193720;14250;NA;NA
81605289;17234;NA;PSP_EXTRATLEITIMPL_220526_0408_20000000004152979776_000.jpg
3220248231;59261;T181;PSP_EXTRATLEITIMPL_220526_0408_20000000013852982201_000.jpg
6251173034/3242356534;5964;T181;PSP_EXTRATLEITIMPL_220526_0408_20000000018102992166_000.jpg
3220252670;94622;T181;PSP_EXTRATLEITIMPL_220526_0408_20000000009452975181_000.jpg
3231065589;15760;T181;PSP_EXTRATLEITIMPL_220526_0408_20000000019802980889_000.jpg
90678132;13623;NA;PSP_EXTRATLEITIMPL_220526_0408_20000000001402980675_000.jpg
MD80997;1157;P111;PSP_EXTRATLEITIMPL_220526_0408_20000000014752953858_000.jpg
3190802611;21635;NA;PSP_EXTRATLEITIMPL_220526_0408_20000000008452951964_000.jpg
3202379426;1078;T181;PSP_EXTRATLEITIMPL_220526_0408_20000000008252974013_000.jpg
90061577;10628;NA;PSP_EXTRATLEITIMPL_220526_0408_20000000019002982025_000.jpg
3221370022;12548;NA;PSP_EXTRATLEITIMPL_220526_0408_20000000016752966983_000.jpg
3212564515;29205;T181;PSP_EXTRATLEITIMPL_220526_0408_20000000016652993399_000.jpg
3203683366;827;P111;PSP_EXTRATLEITIMPL_220526_0408_20000000011152976151_000.jpg
3222752646;9860;T181;PSP_EXTRATLEITIMPL_220526_0408_20000000019302970915_000.jpg
3181701411;43552;T181;PSP_EXTRATLEITIMPL_220526_0408_20000000006152964980_000.jpg
3181054718;38522;NA;PSP_EXTRATLEITIMPL_220526_0408_20000000019852968871_000.jpg
3210735347;7162;NA;NA
3223286029;27563;T181;PSP_EXTRATLEITIMPL_220526_0408_20000000016603003195_000.jpg
3171716917;92035;NA;PSP_EXTRATLEITIMPL_220526_0408_20000000014752973156_000.jpg
3210725805;1916;NA;PSP_EXTRATLEITIMPL_220526_0408_20000000009152986054_000.jpg
5256945110/3212727058;10686;T181;PSP_EXTRATLEITIMPL_220526_0408_20000000019402983507_000.jpg
3200497863;5308;NA;PSP_EXTRATLEITIMPL_220526_0408_20000000010652974003_000.jpg
3231055982;11863;T181;PSP_EXTRATLEITIMPL_220526_0408_20000000000052972928_000.jpg
3223070000;170;P111;PSP_EXTRATLEITIMPL_220526_0408_20000000015902985266_000.jpg
L82419;50050;T111;PSP_EXTRATLEITIMPL_220526_0408_20000000010702988032_000.jpg
61021060;11004;T111;PSP_EXTRATLEITIMPL_220526_0408_20000000016952996062_000.jpg
3183105042;14629;NA;PSP_EXTRATLEITIMPL_220526_0408_20000000009652980043_000.jpg
H25562;6;P111;PSP_EXTRATLEITIMPL_220526_0408_20000000015052946878_000.jpg
3132486475;1241;NA;PSP_EXTRATLEITIMPL_220526_0408_20000000001202981373_000.jpg
3161866368;146;P111;PSP_EXTRATLEITIMPL_220526_0408_20000000019052977509_000.jpg
3241192112;32774;NA;PSP_EXTRATLEITIMPL_220526_0408_20000000007602975554_000.jpg
3225139236;216065;NA;PSP_EXTRATLEITIMPL_220526_0408_20000000001502979587_000.jpg
80313454;421109;NA;PSP_EXTRATLEITIMPL_220526_0408_20000000016852987737_000.jpg
NQ28944;146;P111;PSP_EXTRATLEITIMPL_220526_0408_20000000018502980416_000.jpg
5257855068;179;NA;PSP_EXTRATLEITIMPL_220526_0408_20000000002302970987_000.jpg
5257486941/3170309447;2168;T181;PSP_EXTRATLEITIMPL_220526_0408_20000000015552964427_000.jpg
5257703411/3151567770;315;T181;PSP_EXTRATLEITIMPL_220526_0408_20000000011502967878_000.jpg
3180623620;35400;NA;NA
3231029175;11848;T181;PSP_EXTRATLEITIMPL_220526_0408_20000000014352960187_000.jpg
3180615406;8564;NA;NA
3210729177;6001;NA;PSP_EXTRATLEITIMPL_220526_0408_20000000015302999002_000.jpg
3244290158/3180628338;3759;T181;PSP_EXTRATLEITIMPL_220526_0408_20000000018252989003_000.jpg
3230905192;14726;T181;PSP_EXTRATLEITIMPL_220526_0408_20000000003152975923_000.jpg
3220236527;197289;T181;PSP_EXTRATLEITIMPL_220526_0408_20000000012652975411_000.jpg
3194033124;154150;T181;PSP_EXTRATLEITIMPL_220526_0408_20000000013252953937_000.jpg
5257008853/3193890023;436;NA;PSP_EXTRATLEITIMPL_220526_0408_20000000007452985012_000.jpg
3223515893;8;P111;PSP_EXTRATLEITIMPL_220526_0408_20000000011252959828_000.jpg
3212732574;75006;T181;PSP_EXTRATLEITIMPL_220526_0408_20000000007152991021_000.jpg
3190112186;12874;NA;NA
3231470181;658;NA;PSP_EXTRATLEITIMPL_220526_0408_20000000014052985049_000.jpg
3242354868;3800;T181;PSP_EXTRATLEITIMPL_220526_0408_20000000011102964594_000.jpg
3220277495;40467;T181;PSP_EXTRATLEITIMPL_220526_0408_20000000011602964591_000.jpg
5257814345/30666356;99999;NA;PSP_EXTRATLEITIMPL_220526_0408_20000000017403003021_000.jpg
3140001804;22950;NA;PSP_EXTRATLEITIMPL_220526_0408_20000000003202998070_000.jpg
3212715980;25511;T181;PSP_EXTRATLEITIMPL_220526_0408_20000000006652987428_000.jpg
3220233315;29355;T181;PSP_EXTRATLEITIMPL_220526_0408_20000000018702984389_000.jpg
3233262624;2884;NA;PSP_EXTRATLEITIMPL_220526_0408_20000000018752982394_000.jpg
3011159807;38905;NA;PSP_EXTRATLEITIMPL_220526_0408_20000000012902970579_000.jpg
3241169501;26348;T181;PSP_EXTRATLEITIMPL_220526_0408_20000000002652987583_000.jpg
3192205750;21525;NA;PSP_EXTRATLEITIMPL_220526_0408_20000000016352971506_000.jpg
X55156;89656;L101;PSP_EXTRATLEITIMPL_220526_0408_20000000012152953920_000.jpg
3242531042;48597;T181;PSP_EXTRATLEITIMPL_220526_0408_20000000015002973035_000.jpg
5256230064/B096831;8181;T181;PSP_EXTRATLEITIMPL_220526_0408_20000000005502971971_000.jpg
3160716540;11901;NA;PSP_EXTRATLEITIMPL_220526_0408_20000000015802945865_000.jpg
3242343505/3225132622;1907;T181;PSP_EXTRATLEITIMPL_220526_0408_20000000006302973938_000.jpg
3201060400;143244;NA;PSP_EXTRATLEITIMPL_220526_0408_20000000002852970936_000.jpg
70682281;13909;L101;PSP_EXTRATLEITIMPL_220526_0408_20000000008052960900_000.jpg
MC33205;34391;NA;PSP_EXTRATLEITIMPL_220526_0408_20000000001002965475_000.jpg
3223222853;49219;NA;PSP_EXTRATLEITIMPL_220526_0408_20000000006052976526_000.jpg
3160393113;68353;T181;PSP_EXTRATLEITIMPL_220526_0408_20000000019202981553_000.jpg
3172783723;7731;NA;PSP_EXTRATLEITIMPL_220526_0408_20000000015752967618_001.jpg
30173490;68273;NA;PSP_EXTRATLEITIMPL_220526_0408_20000000002102976625_000.jpg
40382127;101;P111;PSP_EXTRATLEITIMPL_220526_0408_20000000012302979643_000.jpg
3180150179;129732;NA;PSP_EXTRATLEITIMPL_220526_0408_20000000004603007684_000.jpg
3222737418;7424;T181;PSP_EXTRATLEITIMPL_220526_0408_20000000004603007685_000.jpg
5257811729/62137460;99999;NA;PSP_EXTRATLEITIMPL_220526_0408_20000000007702969950_000.jpg
MH35532;84022;B111;PSP_EXTRATLEITIMPL_220526_0408_20000000016402956813_000.jpg
3154426999;5148;NA;PSP_EXTRATLEITIMPL_220526_0408_20000000011552955931_000.jpg
30187504;21970;NA;PSP_EXTRATLEITIMPL_220526_0408_20000000017202963992_000.jpg
3190388688;340351;NA;PSP_EXTRATLEITIMPL_220526_0408_20000000006752970926_000.jpg
3152893743;8075;NA;PSP_EXTRATLEITIMPL_220526_0408_20000000017552999228_000.jpg
5256944318/3230029805;4561;T181;PSP_EXTRATLEITIMPL_220526_0408_20000000004402992002_000.jpg
3190743127;9599;NA;PSP_EXTRATLEITIMPL_220526_0408_20000000009352987006_000.jpg
3153030951;9871;NA;PSP_EXTRATLEITIMPL_220526_0408_20000000005103012007_000.jpg
3222714035;26071;NA;PSP_EXTRATLEITIMPL_220526_0408_20000000013602979006_000.jpg
61864997;21455;NA;PSP_EXTRATLEITIMPL_220526_0408_20000000007302985004_000.jpg
3153434939;2035;P111;PSP_EXTRATLEITIMPL_220526_0408_20000000002152970530_000.jpg
3120397116;84022;P111;PSP_EXTRATLEITIMPL_220526_0408_20000000014302969552_000.jpg
5257571523/40275584;3142;NA;PSP_EXTRATLEITIMPL_220526_0408_20000000018202975762_000.jpg
50119173;21472;NA;PSP_EXTRATLEITIMPL_220526_0408_20000000003902976534_000.jpg
3223424413;1450;NA;PSP_EXTRATLEITIMPL_220526_0408_20000000005852979594_000.jpg
3204943124;3661;NA;PSP_EXTRATLEITIMPL_220526_0408_20000000000302965633_000.jpg
3241735841;2519;NA;PSP_EXTRATLEITIMPL_220526_0408_20000000014052988002_000.jpg
177553;876;L101;PSP_EXTRATLEITIMPL_220526_0408_20000000019052959960_000.jpg
50265374;9500;NA;PSP_EXTRATLEITIMPL_220526_0408_20000000013852973676_000.jpg
3193155323;44943;NA;NA
80936273;2496;NA;NA
3010213903;15;P111;PSP_EXTRATLEITIMPL_220526_0408_20000000015402952938_000.jpg
90481070;15855;NA;PSP_EXTRATLEITIMPL_220526_0408_20000000019152960976_000.jpg
3224707877;71494;T181;PSP_EXTRATLEITIMPL_220526_0408_20000000011652981252_000.jpg
3223076350;265;L131;PSP_EXTRATLEITIMPL_220526_0408_20000000015952948961_000.jpg
3244456455;9385;NA;PSP_EXTRATLEITIMPL_220526_0408_20000000019452995005_000.jpg
3222611430;2235;NA;PSP_EXTRATLEITIMPL_220526_0408_20000000012452973004_000.jpg
71949281;10253;NA;PSP_EXTRATLEITIMPL_220526_0408_20000000012902980007_000.jpg
3200322281;15025;NA;PSP_EXTRATLEITIMPL_220526_0408_20000000002502981828_000.jpg
61038094;560;L101;NA
3153428998;1918;L101;PSP_EXTRATLEITIMPL_220526_0408_20000000008552953901_000.jpg
3193101908;6115;L101;PSP_EXTRATLEITIMPL_220526_0408_20000000004902985495_000.jpg
210931;1830;L101;PSP_EXTRATLEITIMPL_220526_0408_20000000002602966987_000.jpg
40456198;23840;L101;PSP_EXTRATLEITIMPL_220526_0408_00000000000211733202_000.jpg
3193207145;36959;T181;PSP_EXTRATLEITIMPL_220526_0408_20000000001603001001_000.jpg
3142598514;3411;L101;PSP_EXTRATLEITIMPL_220526_0408_20000000015602986001_000.jpg
3193654265;6703;NA;PSP_EXTRATLEITIMPL_220526_0408_20000000017202986191_000.jpg
50966860;33724;NA;PSP_EXTRATLEITIMPL_220526_0408_20000000004552984402_000.jpg
3193015505;12150;NA;NA
3231108075;55983;NA;PSP_EXTRATLEITIMPL_220526_0408_20000000014202945945_000.jpg
91090198;27540;NA;PSP_EXTRATLEITIMPL_220526_0408_20000000002702968995_000.jpg
3132041554;5904;P111;PSP_EXTRATLEITIMPL_220526_0408_20000000016002947882_000.jpg
30015479;25833;NA;PSP_EXTRATLEITIMPL_220526_0408_20000000008102989293_000.jpg
3192095475;0;NA;NA
3182801290;32341;NA;NA
3182753318;5377;NA;NA
NF00322;19011;B111;PSP_EXTRATLEITIMPL_220526_0408_20000000010252948921_000.jpg
3224024990;3690;NA;PSP_EXTRATLEITIMPL_220526_0408_20000000013602978081_000.jpg
3182754390;6125;NA;NA
3192507587;142;NA;NA
3120376879;18217;NA;PSP_EXTRATLEITIMPL_220526_0408_20000000009502980197_000.jpg
NF65002;13575;B111;PSP_EXTRATLEITIMPL_220526_0408_20000000002152975340_000.jpg
3222729857;56164;T181;PSP_EXTRATLEITIMPL_220526_0408_20000000017902978675_000.jpg
70969726;484;P111;PSP_EXTRATLEITIMPL_220526_0408_20000000012002968719_000.jpg
3193495302;9782;NA;PSP_EXTRATLEITIMPL_220526_0408_20000000016902991677_000.jpg
100133B;19419;NA;PSP_EXTRATLEITIMPL_220526_0408_20000000001252981588_000.jpg
3191030663;41954;NA;PSP_EXTRATLEITIMPL_220526_0408_20000000007802962959_000.jpg
3141648585;3640;NA;PSP_EXTRATLEITIMPL_220526_0408_20000000004803001181_000.jpg
3192160285;29713;NA;PSP_EXTRATLEITIMPL_220526_0408_20000000019602989010_000.jpg
3171821320;49573;NA;PSP_EXTRATLEITIMPL_220526_0408_20000000009052952887_000.jpg
3201474000;52017;L131;PSP_EXTRATLEITIMPL_220526_0408_20000000019852986100_000.jpg
60308039;31997;NA;PSP_EXTRATLEITIMPL_220526_0408_20000000012502962950_000.jpg
3230043565;10502;NA;PSP_EXTRATLEITIMPL_220526_0408_20000000007702961994_000.jpg
3161869286;36465;M121;PSP_EXTRATLEITIMPL_220526_0408_20000000015152958894_000.jpg
3140677468;128167;NA;PSP_EXTRATLEITIMPL_220526_0408_20000000004152976907_000.jpg
60309779;47463;NA;PSP_EXTRATLEITIMPL_220526_0408_20000000004602995977_000.jpg
30181581;42190;NA;PSP_EXTRATLEITIMPL_220526_0408_20000000003652971952_000.jpg
3242225685;17027;NA;PSP_EXTRATLEITIMPL_220526_0408_20000000008652985379_000.jpg
3226127789;142;NA;PSP_EXTRATLEITIMPL_220526_0408_20000000007602976451_000.jpg
3230793130;9141;M121;PSP_EXTRATLEITIMPL_220526_0408_20000000014402962801_000.jpg
3222116049;11737;NA;PSP_EXTRATLEITIMPL_220526_0408_20000000004802986760_000.jpg
3242102044;2492;NA;PSP_EXTRATLEITIMPL_220526_0408_20000000018002985734_000.jpg
031725B;409605;NA;PSP_EXTRATLEITIMPL_220526_0408_20000000017652985824_000.jpg
3193217175;191956;NA;PSP_EXTRATLEITIMPL_220526_0408_20000000016252965780_000.jpg
3193258998;30868;NA;PSP_EXTRATLEITIMPL_220526_0408_20000000006352978753_000.jpg
3220236985;53971;T181;PSP_EXTRATLEITIMPL_220526_0408_20000000014702974268_000.jpg
3201633019;91458;NA;PSP_EXTRATLEITIMPL_220526_0408_20000000014002970302_000.jpg
3212331979;140896;NA;PSP_EXTRATLEITIMPL_220526_0408_20000000012502985275_000.jpg
3201719339;191586;NA;PSP_EXTRATLEITIMPL_220526_0408_20000000002652991268_000.jpg
3220232556;22981;T181;PSP_EXTRATLEITIMPL_220526_0408_20000000019202985293_000.jpg
3183645934;40577;NA;PSP_EXTRATLEITIMPL_220526_0408_20000000007602980281_000.jpg
3194029836;59415;T181;PSP_EXTRATLEITIMPL_220526_0408_20000000010202956995_000.jpg
3121050063;9222;T111;PSP_EXTRATLEITIMPL_220526_0408_20000000000302965632_000.jpg
3150793148;122678;NA;PSP_EXTRATLEITIMPL_220526_0408_20000000015852968598_000.jpg
B46076;93371;NA;PSP_EXTRATLEITIMPL_220526_0408_20000000010402963427_000.jpg
B42047;56488;NA;PSP_EXTRATLEITIMPL_220526_0408_20000000014152964570_000.jpg
3190079332;43929;NA;PSP_EXTRATLEITIMPL_220526_0408_20000000015302991603_000.jpg
60831092;98597;NA;PSP_EXTRATLEITIMPL_220526_0408_20000000015702960832_000.jpg
3193158012;22963;NA;PSP_EXTRATLEITIMPL_220526_0408_20000000002852984303_000.jpg
3190007633;36210;NA;PSP_EXTRATLEITIMPL_220526_0408_20000000001102974315_000.jpg
3230287723;3009;NA;PSP_EXTRATLEITIMPL_220526_0408_20000000017502981761_000.jpg
3140059640;12;P111;PSP_EXTRATLEITIMPL_220526_0408_20000000016352954982_000.jpg
3170500619;11666;NA;PSP_EXTRATLEITIMPL_220526_0408_20000000014052962950_000.jpg
3161685452;32986;NA;NA
3200378295;11863;NA;PSP_EXTRATLEITIMPL_220526_0408_20000000002852975652_000.jpg
3220408280;7706;NA;PSP_EXTRATLEITIMPL_220526_0408_20000000003002985275_000.jpg
5257882618/70969360;181;NA;PSP_EXTRATLEITIMPL_220526_0408_20000000018252981250_000.jpg
3230043530;110270;NA;PSP_EXTRATLEITIMPL_220526_0408_20000000015502957916_000.jpg
3201455633;8038;M141;PSP_EXTRATLEITIMPL_220526_0408_20000000011652964938_000.jpg
3220256447;5496;T181;PSP_EXTRATLEITIMPL_220526_0408_00000000000211746115_000.jpg
3244211207;5336;T181;PSP_EXTRATLEITIMPL_220526_0408_20000000000702964377_000.jpg
3230875625;10629;T181;PSP_EXTRATLEITIMPL_220526_0408_20000000015152982432_000.jpg
3132325684;89458;NA;PSP_EXTRATLEITIMPL_220526_0408_20000000011402983431_000.jpg
3241199206;1236;NA;PSP_EXTRATLEITIMPL_220526_0408_20000000006902970782_000.jpg
70281368;78243;NA;NA
70588870;2514;B111;PSP_EXTRATLEITIMPL_220526_0408_20000000005302998050_000.jpg
3140648298;213710;NA;PSP_EXTRATLEITIMPL_220526_0408_20000000004152995061_000.jpg
90741594;10838;L101;PSP_EXTRATLEITIMPL_220526_0408_20000000000952966444_000.jpg
L07193;17037;NA;PSP_EXTRATLEITIMPL_220526_0408_20000000003802983681_000.jpg
3153900212;16567;NA;PSP_EXTRATLEITIMPL_220526_0408_20000000002252981663_000.jpg
3171734583;1059;NA;PSP_EXTRATLEITIMPL_220526_0408_20000000000702959684_000.jpg
3231329934;23514;NA;PSP_EXTRATLEITIMPL_220526_0408_20000000000752975177_000.jpg
W46959;25380;L101;PSP_EXTRATLEITIMPL_220526_0408_20000000010202964889_000.jpg
80166753;20337;NA;PSP_EXTRATLEITIMPL_220526_0408_20000000006752971947_000.jpg
3203781333;16382;T181;PSP_EXTRATLEITIMPL_220526_0408_20000000002102985183_000.jpg
3120714766;884;B111;PSP_EXTRATLEITIMPL_220526_0408_20000000015502974166_000.jpg
3171982226;11808;NA;PSP_EXTRATLEITIMPL_220526_0408_20000000016552959984_000.jpg
3011084049;44986;NA;PSP_EXTRATLEITIMPL_220526_0408_20000000009252956943_000.jpg
3245170865/3212524068/3203812450/3244189600;23621;NA;PSP_EXTRATLEITIMPL_220526_0408_20000000008502942978_000.jpg
3193897591;6563;L101;PSP_EXTRATLEITIMPL_220526_0408_20000000019752971781_000.jpg
3150492482;10278;L101;PSP_EXTRATLEITIMPL_220526_0408_20000000009352972800_000.jpg
61569367;1208;B111;PSP_EXTRATLEITIMPL_220526_0408_20000000012902949966_000.jpg
NU10093;17737;NA;PSP_EXTRATLEITIMPL_220526_0408_20000000012852953897_000.jpg
MD79412;38241;NA;PSP_EXTRATLEITIMPL_220526_0408_20000000016452979609_000.jpg
3213322906;19321;NA;PSP_EXTRATLEITIMPL_220526_0408_20000000011502975540_000.jpg
3224025814;97;L101;PSP_EXTRATLEITIMPL_220526_0408_20000000009952960624_000.jpg
3181857675;645;B111;PSP_EXTRATLEITIMPL_220526_0408_20000000014002953901_000.jpg
60980934;22121;NA;PSP_EXTRATLEITIMPL_220526_0408_20000000001552976874_000.jpg
3214301953;17883;T181;PSP_EXTRATLEITIMPL_220526_0408_20000000014852975012_000.jpg
3131590422;47;P111;PSP_EXTRATLEITIMPL_220526_0408_20000000010152980005_000.jpg
3210136818;12549;NA;PSP_EXTRATLEITIMPL_220526_0408_20000000018252976543_000.jpg
3190050318;1343;L101;PSP_EXTRATLEITIMPL_220526_0408_20000000003552996007_000.jpg
660006907;16925;NA;PSP_EXTRATLEITIMPL_220526_0408_20000000006452978749_000.jpg
5257549986;99999;R111;PSP_EXTRATLEITIMPL_220526_0408_20000000013552974206_000.jpg
3245112962/3212382344;3490;T181;PSP_EXTRATLEITIMPL_220526_0408_20000000012252983016_000.jpg
3132488613;10843;NA;PSP_EXTRATLEITIMPL_220526_0408_20000000010402948946_000.jpg
3233179794;420;NA;PSP_EXTRATLEITIMPL_220526_0408_20000000005552967873_000.jpg
3211150784;254;T181;PSP_EXTRATLEITIMPL_220526_0408_20000000004453008106_000.jpg
3210484212;3639;NA;PSP_EXTRATLEITIMPL_220526_0408_20000000014802975739_000.jpg
X69757;3816;L101;PSP_EXTRATLEITIMPL_220526_0408_20000000013902982166_000.jpg
3182390720;27036;NA;PSP_EXTRATLEITIMPL_220526_0408_20000000004102974644_000.jpg
70365081;13028;L101;PSP_EXTRATLEITIMPL_220526_0408_20000000003152998124_000.jpg
3171377969;161158;NA;PSP_EXTRATLEITIMPL_220526_0408_20000000015452971550_000.jpg
3010221648;3239;NA;PSP_EXTRATLEITIMPL_220526_0408_20000000008502963472_000.jpg
62186810;64912;NA;PSP_EXTRATLEITIMPL_220526_0408_20000000001852997002_000.jpg
3160022344;1725;NA;PSP_EXTRATLEITIMPL_220526_0408_20000000006202967823_000.jpg
3222739640;34581;T181;PSP_EXTRATLEITIMPL_220526_0408_20000000001352970998_000.jpg
3153714630;24745;NA;PSP_EXTRATLEITIMPL_220526_0408_20000000013102970866_000.jpg
3010204738;0;B111;PSP_EXTRATLEITIMPL_220526_0408_20000000000452943942_000.jpg
3171838516;151876;NA;PSP_EXTRATLEITIMPL_220526_0408_20000000018502975668_000.jpg
3010166483;24441;NA;PSP_EXTRATLEITIMPL_220526_0408_20000000011352967042_000.jpg
79559;8227;NA;PSP_EXTRATLEITIMPL_220526_0408_20000000004652969981_000.jpg
3120819673;20;P111;NA
3152372263;32264;NA;PSP_EXTRATLEITIMPL_220526_0408_20000000002752992212_000.jpg
3222374404;2492;NA;PSP_EXTRATLEITIMPL_220526_0408_20000000000302952961_000.jpg
3181343299;4238;T111;PSP_EXTRATLEITIMPL_220526_0408_20000000019752965920_000.jpg
3202957276;19264;NA;PSP_EXTRATLEITIMPL_220526_0408_20000000018502978487_000.jpg
IC04082;31812;NA;PSP_EXTRATLEITIMPL_220526_0408_20000000000252987487_000.jpg
3190323500;1154;P111;PSP_EXTRATLEITIMPL_220526_0408_20000000004302993063_000.jpg
6251958546/3232416490;5120;NA;PSP_EXTRATLEITIMPL_220526_0408_20000000004953011104_000.jpg
60912840;28622;NA;PSP_EXTRATLEITIMPL_220526_0408_20000000001202986056_000.jpg
3190375284;20651;NA;PSP_EXTRATLEITIMPL_220526_0408_20000000003653000007_000.jpg
3142264829;11258;NA;PSP_EXTRATLEITIMPL_220526_0408_20000000008902956895_000.jpg
79923;6786;NA;PSP_EXTRATLEITIMPL_220526_0408_20000000008102974935_000.jpg
30489390;97203;T111;PSP_EXTRATLEITIMPL_220526_0408_20000000007702984472_000.jpg
3202062600;308;NA;PSP_EXTRATLEITIMPL_220526_0408_20000000009252975376_000.jpg
3211933991;126;NA;PSP_EXTRATLEITIMPL_220526_0408_20000000004002972627_000.jpg
Q88263;27437;NA;PSP_EXTRATLEITIMPL_220526_0408_20000000018602996008_000.jpg
3242651064;5899;NA;PSP_EXTRATLEITIMPL_220526_0408_20000000013152981005_000.jpg
3203904753;71056;T181;NA
3212571120;56000;T181;NA
3130329909;171106;NA;PSP_EXTRATLEITIMPL_220526_0408_20000000004202984808_000.jpg
3244307611;5427;T181;PSP_EXTRATLEITIMPL_220526_0408_20000000007002980813_000.jpg
3223304361;9302;T181;NA
80450672;5104;NA;NA
W76734;68153;NA;PSP_EXTRATLEITIMPL_220526_0408_20000000006602993155_000.jpg
40991751;5996;NA;PSP_EXTRATLEITIMPL_220526_0408_20000000010452967500_000.jpg
3230085608;1796;NA;PSP_EXTRATLEITIMPL_220526_0408_20000000006302986412_002.jpg
3204078342;6634;NA;PSP_EXTRATLEITIMPL_220526_0408_20000000016202969402_000.jpg
51387856;11032;L101;PSP_EXTRATLEITIMPL_220526_0408_20000000012702968799_000.jpg
3181509243;13513;T111;NA
3190391433;3181;NA;PSP_EXTRATLEITIMPL_220526_0408_20000000012852980016_000.jpg
NQ34739;9243;NA;NA
3190649708;48;P111;PSP_EXTRATLEITIMPL_220526_0408_20000000002352975650_000.jpg
3160396279;116672;NA;NA
MB11785;187;B111;PSP_EXTRATLEITIMPL_220526_0408_20000000004353004007_000.jpg
50168298;285;B111;PSP_EXTRATLEITIMPL_220526_0408_20000000010552974507_000.jpg
X91506;33725;NA;NA
3233035636;821;NA;NA
3241650790;15361;T181;PSP_EXTRATLEITIMPL_220526_0408_20000000016602993685_000.jpg
3142914831;33624;NA;NA
90113038;95973;NA;PSP_EXTRATLEITIMPL_220526_0408_20000000008952965348_000.jpg
3183128107;12511;NA;PSP_EXTRATLEITIMPL_220526_0408_20000000014702975202_000.jpg
3245273788/3140418357;1102;NA;NA
3142921234;13399;NA;NA
3220226602;1248;NA;NA
3233193150;1816;NA;PSP_EXTRATLEITIMPL_220526_0408_20000000002252980745_000.jpg
3243774275;6875;T181;PSP_EXTRATLEITIMPL_220526_0408_20000000004302976831_000.jpg
83188804;25230;L101;PSP_EXTRATLEITIMPL_220526_0408_20000000002102971846_000.jpg
640219050;28848;NA;PSP_EXTRATLEITIMPL_220526_0408_20000000010152963634_000.jpg
3222477602;62741;T181;PSP_EXTRATLEITIMPL_220526_0408_20000000010752974771_000.jpg
F93384;82093;NA;PSP_EXTRATLEITIMPL_220526_0408_20000000013002951781_000.jpg
3140813019;30967;NA;PSP_EXTRATLEITIMPL_220526_0408_20000000019452978722_000.jpg
5250092280/3192820447;615;NA;PSP_EXTRATLEITIMPL_220526_0408_20000000009302965809_000.jpg
3220261076;34948;T181;PSP_EXTRATLEITIMPL_220526_0408_20000000012952973010_000.jpg
3212507120;306159;NA;PSP_EXTRATLEITIMPL_220526_0408_20000000000652979007_000.jpg
3171774259;444447;NA;PSP_EXTRATLEITIMPL_220526_0408_20000000017403004010_000.jpg
3242342487/3201672413;9405;T181;PSP_EXTRATLEITIMPL_220526_0408_20000000008702992010_000.jpg
3243262630;32555;NA;NA
3193211541;163062;T181;PSP_EXTRATLEITIMPL_220526_0408_20000000007602972646_000.jpg
3192173930;318224;NA;PSP_EXTRATLEITIMPL_220526_0408_20000000003052981700_000.jpg
3010091421;64403;NA;PSP_EXTRATLEITIMPL_220526_0408_20000000003152987694_000.jpg
3225063914;47172;NA;PSP_EXTRATLEITIMPL_220526_0408_00000000000211749086_000.jpg
3171135981;245;P111;PSP_EXTRATLEITIMPL_220526_0408_20000000017902990049_000.jpg
3211120540;52554;T181;PSP_EXTRATLEITIMPL_220526_0408_20000000007202967912_000.jpg
5256564175/5256717729/5256645272/3230038774;369;P111;PSP_EXTRATLEITIMPL_220526_0408_20000000013202981005_000.jpg
3190533084;24570;NA;PSP_EXTRATLEITIMPL_220526_0408_20000000007252994005_000.jpg
3231100848;18386;T181;PSP_EXTRATLEITIMPL_220526_0408_20000000015352988006_000.jpg
3232905394;16763;NA;PSP_EXTRATLEITIMPL_220526_0408_20000000015552971008_000.jpg
3214293179;38821;T181;PSP_EXTRATLEITIMPL_220526_0408_20000000011452981009_000.jpg
3171669218;16041;NA;PSP_EXTRATLEITIMPL_220526_0408_20000000012452958779_000.jpg
3201700301;159324;NA;PSP_EXTRATLEITIMPL_220526_0408_20000000013102986003_000.jpg
3231872360;30635;NA;NA
5256606218/62068264;4160;T181;PSP_EXTRATLEITIMPL_220526_0408_20000000007352973778_000.jpg
3241842303;16686;NA;PSP_EXTRATLEITIMPL_220526_0408_20000000008052976214_000.jpg
3211955839;18602;NA;PSP_EXTRATLEITIMPL_220526_0408_20000000011252967476_000.jpg
3232637551;817;NA;PSP_EXTRATLEITIMPL_220526_0408_20000000004453003365_000.jpg
3220336327;23710;T181;PSP_EXTRATLEITIMPL_220526_0408_20000000017602974425_000.jpg
3181220413;949;L101;PSP_EXTRATLEITIMPL_220526_0408_20000000017352999657_000.jpg
MB49512;13754;NA;PSP_EXTRATLEITIMPL_220526_0408_20000000012552966705_000.jpg
3011115485;26089;L101;PSP_EXTRATLEITIMPL_220526_0408_20000000001852980700_000.jpg
3180491464;312903;NA;PSP_EXTRATLEITIMPL_220526_0408_20000000005352984632_000.jpg
3161378185;23388;L101;PSP_EXTRATLEITIMPL_220526_0408_20000000015402962723_000.jpg
3220353574;22118;T181;PSP_EXTRATLEITIMPL_220526_0408_20000000002252981664_000.jpg
3161672334;23478;NA;PSP_EXTRATLEITIMPL_220526_0408_20000000013652951998_000.jpg
3225063892;31824;NA;PSP_EXTRATLEITIMPL_220526_0408_20000000002652995089_000.jpg
62564318;3172;NA;PSP_EXTRATLEITIMPL_220526_0408_20000000001952996074_000.jpg
5257350802/50764400;70;L101;PSP_EXTRATLEITIMPL_220526_0408_20000000005452972701_000.jpg
3243679051;153;L101;PSP_EXTRATLEITIMPL_220526_0408_20000000014102940919_000.jpg
5257497773/3200767399;1494;NA;PSP_EXTRATLEITIMPL_220526_0408_20000000005053007081_000.jpg
3220672858;5161;L101;PSP_EXTRATLEITIMPL_220526_0408_20000000004552976801_000.jpg
3222078627;10804;NA;PSP_EXTRATLEITIMPL_220526_0408_20000000004702996840_000.jpg
3180160727;51178;NA;PSP_EXTRATLEITIMPL_220526_0408_20000000006352976742_000.jpg
6251459108/6251408619/3191544837;1171;T181;PSP_EXTRATLEITIMPL_220526_0408_20000000004753008025_000.jpg
3201836548;869;L101;PSP_EXTRATLEITIMPL_220526_0408_20000000018302989002_000.jpg
3183098232;4289;NA;PSP_EXTRATLEITIMPL_220526_0408_20000000002302984549_000.jpg
3232905505;36362;NA;PSP_EXTRATLEITIMPL_220526_0408_20000000017152994614_000.jpg
3154253490;8676;NA;PSP_EXTRATLEITIMPL_220526_0408_20000000008102989296_000.jpg
3220261602;23228;T181;PSP_EXTRATLEITIMPL_220526_0408_20000000002552978607_000.jpg
3181031726;106254;T181;NA
6250637509/5255959680/5256226962/5255959680/3140608377;22628;NA;NA
3220336858;19328;T181;PSP_EXTRATLEITIMPL_220526_0408_20000000003752982023_000.jpg
3231001688;15086;T181;PSP_EXTRATLEITIMPL_220526_0408_20000000013352977003_000.jpg
3153371090;16347;NA;PSP_EXTRATLEITIMPL_220526_0408_20000000002752969911_000.jpg
3220336424;15945;NA;PSP_EXTRATLEITIMPL_220526_0408_20000000000352963933_000.jpg
3170135155;9607;NA;PSP_EXTRATLEITIMPL_220526_0408_20000000018952994001_000.jpg
3121407042;1463;NA;PSP_EXTRATLEITIMPL_220526_0408_20000000003402986171_000.jpg
5252367162/91462818;1746;NA;PSP_EXTRATLEITIMPL_220526_0408_20000000005003003056_000.jpg
3225006520;14936;T181;PSP_EXTRATLEITIMPL_220526_0408_20000000017102988298_000.jpg
3242342061;14098;T181;PSP_EXTRATLEITIMPL_220526_0408_20000000013202950997_000.jpg
3213647902;54832;NA;PSP_EXTRATLEITIMPL_220526_0408_20000000000352983423_000.jpg
3203921275;28994;T181;PSP_EXTRATLEITIMPL_220526_0408_20000000017353006367_000.jpg
3010190725;23173;L131;PSP_EXTRATLEITIMPL_220526_0408_20000000008852973665_000.jpg
3200427539;11226;NA;PSP_EXTRATLEITIMPL_220526_0408_20000000007752982521_000.jpg
3244735230/3171449331;9;NA;PSP_EXTRATLEITIMPL_220526_0408_20000000007302965896_000.jpg
6251408430/660121676;1806;NA;PSP_EXTRATLEITIMPL_220526_0408_20000000012502977668_000.jpg
3221554352;49115;P111;PSP_EXTRATLEITIMPL_220526_0408_20000000002752989387_000.jpg
3231001262;21512;NA;PSP_EXTRATLEITIMPL_220526_0408_20000000019652965997_000.jpg
3161599750;19;NA;PSP_EXTRATLEITIMPL_220526_0408_20000000011202961966_000.jpg
3245154045/3130325091;51739;NA;PSP_EXTRATLEITIMPL_220526_0408_20000000010902971783_000.jpg
3211132760;112873;T181;PSP_EXTRATLEITIMPL_220526_0408_20000000016402950889_000.jpg
3154739270;10945;NA;PSP_EXTRATLEITIMPL_220526_0408_20000000003253004106_000.jpg
3132346355;936193;NA;PSP_EXTRATLEITIMPL_220526_0408_20000000011802982449_000.jpg
30214862;20603;L101;PSP_EXTRATLEITIMPL_220526_0408_20000000005352983704_000.jpg
3132278139;332715;M101;NA
3190011053;142861;NA;NA
3190697818;4317;NA;PSP_EXTRATLEITIMPL_220526_0408_20000000006652980762_000.jpg
50771253;54418;NA;PSP_EXTRATLEITIMPL_220526_0408_20000000018302975726_000.jpg
3181404409;39931;NA;PSP_EXTRATLEITIMPL_220526_0408_20000000015952964756_000.jpg
3243900190/5252354788;4498;NA;PSP_EXTRATLEITIMPL_220526_0408_20000000000502960745_000.jpg
3212701121;25714;T181;PSP_EXTRATLEITIMPL_220526_0408_20000000004402975764_000.jpg
3220289795;10186;T181;PSP_EXTRATLEITIMPL_220526_0408_20000000000952960697_000.jpg
3223024016;3764;NA;PSP_EXTRATLEITIMPL_220526_0408_20000000001302980759_000.jpg
91286025;85;P111;PSP_EXTRATLEITIMPL_220526_0408_20000000004102969814_000.jpg
3192208970;122337;T181;PSP_EXTRATLEITIMPL_220526_0408_20000000017352989968_000.jpg
3220903477;9754;T111;PSP_EXTRATLEITIMPL_220526_0408_20000000014802987166_000.jpg
3010160775;1;T111;PSP_EXTRATLEITIMPL_220526_0408_20000000003952978193_000.jpg
MB62578;23106;T111;PSP_EXTRATLEITIMPL_220526_0408_20000000013452984207_000.jpg
61932577;218;P111;PSP_EXTRATLEITIMPL_220526_0408_20000000000752976036_000.jpg
3190582646;87;B111;PSP_EXTRATLEITIMPL_220526_0408_20000000002602968997_000.jpg
3242514040/3242352857;8763;T181;PSP_EXTRATLEITIMPL_220526_0408_20000000000452971066_000.jpg
3225652014;1815;NA;PSP_EXTRATLEITIMPL_220526_0408_20000000015302989591_000.jpg
3203484339;2815;NA;PSP_EXTRATLEITIMPL_220526_0408_20000000016652988592_000.jpg
MC53324;33717;NA;PSP_EXTRATLEITIMPL_220526_0408_20000000009202978554_000.jpg
3190746177;6110;L101;PSP_EXTRATLEITIMPL_220526_0408_20000000014202973008_000.jpg
3233450781;16991;NA;PSP_EXTRATLEITIMPL_220526_0408_20000000017152994617_000.jpg
3212639876;45505;NA;PSP_EXTRATLEITIMPL_220526_0408_20000000012652982027_000.jpg
5255958226/5256976422/5255958226/3230064015;19925;NA;NA
3151738620;10305;NA;PSP_EXTRATLEITIMPL_220526_0408_20000000008402968415_000.jpg
3180477046;124258;NA;PSP_EXTRATLEITIMPL_220526_0408_20000000008202977421_000.jpg
3010252376;48939;NA;PSP_EXTRATLEITIMPL_220526_0408_20000000013852978386_000.jpg
3190011843;21487;NA;PSP_EXTRATLEITIMPL_220526_0408_20000000012152976007_000.jpg
83593512;13827;NA;PSP_EXTRATLEITIMPL_220526_0408_20000000006302987326_000.jpg
G03001;35162;NA;PSP_EXTRATLEITIMPL_220526_0408_20000000012852977200_000.jpg
3011132578;15971;NA;PSP_EXTRATLEITIMPL_220526_0408_20000000002852983305_000.jpg
3213616950;5042;NA;NA
3171957787;10563;NA;PSP_EXTRATLEITIMPL_220526_0408_20000000015352970904_000.jpg
MB11246;50781;NA;PSP_EXTRATLEITIMPL_220526_0408_20000000016252967658_000.jpg
3225775426;32727;NA;PSP_EXTRATLEITIMPL_220526_0408_20000000015552972001_000.jpg
5257909192/MC14676;1804;NA;PSP_EXTRATLEITIMPL_220526_0408_20000000002252993126_000.jpg
6251022206/5256542040/3243962489;6510;NA;PSP_EXTRATLEITIMPL_220526_0408_20000000003902980300_000.jpg
3212584095;12005;T181;PSP_EXTRATLEITIMPL_220526_0408_20000000007652968696_000.jpg
3220321052;16270;T181;PSP_EXTRATLEITIMPL_220526_0408_20000000007402971780_000.jpg
3201970376;2548;L101;PSP_EXTRATLEITIMPL_220526_0408_20000000016952987641_000.jpg
3120758194;23568;NA;PSP_EXTRATLEITIMPL_220526_0408_20000000001152969631_000.jpg
3212591970;38197;T181;PSP_EXTRATLEITIMPL_220526_0408_20000000001102970542_000.jpg
3150686325;12580;L101;PSP_EXTRATLEITIMPL_220526_0408_20000000002752986533_000.jpg
3202076849;12318;NA;PSP_EXTRATLEITIMPL_220526_0408_20000000019102985396_000.jpg
3190887463;7;P111;PSP_EXTRATLEITIMPL_220526_0408_20000000005202996416_000.jpg
ME68268;55394;NA;NA
3214140550;5786;NA;NA
3220004235;2536;NA;NA
3214089920;6843;NA;NA
3214140585;8990;NA;NA
3214140607;4070;NA;NA
3200446967;46570;T181;PSP_EXTRATLEITIMPL_220526_0408_20000000005952966904_000.jpg
3152881605;8182;NA;PSP_EXTRATLEITIMPL_220526_0408_20000000012002954974_000.jpg
3194021550;74150;T181;PSP_EXTRATLEITIMPL_220526_0408_20000000005602956670_000.jpg
3172773795/5257484655/3172773795/3150802406;16285;NA;NA
3223349063;29080;T181;PSP_EXTRATLEITIMPL_220526_0408_20000000015652975007_000.jpg
3191250558;14666;NA;PSP_EXTRATLEITIMPL_220526_0408_20000000012002966747_000.jpg
5256695768/MA78842;1040;NA;PSP_EXTRATLEITIMPL_220526_0408_20000000014402961758_000.jpg
3201930811;843;NA;PSP_EXTRATLEITIMPL_220526_0408_20000000007852968893_000.jpg
3192276364;8144;NA;NA
3192333414;22371;NA;NA
3192276216;26126;NA;NA
3192429209;12714;NA;NA
3212591784;56629;T181;PSP_EXTRATLEITIMPL_220526_0408_20000000018752972830_000.jpg
F90221;13069;P111;PSP_EXTRATLEITIMPL_220526_0408_20000000001202974657_000.jpg
3194019164;39648;T181;PSP_EXTRATLEITIMPL_220526_0408_20000000001502986159_000.jpg
3223412040;10647;T181;PSP_EXTRATLEITIMPL_220526_0408_20000000007402981174_000.jpg
H84428;84671;NA;PSP_EXTRATLEITIMPL_220526_0408_20000000014902957887_000.jpg
6252110273/3212713480;21998;P111;PSP_EXTRATLEITIMPL_220526_0408_20000000008152971676_000.jpg
3180491294;290064;NA;PSP_EXTRATLEITIMPL_220526_0408_20000000018052973384_000.jpg
3214096314;3812;NA;NA
5255956010/3245129610/5255956010/3245106610/3221860720;28237;NA;NA
6250636529/3150134330;11983;NA;PSP_EXTRATLEITIMPL_220526_0408_20000000006952976746_000.jpg
3121584262;75593;NA;PSP_EXTRATLEITIMPL_220526_0408_20000000003152984825_000.jpg
3202381684;10548;NA;NA
3214096926;7960;NA;NA
70469464;18010;NA;NA
3192391171;0;NA;NA
3194018834;135359;T181;PSP_EXTRATLEITIMPL_220526_0408_20000000000852965682_000.jpg
3150865122;13796;NA;PSP_EXTRATLEITIMPL_220526_0408_20000000011802984439_000.jpg
3220323810;18547;T181;PSP_EXTRATLEITIMPL_220526_0408_20000000017952985028_000.jpg
40602771;7;T181;PSP_EXTRATLEITIMPL_220526_0408_20000000014252944978_000.jpg
5255957750/5256975523/5255957750/5256225745/3201664186;45474;NA;NA
6252011372/3220033685;17355;NA;NA
3203929896;22701;T181;PSP_EXTRATLEITIMPL_220526_0408_20000000015402956905_000.jpg
3200457896;26991;T181;PSP_EXTRATLEITIMPL_220526_0408_20000000002252972958_000.jpg
3202309819;2462;NA;PSP_EXTRATLEITIMPL_220526_0408_20000000001352970999_000.jpg
5257091351/80760655;1938;L101;PSP_EXTRATLEITIMPL_220526_0408_20000000008952946932_000.jpg
3161485658;61422;NA;PSP_EXTRATLEITIMPL_220526_0408_20000000014602978694_000.jpg
3191252496;6150;L101;PSP_EXTRATLEITIMPL_220526_0408_20000000017402989698_000.jpg
3180549217;15949;NA;NA
N23931;54565;L101;PSP_EXTRATLEITIMPL_220526_0408_20000000015052956816_000.jpg
60623783;17485;L101;PSP_EXTRATLEITIMPL_220526_0408_20000000010202969793_000.jpg
3212877190;7923;L101;PSP_EXTRATLEITIMPL_220526_0408_20000000014652968765_000.jpg
3200568000;41937;NA;PSP_EXTRATLEITIMPL_220526_0408_20000000002952976814_000.jpg
3154108733;234746;R111;PSP_EXTRATLEITIMPL_220526_0408_20000000019702967765_000.jpg
3200487329;19068;NA;PSP_EXTRATLEITIMPL_220526_0408_20000000011202970766_000.jpg
3151165990;39018;NA;PSP_EXTRATLEITIMPL_220526_0408_20000000006902971772_000.jpg
3226222293;2057;L101;PSP_EXTRATLEITIMPL_220526_0408_20000000015402960783_000.jpg
70371170;30820;NA;PSP_EXTRATLEITIMPL_220526_0408_20000000008352994007_000.jpg
3202418596;3766;L101;PSP_EXTRATLEITIMPL_220526_0408_20000000014552952963_000.jpg
3182216894;6670;NA;PSP_EXTRATLEITIMPL_220526_0408_20000000013152951952_000.jpg
3242378430;7306;T181;PSP_EXTRATLEITIMPL_220526_0408_20000000003402980643_000.jpg
82927867;7;P111;PSP_EXTRATLEITIMPL_220526_0408_20000000010952968511_000.jpg
3230103355;136;P111;PSP_EXTRATLEITIMPL_220526_0408_20000000000152970539_000.jpg
3153536057;19226;NA;PSP_EXTRATLEITIMPL_220526_0408_20000000019202979621_000.jpg
3220911445;6236;L101;PSP_EXTRATLEITIMPL_220526_0408_20000000001552991178_000.jpg
3172729770;8072;L101;PSP_EXTRATLEITIMPL_220526_0408_20000000010102975162_000.jpg
3204978696;784;NA;NA
40142240;27646;NA;PSP_EXTRATLEITIMPL_220526_0408_20000000006852974923_000.jpg
3203918630;55606;T181;PSP_EXTRATLEITIMPL_220526_0408_20000000005253012044_000.jpg
3244082652;10;T181;PSP_EXTRATLEITIMPL_220526_0408_20000000014852959885_000.jpg
3192876361;12661;NA;PSP_EXTRATLEITIMPL_220526_0408_20000000009152963936_000.jpg
3220257630;7318;T181;PSP_EXTRATLEITIMPL_220526_0408_20000000016552957941_000.jpg
3171920816;24895;NA;PSP_EXTRATLEITIMPL_220526_0408_20000000000552965521_000.jpg
3220282723;49064;T181;PSP_EXTRATLEITIMPL_220526_0408_20000000011152972580_000.jpg
3172478653;2;P111;PSP_EXTRATLEITIMPL_220526_0408_20000000008852974573_000.jpg
3241518824;43112;NA;PSP_EXTRATLEITIMPL_220526_0408_20000000001352977900_000.jpg
3150593092;41721;L101;PSP_EXTRATLEITIMPL_220526_0408_20000000003302990568_000.jpg
3241857459;1353;NA;PSP_EXTRATLEITIMPL_220526_0408_20000000008102983704_000.jpg
3183242198;21529;NA;PSP_EXTRATLEITIMPL_220526_0408_20000000014202967309_000.jpg
3183242163;71217;NA;PSP_EXTRATLEITIMPL_220526_0408_20000000019902994279_000.jpg
5257344136/640036494;13252;NA;PSP_EXTRATLEITIMPL_220526_0408_20000000017353011090_000.jpg
3131341627;53951;NA;PSP_EXTRATLEITIMPL_220526_0408_20000000014952955873_000.jpg
3203000838;5163;NA;PSP_EXTRATLEITIMPL_220526_0408_20000000002003002069_000.jpg
3150669110;56376;L101;PSP_EXTRATLEITIMPL_220526_0408_20000000000602975030_000.jpg
3212692033;19990;T181;PSP_EXTRATLEITIMPL_220526_0408_20000000014202946993_000.jpg
3241072354;11484;T181;PSP_EXTRATLEITIMPL_220526_0408_20000000018452961977_000.jpg
62422947;95973;NA;PSP_EXTRATLEITIMPL_220526_0408_20000000018602970971_000.jpg
3214297735;59601;T181;PSP_EXTRATLEITIMPL_220526_0408_20000000016152968588_000.jpg
3222531135;17980;NA;PSP_EXTRATLEITIMPL_220526_0408_20000000005152998600_000.jpg
3220733547;16127;T181;PSP_EXTRATLEITIMPL_220526_0408_20000000009502973625_000.jpg
3225105099;17333;T181;PSP_EXTRATLEITIMPL_220526_0408_20000000018302978620_000.jpg
3231039740;8306;T181;PSP_EXTRATLEITIMPL_220526_0408_20000000001502991001_000.jpg
3154777244;31357;NA;PSP_EXTRATLEITIMPL_220526_0408_20000000009252954965_000.jpg
3223312240;10253;T181;PSP_EXTRATLEITIMPL_220526_0408_20000000002602979799_000.jpg
3211133910;82775;T181;PSP_EXTRATLEITIMPL_220526_0408_20000000016102955639_000.jpg
3242505793/3244323978/3241758418;26088;T181;PSP_EXTRATLEITIMPL_220526_0408_20000000008402952896_000.jpg
3231118151;206443;T181;PSP_EXTRATLEITIMPL_220526_0408_20000000016302954973_000.jpg
3213982906;2975;NA;PSP_EXTRATLEITIMPL_220526_0408_20000000015952954936_000.jpg
3230082668;68756;NA;PSP_EXTRATLEITIMPL_220526_0408_20000000006152971878_000.jpg
3180674941;44070;NA;PSP_EXTRATLEITIMPL_220526_0408_20000000007452981290_001.jpg
3244318761;6939;T181;PSP_EXTRATLEITIMPL_220526_0408_20000000002302984555_000.jpg
3232510616;2469;NA;PSP_EXTRATLEITIMPL_220526_0408_20000000010552972609_000.jpg
3212723893;29589;T181;PSP_EXTRATLEITIMPL_220526_0408_20000000007902982168_000.jpg
3222409488;16799;NA;NA
3241555797;10912;T181;PSP_EXTRATLEITIMPL_220526_0408_20000000004802988708_000.jpg
3212533199;32413;T181;NA
3193254127;64484;NA;PSP_EXTRATLEITIMPL_220526_0408_20000000007352977734_000.jpg
3212711577;27163;T181;PSP_EXTRATLEITIMPL_220526_0408_20000000018802970648_000.jpg
3211720661;3365;NA;PSP_EXTRATLEITIMPL_220526_0408_20000000011702973188_000.jpg
3203786947;14898;T181;PSP_EXTRATLEITIMPL_220526_0408_20000000010852972183_000.jpg
3153253268;9714;NA;PSP_EXTRATLEITIMPL_220526_0408_20000000016952992255_000.jpg
3213513035;27207;NA;PSP_EXTRATLEITIMPL_220526_0408_20000000018052976270_000.jpg
W70223;36111;NA;PSP_EXTRATLEITIMPL_220526_0408_20000000002453000008_000.jpg
3221353209;9456;NA;PSP_EXTRATLEITIMPL_220526_0408_20000000005203005008_000.jpg
5256530815/3203773004;8342;T181;NA
3190366196;44730;T181;PSP_EXTRATLEITIMPL_220526_0408_20000000006252998009_000.jpg
Q50783;35217;NA;PSP_EXTRATLEITIMPL_220526_0408_20000000002952997011_000.jpg
3244404544;5734;NA;PSP_EXTRATLEITIMPL_220526_0408_20000000008852984009_000.jpg
3203766814;8732;T181;PSP_EXTRATLEITIMPL_220526_0408_20000000015752964699_000.jpg
3242382969;8915;T181;PSP_EXTRATLEITIMPL_220526_0408_20000000007402973680_000.jpg
3230008190;16499;T181;PSP_EXTRATLEITIMPL_220526_0408_20000000011002972734_000.jpg
3230699622;8959;NA;NA
6251365537/3202913252;306;NA;NA
MB21955;7478;P111;PSP_EXTRATLEITIMPL_220526_0408_20000000012552975290_000.jpg
3203446666;87;P111;PSP_EXTRATLEITIMPL_220526_0408_20000000008402970161_000.jpg
61131221;26025;NA;PSP_EXTRATLEITIMPL_220526_0408_20000000019752983228_000.jpg
L41170;45880;NA;PSP_EXTRATLEITIMPL_220526_0408_20000000016052983228_000.jpg
3161438080;519828;NA;PSP_EXTRATLEITIMPL_220526_0408_20000000011552978275_001.jpg
3222996928;2176;NA;NA
3223468216;1355;NA;PSP_EXTRATLEITIMPL_220526_0408_20000000006902979375_000.jpg
40791183;56180;NA;PSP_EXTRATLEITIMPL_220526_0408_20000000019302986394_000.jpg
3220289990;157942;T181;PSP_EXTRATLEITIMPL_220526_0408_20000000007202987377_000.jpg
3213100040;6521;NA;PSP_EXTRATLEITIMPL_220526_0408_20000000004302987406_000.jpg
3171046032;11405;NA;PSP_EXTRATLEITIMPL_220526_0408_20000000013402989420_000.jpg
670012115;42783;NA;PSP_EXTRATLEITIMPL_220526_0408_20000000011902971419_000.jpg
3241556947;11002;T181;PSP_EXTRATLEITIMPL_220526_0408_20000000003352971385_000.jpg
3211154143;31156;T181;PSP_EXTRATLEITIMPL_220526_0408_20000000015952966571_000.jpg
3224519019;5538;NA;PSP_EXTRATLEITIMPL_220526_0408_20000000000652967694_000.jpg
5257234780/3202590240;3614;T181;PSP_EXTRATLEITIMPL_220526_0408_20000000008652981703_000.jpg
3223353010;17345;T181;PSP_EXTRATLEITIMPL_220526_0408_20000000006052974673_000.jpg
3230656559;3337;NA;PSP_EXTRATLEITIMPL_220526_0408_20000000012202953946_000.jpg
3170108980;9682;L101;PSP_EXTRATLEITIMPL_220526_0408_20000000005802971808_000.jpg
3214292083;86056;T181;PSP_EXTRATLEITIMPL_220526_0408_20000000017652984806_000.jpg
3223344509;11281;T181;PSP_EXTRATLEITIMPL_220526_0408_20000000012502986213_000.jpg
3213042628;4094;NA;PSP_EXTRATLEITIMPL_220526_0408_20000000015102983252_000.jpg
3201927837;6467;NA;PSP_EXTRATLEITIMPL_220526_0408_20000000001802991851_000.jpg
3212781877;7942;NA;PSP_EXTRATLEITIMPL_220526_0408_20000000005702975781_000.jpg
3210276407;17540;L101;PSP_EXTRATLEITIMPL_220526_0408_20000000015202971777_000.jpg
3193750132;28519;NA;PSP_EXTRATLEITIMPL_220526_0408_20000000008202961976_000.jpg
3194030494;116341;T181;PSP_EXTRATLEITIMPL_220526_0408_20000000018602973940_000.jpg
T64569;42098;NA;PSP_EXTRATLEITIMPL_220526_0408_20000000007902984020_000.jpg
3172186679;3873;NA;PSP_EXTRATLEITIMPL_220526_0408_20000000009402970011_000.jpg
3204781868;6306;NA;PSP_EXTRATLEITIMPL_220526_0408_20000000003203000056_000.jpg
3241533777;1253;T181;PSP_EXTRATLEITIMPL_220526_0408_20000000010602971404_000.jpg
3222741156;16489;T181;PSP_EXTRATLEITIMPL_220526_0408_20000000018452983435_000.jpg
3245094212/3161720398;5915;T181;PSP_EXTRATLEITIMPL_220526_0408_20000000015552964438_000.jpg
5256724318/70263386;4890;T181;PSP_EXTRATLEITIMPL_220526_0408_20000000005652979405_000.jpg
3220344389;29979;T181;PSP_EXTRATLEITIMPL_220526_0408_20000000013652974539_000.jpg
3230949483;74;T181;PSP_EXTRATLEITIMPL_220526_0408_20000000000302966643_000.jpg
3230023670;10023;T181;PSP_EXTRATLEITIMPL_220526_0408_20000000015752948968_000.jpg
6251041642/3181702388;2526;NA;NA
3009007518;17536;NA;PSP_EXTRATLEITIMPL_220526_0408_20000000012452973006_000.jpg
3244969932;2203;NA;PSP_EXTRATLEITIMPL_220526_0408_20000000008752978012_000.jpg
5257218963/3224897242;2403;T181;PSP_EXTRATLEITIMPL_220526_0408_20000000018052981007_000.jpg
3009004668;20515;L101;PSP_EXTRATLEITIMPL_220526_0408_20000000001402996006_000.jpg
3230977738;13573;T181;PSP_EXTRATLEITIMPL_220526_0408_20000000010052992009_000.jpg
3220312525;19324;T181;PSP_EXTRATLEITIMPL_220526_0408_20000000004502976700_000.jpg
3200090704;23497;NA;PSP_EXTRATLEITIMPL_220526_0408_20000000000602962701_000.jpg
3242589679;12038;T181;PSP_EXTRATLEITIMPL_220526_0408_20000000009052963673_000.jpg
3241101737;11912;NA;PSP_EXTRATLEITIMPL_220526_0408_20000000009602975703_000.jpg
T36565;59330;NA;PSP_EXTRATLEITIMPL_220526_0408_20000000007502969784_000.jpg
3203930940;26038;T181;PSP_EXTRATLEITIMPL_220526_0408_20000000001552979786_000.jpg
3223352854;16948;T181;PSP_EXTRATLEITIMPL_220526_0408_20000000002152966803_000.jpg
3211153058;23040;T181;PSP_EXTRATLEITIMPL_220526_0408_20000000003802979788_000.jpg
3222478455;17928;T181;PSP_EXTRATLEITIMPL_220526_0408_00000000000211742170_000.jpg
41186992;36442;NA;PSP_EXTRATLEITIMPL_220526_0408_20000000010902962957_000.jpg
3212563659;22563;T181;PSP_EXTRATLEITIMPL_220526_0408_20000000001352998015_000.jpg
3170146599;12757;NA;PSP_EXTRATLEITIMPL_220526_0408_20000000008452976023_000.jpg
3225415330;4368;NA;PSP_EXTRATLEITIMPL_220526_0408_20000000000402971863_000.jpg
3242667980;15542;T161;PSP_EXTRATLEITIMPL_220526_0408_20000000012452964538_001.jpg
3231107524;145205;T181;PSP_EXTRATLEITIMPL_220526_0408_20000000015502967493_000.jpg
640120142;17008;NA;PSP_EXTRATLEITIMPL_220526_0408_20000000005852980466_000.jpg
3244244156;9023;T181;PSP_EXTRATLEITIMPL_220526_0408_20000000001152969637_000.jpg
3230002338;20223;T181;PSP_EXTRATLEITIMPL_220526_0408_20000000004102975551_000.jpg
3244258130/3233218587;4840;T181;PSP_EXTRATLEITIMPL_220526_0408_20000000016652988598_000.jpg
40967230;20976;NA;PSP_EXTRATLEITIMPL_220526_0408_20000000007752979657_000.jpg
40818979;4139;NA;PSP_EXTRATLEITIMPL_220526_0408_20000000019602972791_000.jpg
L11836;10626;T111;PSP_EXTRATLEITIMPL_220526_0408_20000000002302975924_000.jpg
3244061779/W43676;551;NA;PSP_EXTRATLEITIMPL_220526_0408_20000000004902974898_000.jpg
50492710;17622;NA;PSP_EXTRATLEITIMPL_220526_0408_20000000010052986434_000.jpg
3221547313;7750;NA;PSP_EXTRATLEITIMPL_220526_0408_20000000012602979403_000.jpg
3230990220;5111;T181;PSP_EXTRATLEITIMPL_220526_0408_20000000012302983395_000.jpg
MC87713;46112;NA;PSP_EXTRATLEITIMPL_220526_0408_20000000010552975426_000.jpg
3225012112;6873;T181;PSP_EXTRATLEITIMPL_220526_0408_20000000019302984612_000.jpg
3010101727;12674;NA;PSP_EXTRATLEITIMPL_220526_0408_20000000006652994037_000.jpg
N50066;60422;NA;PSP_EXTRATLEITIMPL_220526_0408_20000000016752983598_000.jpg
3244521664/MC09719;1454;NA;PSP_EXTRATLEITIMPL_220526_0408_20000000008952949919_000.jpg
3233314713;4856;NA;PSP_EXTRATLEITIMPL_220526_0408_20000000000502954868_000.jpg
50867722;25873;NA;PSP_EXTRATLEITIMPL_220526_0408_20000000011302977225_000.jpg
T16927;31417;NA;PSP_EXTRATLEITIMPL_220526_0408_20000000010302984173_000.jpg
3241630055;33368;T181;PSP_EXTRATLEITIMPL_220526_0408_20000000013752980029_000.jpg
3201749572;8267;NA;PSP_EXTRATLEITIMPL_220526_0408_20000000019903001032_000.jpg
50865568;17736;NA;PSP_EXTRATLEITIMPL_220526_0408_20000000014602966958_000.jpg
3220344079;22712;T181;PSP_EXTRATLEITIMPL_220526_0408_20000000012702982025_000.jpg
3202915794;35175;NA;PSP_EXTRATLEITIMPL_220526_0408_20000000007352962992_000.jpg
3220371920;25106;T181;PSP_EXTRATLEITIMPL_220526_0408_20000000006402981037_000.jpg
3225418747;285;NA;PSP_EXTRATLEITIMPL_220526_0408_20000000002702982615_000.jpg
MD85351;44682;NA;PSP_EXTRATLEITIMPL_220526_0408_20000000019952984646_000.jpg
30740483;68984;NA;PSP_EXTRATLEITIMPL_220526_0408_20000000017302980975_000.jpg
3220270229;87266;T181;PSP_EXTRATLEITIMPL_220526_0408_20000000010652945980_000.jpg
3171368625;562666;NA;PSP_EXTRATLEITIMPL_220526_0408_20000000006602995045_000.jpg
30143493;82724;NA;PSP_EXTRATLEITIMPL_220526_0408_20000000012752975016_000.jpg
91620570;1022;NA;PSP_EXTRATLEITIMPL_220526_0408_20000000013552960852_000.jpg
3181705867;489168;NA;PSP_EXTRATLEITIMPL_220526_0408_20000000013752978083_000.jpg
127295B;25259;T111;PSP_EXTRATLEITIMPL_220526_0408_20000000000902964928_000.jpg
3181686986;211437;T181;PSP_EXTRATLEITIMPL_220526_0408_20000000001402993067_000.jpg
3243781050/W78556;5912;T181;PSP_EXTRATLEITIMPL_220526_0408_20000000005902988055_000.jpg
3194016610;26897;T181;PSP_EXTRATLEITIMPL_220526_0408_20000000011902961762_000.jpg
3211118236;24229;T181;PSP_EXTRATLEITIMPL_220526_0408_20000000005802960991_000.jpg
6251217538/62177233;458;NA;PSP_EXTRATLEITIMPL_220526_0408_20000000017353002634_000.jpg
3242540483;10283;T181;PSP_EXTRATLEITIMPL_220526_0408_20000000000502962625_000.jpg
3242588419;12210;T181;PSP_EXTRATLEITIMPL_220526_0408_20000000001702971627_000.jpg
60322236;21459;NA;PSP_EXTRATLEITIMPL_220526_0408_20000000003802981673_000.jpg
3225883601;10117;NA;PSP_EXTRATLEITIMPL_220526_0408_20000000005253002639_000.jpg
3225823900;1694;L101;PSP_EXTRATLEITIMPL_220526_0408_20000000008202961977_000.jpg
40285156;967;B111;PSP_EXTRATLEITIMPL_220526_0408_20000000013702962877_000.jpg
3231025137;14406;T181;PSP_EXTRATLEITIMPL_220526_0408_20000000010552962908_000.jpg
X63867;1497;B111;PSP_EXTRATLEITIMPL_220526_0408_20000000001202972798_000.jpg
3172587703;4537;NA;PSP_EXTRATLEITIMPL_220526_0408_20000000016552967772_000.jpg
3194030850;174468;T181;PSP_EXTRATLEITIMPL_220526_0408_20000000000352986172_000.jpg
3205294553;595;NA;PSP_EXTRATLEITIMPL_220526_0408_20000000002702989180_000.jpg
50577007;36404;NA;PSP_EXTRATLEITIMPL_220526_0408_20000000000552972210_000.jpg
3121449233;24703;NA;PSP_EXTRATLEITIMPL_220526_0408_20000000002852970938_000.jpg
3205293069;3646;NA;PSP_EXTRATLEITIMPL_220526_0408_20000000012802972644_000.jpg
62148446;141;B111;PSP_EXTRATLEITIMPL_220526_0408_20000000000352972873_000.jpg
3200312910;9376;NA;PSP_EXTRATLEITIMPL_220526_0408_20000000001202985097_000.jpg
3204833086;21680;NA;PSP_EXTRATLEITIMPL_220526_0408_20000000010652945982_000.jpg
40360468;19386;NA;PSP_EXTRATLEITIMPL_220526_0408_20000000000352972869_000.jpg
3201683873;72455;NA;PSP_EXTRATLEITIMPL_220526_0408_20000000009202969920_000.jpg
3141401512;8716;NA;PSP_EXTRATLEITIMPL_220526_0408_20000000008752960877_000.jpg
80455895;891;NA;PSP_EXTRATLEITIMPL_220526_0408_20000000012252968720_000.jpg
80455887;4520;NA;PSP_EXTRATLEITIMPL_220526_0408_20000000003352961786_000.jpg
3180474055;3456;NA;PSP_EXTRATLEITIMPL_220526_0408_20000000000152969511_000.jpg
3191986694;45250;NA;PSP_EXTRATLEITIMPL_220526_0408_20000000019052978491_000.jpg
3011199200;69681;NA;PSP_EXTRATLEITIMPL_220526_0408_20000000013902976459_000.jpg
3180668232;225298;NA;PSP_EXTRATLEITIMPL_220526_0408_20000000002152971513_000.jpg
61960B;114546;NA;PSP_EXTRATLEITIMPL_220526_0408_20000000014152964574_000.jpg
3132407818;52674;NA;PSP_EXTRATLEITIMPL_220526_0408_20000000001602987544_000.jpg
3202831760;23178;NA;PSP_EXTRATLEITIMPL_220526_0408_20000000004402968961_000.jpg
3192210061;60421;T181;PSP_EXTRATLEITIMPL_220526_0408_20000000002352975657_000.jpg
3180475035;505250;NA;PSP_EXTRATLEITIMPL_220526_0408_20000000018202976682_000.jpg
127179B;64012;NA;PSP_EXTRATLEITIMPL_220526_0408_20000000006952979679_000.jpg
30186389;77298;NA;PSP_EXTRATLEITIMPL_220526_0408_20000000001602983685_000.jpg
3225171750;66719;NA;PSP_EXTRATLEITIMPL_220526_0408_20000000011702977009_000.jpg
3192170833;114182;NA;PSP_EXTRATLEITIMPL_220526_0408_20000000015252987400_000.jpg
3180020836;169935;NA;PSP_EXTRATLEITIMPL_220526_0408_20000000004252999400_000.jpg
3220478466;30061;NA;PSP_EXTRATLEITIMPL_220526_0408_20000000000302968401_000.jpg
3214300221;403713;NA;NA
71617459;751871;NA;PSP_EXTRATLEITIMPL_220526_0408_20000000013802974423_000.jpg
81142343;72323;NA;PSP_EXTRATLEITIMPL_220526_0408_20000000009952964439_000.jpg
81143064;49268;NA;PSP_EXTRATLEITIMPL_220526_0408_20000000004552985419_000.jpg
3202803538;4710;L101;NA
3172762793;129917;NA;PSP_EXTRATLEITIMPL_220526_0408_20000000012702952955_000.jpg
3221845560;30278;NA;PSP_EXTRATLEITIMPL_220526_0408_20000000013202979089_000.jpg
3225040477;140599;NA;NA
3222733200;82995;T181;PSP_EXTRATLEITIMPL_220526_0408_20000000013202964755_000.jpg
3203597702;29480;NA;PSP_EXTRATLEITIMPL_220526_0408_20000000008952943978_000.jpg
3130239446;8345;NA;PSP_EXTRATLEITIMPL_220526_0408_20000000008652968941_000.jpg
61207805;95981;NA;PSP_EXTRATLEITIMPL_220526_0408_20000000006852995460_000.jpg
6251149214/3193482901;7142;NA;PSP_EXTRATLEITIMPL_220526_0408_20000000019502974645_000.jpg
3210094120;6907;NA;NA
3170944177;50843;NA;PSP_EXTRATLEITIMPL_220526_0408_20000000001002965477_000.jpg
3223357163;19730;T181;PSP_EXTRATLEITIMPL_220526_0408_20000000019002975549_000.jpg
3222611180;26192;NA;PSP_EXTRATLEITIMPL_220526_0408_20000000016152967593_000.jpg
3232958625;101121;NA;PSP_EXTRATLEITIMPL_220526_0408_20000000018852989017_000.jpg
3232956517;19787;NA;PSP_EXTRATLEITIMPL_220526_0408_20000000018152964916_000.jpg
3120387579;21749;NA;PSP_EXTRATLEITIMPL_220526_0408_20000000003802974935_000.jpg
3201065797;61275;NA;PSP_EXTRATLEITIMPL_220526_0408_20000000017202963995_000.jpg
3193270300;22454;NA;PSP_EXTRATLEITIMPL_220526_0408_20000000000202947913_000.jpg
3201729504;38717;NA;PSP_EXTRATLEITIMPL_220526_0408_20000000015002973041_000.jpg
3011200531;97749;NA;PSP_EXTRATLEITIMPL_220526_0408_20000000010952959829_000.jpg
3140678464;78091;NA;PSP_EXTRATLEITIMPL_220526_0408_20000000004802979956_000.jpg
3154864082;81500;NA;PSP_EXTRATLEITIMPL_220526_0408_20000000011302952982_000.jpg
3223276201;27344;NA;PSP_EXTRATLEITIMPL_220526_0408_20000000001602999036_000.jpg
3182343012;21012;NA;PSP_EXTRATLEITIMPL_220526_0408_20000000011202960908_000.jpg
3193755932;19559;NA;PSP_EXTRATLEITIMPL_220526_0408_20000000011202960909_000.jpg
3180661157;504171;NA;PSP_EXTRATLEITIMPL_220526_0408_20000000000802968543_000.jpg
3170255827;160713;NA;PSP_EXTRATLEITIMPL_220526_0408_20000000004902982656_000.jpg
3153685850;68499;NA;PSP_EXTRATLEITIMPL_220526_0408_20000000008152974455_000.jpg
3192944430;33097;NA;PSP_EXTRATLEITIMPL_220526_0408_20000000018752978514_000.jpg
3132300770;208073;NA;PSP_EXTRATLEITIMPL_220526_0408_20000000000052984403_000.jpg
3225462509;18748;NA;PSP_EXTRATLEITIMPL_220526_0408_20000000004603012410_000.jpg
3221989480;8246;NA;PSP_EXTRATLEITIMPL_220526_0408_20000000010552976460_000.jpg
3242487604/3191021362;2712;NA;PSP_EXTRATLEITIMPL_220526_0408_20000000016102949849_000.jpg
3182457000;42606;NA;PSP_EXTRATLEITIMPL_220526_0408_20000000010652946915_000.jpg
3182456917;29000;NA;PSP_EXTRATLEITIMPL_220526_0408_20000000004402962961_000.jpg
120846B;34405;NA;PSP_EXTRATLEITIMPL_220526_0408_20000000017952986007_000.jpg
3242687522;9215;NA;PSP_EXTRATLEITIMPL_220526_0408_20000000008602989004_000.jpg
3201508540;57178;NA;PSP_EXTRATLEITIMPL_220526_0408_20000000017952986008_000.jpg
B110051;54652;NA;PSP_EXTRATLEITIMPL_220526_0408_20000000018452989009_000.jpg
41338261;84825;NA;PSP_EXTRATLEITIMPL_220526_0408_00000000000211764229_000.jpg
30179072;17636;NA;PSP_EXTRATLEITIMPL_220526_0408_20000000006853003006_000.jpg
3172763480;66600;NA;PSP_EXTRATLEITIMPL_220526_0408_20000000006902984004_001.jpg
3200236687;26368;NA;PSP_EXTRATLEITIMPL_220526_0408_20000000004302968977_000.jpg
079801B;53336;NA;PSP_EXTRATLEITIMPL_220526_0408_20000000019852965929_000.jpg
3161447730;207766;NA;PSP_EXTRATLEITIMPL_220526_0408_20000000013002941939_000.jpg
3191247549;36083;NA;PSP_EXTRATLEITIMPL_220526_0408_20000000017803000010_000.jpg
3170779990;28296;NA;PSP_EXTRATLEITIMPL_220526_0408_20000000017403004013_000.jpg
50553825;21367;NA;PSP_EXTRATLEITIMPL_220526_0408_20000000017303007009_000.jpg
3191051725;79330;NA;PSP_EXTRATLEITIMPL_220526_0408_20000000013852984013_000.jpg
E26521;20291;NA;PSP_EXTRATLEITIMPL_220526_0408_20000000015202988008_000.jpg
E26522;85360;NA;PSP_EXTRATLEITIMPL_220526_0408_20000000008002977012_000.jpg
M68628;596047;NA;PSP_EXTRATLEITIMPL_220526_0408_20000000018852990007_000.jpg
M05191;89342;NA;PSP_EXTRATLEITIMPL_220526_0408_20000000006952991007_000.jpg
M34941;21950;NA;PSP_EXTRATLEITIMPL_220526_0408_20000000001052983014_000.jpg
50553850;86051;NA;PSP_EXTRATLEITIMPL_220526_0408_20000000014552982015_000.jpg
50552721;55735;NA;PSP_EXTRATLEITIMPL_220526_0408_20000000014152975007_000.jpg
3132244439;74841;NA;PSP_EXTRATLEITIMPL_220526_0408_20000000012502992008_000.jpg
3241181706;20989;NA;PSP_EXTRATLEITIMPL_220526_0408_20000000002453000011_000.jpg
3233465894;13904;NA;PSP_EXTRATLEITIMPL_220526_0408_20000000011502983011_000.jpg
50554490;20343;NA;PSP_EXTRATLEITIMPL_220526_0408_20000000015702976012_000.jpg
3141800379;9493;NA;PSP_EXTRATLEITIMPL_220526_0408_20000000017053001001_000.jpg
3204802717;23586;NA;PSP_EXTRATLEITIMPL_220526_0408_20000000015652975009_000.jpg
6251947714/3213884971;296;NA;PSP_EXTRATLEITIMPL_220526_0408_20000000014652964901_000.jpg
3211679688;10779;NA;PSP_EXTRATLEITIMPL_220526_0408_20000000005402974957_000.jpg
B99915;15912;NA;PSP_EXTRATLEITIMPL_220526_0408_20000000010502957977_000.jpg
3182080003;1312;NA;PSP_EXTRATLEITIMPL_220526_0408_20000000002952969982_000.jpg
3205641628;33564;NA;PSP_EXTRATLEITIMPL_220526_0408_20000000000852957888_000.jpg
6251140691;418;NA;PSP_EXTRATLEITIMPL_220526_0408_20000000019952976826_000.jpg
3193948757;33966;NA;PSP_EXTRATLEITIMPL_220526_0408_20000000012552956926_000.jpg
50818829;42300;NA;PSP_EXTRATLEITIMPL_220526_0408_20000000016002947889_000.jpg
D87191;286830;NA;PSP_EXTRATLEITIMPL_220526_0408_20000000015352971870_000.jpg
5256747261/83190604;3146;NA;PSP_EXTRATLEITIMPL_220526_0408_20000000015802945873_000.jpg
3190402150;47870;NA;PSP_EXTRATLEITIMPL_220526_0408_20000000008502953917_000.jpg
3150806533;84491;NA;PSP_EXTRATLEITIMPL_220526_0408_20000000011902959912_000.jpg
670018075;95952;NA;PSP_EXTRATLEITIMPL_220526_0408_20000000004753011002_000.jpg
3010215233;3626;NA;PSP_EXTRATLEITIMPL_220526_0408_20000000004002978390_000.jpg
3223274853;26173;NA;PSP_EXTRATLEITIMPL_220526_0408_20000000001002969392_000.jpg
3211554028;195123;NA;PSP_EXTRATLEITIMPL_220526_0408_20000000018502981408_000.jpg
3204247292;26242;NA;PSP_EXTRATLEITIMPL_220526_0408_20000000008802962854_000.jpg
3210540600;17426;NA;PSP_EXTRATLEITIMPL_220526_0408_20000000015402957868_000.jpg
6251149109/3230066018;3987;NA;PSP_EXTRATLEITIMPL_220526_0408_20000000004453009107_000.jpg
165382B;89174;NA;PSP_EXTRATLEITIMPL_220526_0408_20000000002852990055_000.jpg
3245158660;1411;NA;PSP_EXTRATLEITIMPL_220526_0408_20000000010402961660_000.jpg
113874B;20938;NA;PSP_EXTRATLEITIMPL_220526_0408_20000000002102978603_000.jpg
3120946730;35874;NA;PSP_EXTRATLEITIMPL_220526_0408_20000000011452967566_000.jpg
3140676437;679513;NA;PSP_EXTRATLEITIMPL_220526_0408_20000000017402991622_000.jpg
3131918320;17400;NA;PSP_EXTRATLEITIMPL_220526_0408_20000000006002990010_000.jpg
3011218372;44499;NA;PSP_EXTRATLEITIMPL_220526_0408_20000000002802995040_000.jpg
3241273678;11007;NA;PSP_EXTRATLEITIMPL_220526_0408_20000000012402957847_000.jpg
3230231345;39;NA;PSP_EXTRATLEITIMPL_220526_0408_20000000019852975748_000.jpg
61212949;84269;NA;PSP_EXTRATLEITIMPL_220526_0408_20000000001902990189_000.jpg
51655990;90390;NA;PSP_EXTRATLEITIMPL_220526_0408_20000000000752975178_000.jpg
61677992;14842;NA;PSP_EXTRATLEITIMPL_220526_0408_20000000007302981167_000.jpg
5256223009/62182881;3502;NA;PSP_EXTRATLEITIMPL_220526_0408_20000000002502972968_000.jpg
5256611378/70639475;4592;NA;PSP_EXTRATLEITIMPL_220526_0408_20000000011602947887_000.jpg
3121482893;17916;NA;PSP_EXTRATLEITIMPL_220526_0408_20000000019552999178_000.jpg
146847B;9315;NA;PSP_EXTRATLEITIMPL_220526_0408_20000000000902960937_000.jpg
3225041406;11692;NA;PSP_EXTRATLEITIMPL_220526_0408_20000000003602966977_000.jpg
147582B;38948;NA;PSP_EXTRATLEITIMPL_220526_0408_20000000015552970032_000.jpg
3132311144;100190;NA;PSP_EXTRATLEITIMPL_220526_0408_20000000006252971954_000.jpg
3132290244;101734;NA;PSP_EXTRATLEITIMPL_220526_0408_20000000014302954922_000.jpg
3201631563;4981;NA;NA
3190079553;45535;NA;PSP_EXTRATLEITIMPL_220526_0408_20000000014802963905_000.jpg
5256797951/30471822;4747;NA;PSP_EXTRATLEITIMPL_220526_0408_20000000002952992038_000.jpg
3172795357;28553;NA;PSP_EXTRATLEITIMPL_220526_0408_20000000016952994101_000.jpg
B14944;20153;NA;PSP_EXTRATLEITIMPL_220526_0408_20000000019152979790_000.jpg
3192163616;50931;NA;PSP_EXTRATLEITIMPL_220526_0408_20000000014402961760_000.jpg
123750B;10795;NA;PSP_EXTRATLEITIMPL_220526_0408_20000000010802962752_000.jpg
051094B;185616;NA;PSP_EXTRATLEITIMPL_220526_0408_20000000015002958785_000.jpg
3191019759;20347;NA;PSP_EXTRATLEITIMPL_220526_0408_20000000013002951782_000.jpg
62191554;77565;NA;PSP_EXTRATLEITIMPL_220526_0408_20000000015302975985_000.jpg
3244068560/3130482316;1272;NA;PSP_EXTRATLEITIMPL_220526_0408_20000000012502992005_000.jpg
3225209021;6842;NA;PSP_EXTRATLEITIMPL_220526_0408_20000000013552978011_000.jpg
3244662403/3190293776;4002;NA;PSP_EXTRATLEITIMPL_220526_0408_20000000005802989009_000.jpg
3120346716;6740;NA;PSP_EXTRATLEITIMPL_220526_0408_20000000012102987008_000.jpg
3244666298/W70879;5222;NA;PSP_EXTRATLEITIMPL_220526_0408_20000000003102982864_000.jpg
3242865293/D71144;13905;NA;PSP_EXTRATLEITIMPL_220526_0408_20000000001502970951_000.jpg
3183652795;32824;NA;PSP_EXTRATLEITIMPL_220526_0408_20000000009702955838_000.jpg
3230820596;20967;NA;PSP_EXTRATLEITIMPL_220526_0408_20000000015402966474_000.jpg
3231100724;26391;T181;PSP_EXTRATLEITIMPL_220526_0408_20000000009902976537_000.jpg
3192476762;54840;NA;PSP_EXTRATLEITIMPL_220526_0408_20000000007302972626_000.jpg
3161407231;637522;NA;NA
3244326390;8714;NA;PSP_EXTRATLEITIMPL_220526_0408_20000000016752974883_000.jpg
3120455876;25621;NA;PSP_EXTRATLEITIMPL_220526_0408_20000000015752963709_000.jpg
60304904;94077;NA;PSP_EXTRATLEITIMPL_220526_0408_20000000019752956979_000.jpg
40343725;42779;NA;PSP_EXTRATLEITIMPL_220526_0408_20000000007452984021_000.jpg
3011204660;33961;NA;PSP_EXTRATLEITIMPL_220526_0408_20000000008352974941_000.jpg
640343702;74562;NA;PSP_EXTRATLEITIMPL_220526_0408_00000000000211746121_000.jpg
41324597;7303;NA;PSP_EXTRATLEITIMPL_220526_0408_20000000015652974019_000.jpg
3212476055;36666;NA;PSP_EXTRATLEITIMPL_220526_0408_20000000001152952989_000.jpg
3212716200;36131;T181;PSP_EXTRATLEITIMPL_220526_0408_20000000014352953658_000.jpg
B42064;9567;NA;PSP_EXTRATLEITIMPL_220526_0408_20000000003202986674_000.jpg
3193285855;52096;NA;PSP_EXTRATLEITIMPL_220526_0408_20000000007752979658_000.jpg
3213653449;66283;NA;PSP_EXTRATLEITIMPL_220526_0408_20000000004152983615_000.jpg
3121050225;28521;NA;PSP_EXTRATLEITIMPL_220526_0408_20000000013402992173_000.jpg
40490086;1801;NA;PSP_EXTRATLEITIMPL_220526_0408_20000000010002983177_000.jpg
40486976;92901;NA;PSP_EXTRATLEITIMPL_220526_0408_20000000001902990190_000.jpg
3132305152;27676;NA;PSP_EXTRATLEITIMPL_220526_0408_20000000013702977149_000.jpg
3180479120;167018;NA;PSP_EXTRATLEITIMPL_220526_0408_20000000016703004126_000.jpg
048984B;93109;NA;PSP_EXTRATLEITIMPL_220526_0408_20000000001252988108_000.jpg
52839B;377942;NA;PSP_EXTRATLEITIMPL_220526_0408_20000000011652972736_000.jpg
3200944126;4480;NA;PSP_EXTRATLEITIMPL_220526_0408_20000000002002989690_000.jpg
OM73077;71524;NA;PSP_EXTRATLEITIMPL_220526_0408_20000000002952987271_000.jpg
124840B;64911;NA;PSP_EXTRATLEITIMPL_220526_0408_20000000018102982655_000.jpg
3222323044;2864;L131;PSP_EXTRATLEITIMPL_220526_0408_20000000011752966700_000.jpg
3245161416/40867457;83760;NA;PSP_EXTRATLEITIMPL_220526_0408_20000000019202958943_000.jpg
3181291442;20324;NA;PSP_EXTRATLEITIMPL_220526_0408_20000000002652996025_000.jpg
3210631967;3008;NA;PSP_EXTRATLEITIMPL_220526_0408_20000000012352949964_000.jpg
3183474595;33122;NA;PSP_EXTRATLEITIMPL_220526_0408_20000000007552964920_000.jpg
3222034506;25580;NA;PSP_EXTRATLEITIMPL_220526_0408_20000000004653001008_000.jpg
3244187721;116380;NA;NA
3120715118;21711;NA;NA
3190018120;14597;NA;NA
008133B;530983;NA;NA
3180491170;668362;NA;NA
3172774821/6251186683/3172774821/3241183482;7414;NA;NA
3150785560;70214;NA;NA
6251412276/3210105084;159;NA;PSP_EXTRATLEITIMPL_220526_0408_20000000014352955568_000.jpg
3132370701;142057;NA;PSP_EXTRATLEITIMPL_220526_0408_20000000015852959905_000.jpg
3233479577;49302;NA;NA
82658394;32870;NA;NA
5256950881/3171814030;19394;NA;PSP_EXTRATLEITIMPL_220526_0408_20000000004202980950_000.jpg
3171477092;488296;NA;NA
88475B;18206;NA;NA
3193319172;2236;NA;NA
3132464625;17062;NA;NA
3132362172;45567;NA;PSP_EXTRATLEITIMPL_220526_0408_20000000013752965768_000.jpg
62409657;74313;NA;PSP_EXTRATLEITIMPL_220526_0408_20000000011502971761_000.jpg
3230081335;294479;NA;NA
3153120985;4386;NA;PSP_EXTRATLEITIMPL_220526_0408_20000000016852997117_000.jpg
3223089886;2186;NA;PSP_EXTRATLEITIMPL_220526_0408_20000000002852989073_000.jpg
3150526395;10046;NA;PSP_EXTRATLEITIMPL_220526_0408_20000000018952990033_000.jpg
3190356620;6993;NA;PSP_EXTRATLEITIMPL_220526_0408_20000000013752979027_000.jpg
3242093070;18338;NA;PSP_EXTRATLEITIMPL_220526_0408_20000000006952969958_000.jpg
6251187817/3172782670/3201647290;11809;NA;NA
3160009461;186428;NA;PSP_EXTRATLEITIMPL_220526_0408_20000000012102979490_000.jpg
5257988173/3233308349;3761;NA;PSP_EXTRATLEITIMPL_220526_0408_20000000004853002650_000.jpg
3150580217;1571;NA;PSP_EXTRATLEITIMPL_220526_0408_20000000003752969637_000.jpg
3202260534;9804;NA;PSP_EXTRATLEITIMPL_220526_0408_20000000016502962638_000.jpg
3121564253;52682;NA;PSP_EXTRATLEITIMPL_220526_0408_20000000010452966658_000.jpg
3182590770;1067;NA;PSP_EXTRATLEITIMPL_220526_0408_20000000009602976663_000.jpg
3213993070;4468;NA;PSP_EXTRATLEITIMPL_220526_0408_20000000017052986674_000.jpg
3183464140;9305;NA;PSP_EXTRATLEITIMPL_220526_0408_20000000009352965884_000.jpg
61675566;8357;P111;NA
3244338320;89136;NA;NA
D99863;30346;L101;NA
5257847049/3130290140;9999;NA;NA
3193208737;22975;T181;PSP_EXTRATLEITIMPL_220526_0408_20000000003103000106_000.jpg
3182614563;18855;NA;NA
3230873789;26324;NA;PSP_EXTRATLEITIMPL_220526_0408_20000000011802987288_000.jpg
3204932661;5081;NA;PSP_EXTRATLEITIMPL_220526_0408_20000000018052976267_000.jpg
D75762;3291;NA;PSP_EXTRATLEITIMPL_220526_0408_20000000004652993241_000.jpg
3212615900;133361;NA;PSP_EXTRATLEITIMPL_220526_0408_20000000018752984188_000.jpg
3243771578;11190;T181;PSP_EXTRATLEITIMPL_220526_0408_20000000009552950950_000.jpg
3202130371;60968;NA;PSP_EXTRATLEITIMPL_220526_0408_20000000003452984092_000.jpg
3203491700;5762;NA;PSP_EXTRATLEITIMPL_220526_0408_20000000003402991040_000.jpg
3191651242;2455;NA;PSP_EXTRATLEITIMPL_220526_0408_20000000008052956878_000.jpg
3231669573;1095;L101;PSP_EXTRATLEITIMPL_220526_0408_20000000012102979487_000.jpg
3201784777;19325;NA;PSP_EXTRATLEITIMPL_220526_0408_20000000015102977557_000.jpg
3242675362;12311;T181;PSP_EXTRATLEITIMPL_220526_0408_20000000012402974171_000.jpg
3233003025;10796;L101;PSP_EXTRATLEITIMPL_220526_0408_20000000001302991212_000.jpg
3221531727;4286;NA;PSP_EXTRATLEITIMPL_220526_0408_20000000000002971943_000.jpg
3220164755/3151917061;3267;NA;NA
3201770636;825;NA;PSP_EXTRATLEITIMPL_220526_0408_20000000014952970095_000.jpg
3231051090;14096;T181;PSP_EXTRATLEITIMPL_220526_0408_20000000010702972880_000.jpg
099732B;97369;NA;PSP_EXTRATLEITIMPL_220526_0408_20000000009602965923_000.jpg
098225B;5563;NA;PSP_EXTRATLEITIMPL_220526_0408_20000000010552981031_000.jpg
36725B;28609;NA;PSP_EXTRATLEITIMPL_220526_0408_20000000001002952899_000.jpg
111596B;35123;NA;PSP_EXTRATLEITIMPL_220526_0408_20000000015402975005_000.jpg
3201477890;50531;NA;PSP_EXTRATLEITIMPL_220526_0408_20000000017003008039_000.jpg
3193966704;67909;NA;PSP_EXTRATLEITIMPL_220526_0408_20000000011652963932_000.jpg
70233134;463708;NA;PSP_EXTRATLEITIMPL_220526_0408_20000000003002970895_000.jpg
3212885206;18843;NA;PSP_EXTRATLEITIMPL_220526_0408_20000000017302987928_000.jpg
3181081880;338277;NA;PSP_EXTRATLEITIMPL_220526_0408_20000000014152976000_000.jpg
000036E;114696;NA;PSP_EXTRATLEITIMPL_220526_0408_20000000008802962852_000.jpg
000011E;142168;NA;PSP_EXTRATLEITIMPL_220526_0408_20000000012002956985_000.jpg
3154526080;50839;NA;NA
30177290;56960;NA;NA
138320B;27165;NA;NA
3212429057;74785;NA;NA
50428400;21498;NA;NA
30177428;7815;NA;NA
6251154889/3245131509/50641988;1260;NA;NA
3192459272;72960;NA;NA
6251202921/3242658808/3150077116;1853;NA;NA
62172959;87790;NA;NA
3193970558;196150;NA;NA
3244188930;36709;NA;NA
61497480;9097;B111;PSP_EXTRATLEITIMPL_220526_0408_20000000017752983771_000.jpg
3242485083;5643;NA;PSP_EXTRATLEITIMPL_220526_0408_20000000017252985743_000.jpg
3150475235;893;B111;PSP_EXTRATLEITIMPL_220526_0408_20000000013652962861_000.jpg
116244B;44224;NA;PSP_EXTRATLEITIMPL_220526_0408_20000000011852962921_000.jpg
3242532391/3245160070/3182538654;5774;T181;PSP_EXTRATLEITIMPL_220526_0408_20000000015402943985_000.jpg
53803B;744099;NA;PSP_EXTRATLEITIMPL_220526_0408_20000000005253010098_000.jpg
3205118968;25701;NA;PSP_EXTRATLEITIMPL_220526_0408_20000000007402964932_000.jpg
3172261158;28730;NA;NA
3191092316;125563;NA;PSP_EXTRATLEITIMPL_220526_0408_20000000007402973678_000.jpg
62303999;34743;L101;PSP_EXTRATLEITIMPL_220526_0408_20000000013102966897_000.jpg
3200648187;87048;NA;PSP_EXTRATLEITIMPL_220526_0408_20000000008852956911_000.jpg
3211137834;40491;T181;PSP_EXTRATLEITIMPL_220526_0408_20000000012452964541_000.jpg
40717323;930;P111;NA
3230536162;4568;NA;NA
3180903010;10575;NA;PSP_EXTRATLEITIMPL_220526_0408_20000000003502992466_000.jpg
3120180109;34;P111;PSP_EXTRATLEITIMPL_220526_0408_20000000004152996030_000.jpg
MD41586;32358;L101;PSP_EXTRATLEITIMPL_220526_0408_20000000007302979310_000.jpg
3121239042;18407;L101;NA
3182848386;14401;NA;PSP_EXTRATLEITIMPL_220526_0408_20000000014202967308_000.jpg
3192464560;246486;NA;PSP_EXTRATLEITIMPL_220526_0408_20000000012352966396_000.jpg
6251201542/3231849172;2154;NA;PSP_EXTRATLEITIMPL_220526_0408_20000000002702977806_000.jpg
3193536068;37381;NA;PSP_EXTRATLEITIMPL_220526_0408_20000000013502965828_000.jpg
40137769;56737;NA;PSP_EXTRATLEITIMPL_220526_0408_20000000000602975031_000.jpg
51283066;45725;NA;PSP_EXTRATLEITIMPL_220526_0408_20000000019052985117_000.jpg
3183186212;37935;NA;PSP_EXTRATLEITIMPL_220526_0408_20000000012702952957_000.jpg
3225007879;21436;T181;NA
3230873258;17202;T181;PSP_EXTRATLEITIMPL_220526_0408_20000000016402976073_000.jpg
6252234401/3171840480;999999;NA;PSP_EXTRATLEITIMPL_220526_0408_20000000012202979042_000.jpg
E67518;18921;NA;PSP_EXTRATLEITIMPL_220526_0408_20000000004753003166_000.jpg
3201672464;41162;NA;PSP_EXTRATLEITIMPL_220526_0408_20000000014102940922_000.jpg
70252228;41936;NA;PSP_EXTRATLEITIMPL_220526_0408_20000000003202994202_000.jpg
3231661734;6120;NA;PSP_EXTRATLEITIMPL_220526_0408_20000000008152953973_000.jpg
3201327856;33317;NA;PSP_EXTRATLEITIMPL_220526_0408_20000000015702948968_000.jpg
3011106899;100;NA;PSP_EXTRATLEITIMPL_220526_0408_20000000010302962901_000.jpg
3231086195;48992;T181;PSP_EXTRATLEITIMPL_220526_0408_20000000006302989175_000.jpg
145226B;79404;NA;PSP_EXTRATLEITIMPL_220526_0408_20000000016302978195_000.jpg
60308306;5501;NA;PSP_EXTRATLEITIMPL_220526_0408_20000000017052995166_000.jpg
3172783995;90558;NA;PSP_EXTRATLEITIMPL_220526_0408_20000000016302969710_000.jpg
3231090974;29956;T181;PSP_EXTRATLEITIMPL_220526_0408_20000000000852964704_000.jpg
3140813264;10379;NA;PSP_EXTRATLEITIMPL_220526_0408_20000000019652977776_000.jpg
3220423424;313335;NA;PSP_EXTRATLEITIMPL_220526_0408_20000000003252991798_000.jpg
3220397199;67306;NA;PSP_EXTRATLEITIMPL_220526_0408_20000000004302976833_000.jpg
3183644040;524159;NA;PSP_EXTRATLEITIMPL_220526_0408_20000000005802974697_000.jpg
3220242896;33965;T181;PSP_EXTRATLEITIMPL_220526_0408_20000000018552978757_000.jpg
3212454213;673725;NA;PSP_EXTRATLEITIMPL_220526_0408_20000000011602960760_000.jpg
3170275879;305355;NA;PSP_EXTRATLEITIMPL_220526_0408_20000000013352966628_000.jpg
3154876200;161758;NA;PSP_EXTRATLEITIMPL_220526_0408_20000000010802964662_000.jpg
3241179612;105957;NA;PSP_EXTRATLEITIMPL_220526_0408_20000000017702982806_000.jpg
3170268678;379594;NA;PSP_EXTRATLEITIMPL_220526_0408_20000000019402978728_000.jpg
3193483878;544118;NA;PSP_EXTRATLEITIMPL_220526_0408_20000000003852970853_000.jpg
5256890331/3245117956/5256890331/3192445050;66028;NA;NA
3192477564;162764;NA;PSP_EXTRATLEITIMPL_220526_0408_20000000001752984440_000.jpg
3212311307;859728;NA;PSP_EXTRATLEITIMPL_220526_0408_20000000018002992449_000.jpg
90611720;24309;NA;PSP_EXTRATLEITIMPL_220526_0408_20000000007952979426_000.jpg
3161536961;143088;NA;PSP_EXTRATLEITIMPL_220526_0408_20000000008052973397_000.jpg
67199B;48161;NA;PSP_EXTRATLEITIMPL_220526_0408_20000000011802984440_000.jpg
3191086375;75305;NA;PSP_EXTRATLEITIMPL_220526_0408_20000000012702977373_000.jpg
3193217400;28059;NA;PSP_EXTRATLEITIMPL_220526_0408_20000000005902982414_000.jpg
3171707926;585750;NA;PSP_EXTRATLEITIMPL_220526_0408_20000000012052979472_000.jpg
138609B;49902;NA;PSP_EXTRATLEITIMPL_220526_0408_20000000000302969335_000.jpg
60224692;64885;NA;PSP_EXTRATLEITIMPL_220526_0408_20000000006502988616_000.jpg
3200439308;22053;NA;PSP_EXTRATLEITIMPL_220526_0408_20000000018702973821_000.jpg
3225174376;13046;NA;PSP_EXTRATLEITIMPL_220526_0408_20000000012152961757_000.jpg
3222724383;122773;NA;PSP_EXTRATLEITIMPL_220526_0408_20000000013052966700_000.jpg
D87017;285365;NA;PSP_EXTRATLEITIMPL_220526_0408_20000000014652969685_000.jpg
3190415073;98136;NA;PSP_EXTRATLEITIMPL_220526_0408_20000000007052979719_000.jpg
3153681499;315493;NA;PSP_EXTRATLEITIMPL_220526_0408_20000000016652985814_000.jpg
3191094858;16057;NA;PSP_EXTRATLEITIMPL_220526_0408_20000000008402961695_000.jpg
3242332406;2712;NA;PSP_EXTRATLEITIMPL_220526_0408_20000000005652972646_000.jpg
3193230740;30123;NA;PSP_EXTRATLEITIMPL_220526_0408_20000000005752968677_000.jpg
119943B;7462;NA;PSP_EXTRATLEITIMPL_220526_0408_20000000008602977652_000.jpg
117358B;77653;NA;PSP_EXTRATLEITIMPL_220526_0408_20000000005452971714_000.jpg
3245161807/3212438560;37356;NA;PSP_EXTRATLEITIMPL_220526_0408_20000000017352999662_000.jpg
135130B;49716;NA;PSP_EXTRATLEITIMPL_220526_0408_20000000012802980283_000.jpg
127197B;50890;NA;PSP_EXTRATLEITIMPL_220526_0408_20000000009902981275_000.jpg
3171298074;324932;NA;PSP_EXTRATLEITIMPL_220526_0408_20000000017303000262_000.jpg
82658378;81019;NA;PSP_EXTRATLEITIMPL_220526_0408_20000000001702978364_000.jpg
3161537224;361093;NA;PSP_EXTRATLEITIMPL_220526_0408_20000000003302993317_000.jpg
3200713310;44686;NA;PSP_EXTRATLEITIMPL_220526_0408_20000000011952974226_000.jpg
3244071324/3200379003;126;NA;PSP_EXTRATLEITIMPL_220526_0408_20000000012802980282_000.jpg
3193342824;42347;NA;PSP_EXTRATLEITIMPL_220526_0408_20000000010102974235_000.jpg
3242647750;2137;NA;NA
3201726556;32821;NA;NA
3242647571;11179;NA;NA
3009023586;12008;NA;NA
B31054;238011;NA;NA
3212589518;68431;T181;NA
3242648462;10156;NA;NA
3242660373;7084;NA;NA
3242647466;10884;NA;NA
40361766;31530;NA;NA
5256523762/41312076;909;NA;NA
3190405965;28221;NA;PSP_EXTRATLEITIMPL_220526_0408_20000000011402975795_000.jpg
3190405981;8207;NA;PSP_EXTRATLEITIMPL_220526_0408_20000000001752978763_000.jpg
3193250628;27322;NA;PSP_EXTRATLEITIMPL_220526_0408_20000000017752981837_000.jpg
3181287364;46213;NA;PSP_EXTRATLEITIMPL_220526_0408_20000000015902988048_000.jpg
3244330737/101498B;10467;NA;PSP_EXTRATLEITIMPL_220526_0408_20000000014602990007_000.jpg
30156994;47555;NA;PSP_EXTRATLEITIMPL_220526_0408_20000000000202943970_000.jpg
3140175225;6439;NA;NA
3230238315;3296;NA;PSP_EXTRATLEITIMPL_220526_0408_20000000019052964960_000.jpg
3241634018;5814;T181;PSP_EXTRATLEITIMPL_220526_0408_20000000014702950971_000.jpg
3203491386;18680;NA;PSP_EXTRATLEITIMPL_220526_0408_20000000017402994456_000.jpg
3153668069;10258;NA;PSP_EXTRATLEITIMPL_220526_0408_20000000008902957915_000.jpg
3193395529;183047;NA;NA
3121801140;78002;NA;NA
3212572216;31293;T181;PSP_EXTRATLEITIMPL_220526_0408_20000000005002985915_000.jpg
3191505696;27864;NA;PSP_EXTRATLEITIMPL_220526_0408_00000000000211749088_000.jpg
3210089275;60964;NA;PSP_EXTRATLEITIMPL_220526_0408_20000000019552997347_000.jpg
3160011318;138460;NA;PSP_EXTRATLEITIMPL_220526_0408_20000000019152988240_000.jpg
3223263630;35062;NA;PSP_EXTRATLEITIMPL_220526_0408_20000000019302989228_000.jpg
3241633879;8953;T181;PSP_EXTRATLEITIMPL_220526_0408_20000000004703005372_000.jpg
3011096977;66278;L131;PSP_EXTRATLEITIMPL_220526_0408_20000000009152983227_000.jpg
3132350220;119321;NA;PSP_EXTRATLEITIMPL_220526_0408_20000000001202983181_000.jpg
3153332214;17558;NA;NA
3193520595;33612;L131;NA
3203912390;47646;T181;NA
3191074369;7321;NA;NA
3220351628;17908;T181;NA
3223833585;18781;NA;NA
5256496625/3170645196;5183;T181;PSP_EXTRATLEITIMPL_220526_0408_20000000018002999105_000.jpg
3222201348;1260;NA;PSP_EXTRATLEITIMPL_220526_0408_20000000009602983175_000.jpg
3150786079;171898;NA;NA
71717810;41973;NA;PSP_EXTRATLEITIMPL_220526_0408_20000000000802974160_000.jpg
3171826550;92765;NA;PSP_EXTRATLEITIMPL_220526_0408_20000000016202970352_000.jpg
3224422554;8872;NA;NA
3203815076;2145;NA;PSP_EXTRATLEITIMPL_220526_0408_20000000006652987431_002.jpg
3193259919;85273;NA;PSP_EXTRATLEITIMPL_220526_0408_20000000014952965450_000.jpg
3200813951;29097;NA;PSP_EXTRATLEITIMPL_220526_0408_20000000008452971349_000.jpg
121918B;76887;NA;PSP_EXTRATLEITIMPL_220526_0408_20000000001502981414_000.jpg
3242493639;7571;T181;PSP_EXTRATLEITIMPL_220526_0408_20000000004352992456_000.jpg
3160866119;63493;NA;NA
3220260622;29396;T181;NA
3210630626;11597;NA;PSP_EXTRATLEITIMPL_220526_0408_20000000010652950906_000.jpg
3232958897;49726;NA;PSP_EXTRATLEITIMPL_220526_0408_20000000013002962176_000.jpg
3203815505;14287;T181;PSP_EXTRATLEITIMPL_220526_0408_20000000013852972790_000.jpg
6251416344/3200440020;2366;T181;PSP_EXTRATLEITIMPL_220526_0408_20000000013602965790_000.jpg
3225944767;9639;NA;PSP_EXTRATLEITIMPL_220526_0408_20000000010752974777_000.jpg
3152715497;11;P111;PSP_EXTRATLEITIMPL_220526_0408_20000000001152966764_000.jpg
60056110;45289;NA;PSP_EXTRATLEITIMPL_220526_0408_20000000016052957981_000.jpg
5252379586/70756536;2184;NA;PSP_EXTRATLEITIMPL_220526_0408_20000000010552955942_000.jpg
3222733226;37240;T181;PSP_EXTRATLEITIMPL_220526_0408_20000000004002953986_000.jpg
3220267252;58388;T181;PSP_EXTRATLEITIMPL_220526_0408_20000000006052971677_000.jpg
6251196522/3242433652;66847;T181;PSP_EXTRATLEITIMPL_220526_0408_20000000002752982673_000.jpg
6251416719/3191136224;0;NA;PSP_EXTRATLEITIMPL_220526_0408_20000000012802971710_000.jpg
3230642019;7476;NA;PSP_EXTRATLEITIMPL_220526_0408_20000000002952979750_000.jpg
3224237293;3688;NA;PSP_EXTRATLEITIMPL_220526_0408_20000000016452977683_000.jpg
3220335541;18191;T181;PSP_EXTRATLEITIMPL_220526_0408_20000000001252963965_000.jpg
6251454432/51308018;3140;NA;PSP_EXTRATLEITIMPL_220526_0408_20000000001452992314_000.jpg
3192209985;102833;T181;PSP_EXTRATLEITIMPL_220526_0408_20000000003302994278_000.jpg
3245065689;4412;NA;PSP_EXTRATLEITIMPL_220526_0408_20000000016903008013_000.jpg
133924B;93008;NA;NA
51048920;39250;NA;PSP_EXTRATLEITIMPL_220526_0408_20000000014752954920_000.jpg
3193464695;46;P111;PSP_EXTRATLEITIMPL_220526_0408_20000000013752950954_000.jpg
3220289256;5598;T181;PSP_EXTRATLEITIMPL_220526_0408_20000000009502955961_000.jpg
3212700540;20621;T181;PSP_EXTRATLEITIMPL_220526_0408_20000000007902955997_000.jpg
070102B;16751;NA;PSP_EXTRATLEITIMPL_220526_0408_20000000014602978697_000.jpg
3223298418;30989;T181;PSP_EXTRATLEITIMPL_220526_0408_20000000011202984046_000.jpg
3140831840;50664;NA;PSP_EXTRATLEITIMPL_220526_0408_20000000003452963973_000.jpg
3183655700;119846;NA;PSP_EXTRATLEITIMPL_220526_0408_20000000002552956976_000.jpg
5256950067/3223328945;9151;T181;PSP_EXTRATLEITIMPL_220526_0408_20000000006102960998_000.jpg
3242341758/3010099156;4273;T181;PSP_EXTRATLEITIMPL_220526_0408_20000000011652962961_000.jpg
3221837346;137086;NA;PSP_EXTRATLEITIMPL_220526_0408_20000000012002957932_000.jpg
90109669;12960;NA;PSP_EXTRATLEITIMPL_220526_0408_20000000000652975195_000.jpg
158164B;16618;L131;PSP_EXTRATLEITIMPL_220526_0408_20000000011452975183_000.jpg
3223298370/3223274225;12108;T181;PSP_EXTRATLEITIMPL_220526_0408_20000000015852974168_000.jpg
3172785980/6251187388/3172785980/3212317100;5731;NA;NA
3213317031;34;P111;PSP_EXTRATLEITIMPL_220526_0408_20000000010852956869_000.jpg
3223269159;4817;NA;PSP_EXTRATLEITIMPL_220526_0408_20000000007552966922_000.jpg
61047182;25662;NA;NA
82920307;4431;NA;NA
3220293725;70605;T181;PSP_EXTRATLEITIMPL_220526_0408_20000000011002962925_000.jpg
3203776011;23285;T181;NA
3181426399;14687;NA;NA
3010107506;17464;NA;NA
3223298442;25339;T181;NA
3231086489;8557;T181;NA
3193653005;30059;NA;NA
3242503430/3245132343/3183414835;10825;T181;NA
MC40438;1714;NA;NA
3120376542;46730;NA;NA
3203912578;46507;T181;NA
3223735443;31077;NA;NA
3221459570;30775;NA;NA
MG70493;51217;L101;PSP_EXTRATLEITIMPL_220526_0408_20000000011002968782_000.jpg
3191272330;30337;NA;PSP_EXTRATLEITIMPL_220526_0408_20000000011352947927_000.jpg
6251358727/R70924;1583;NA;PSP_EXTRATLEITIMPL_220526_0408_20000000011702976036_000.jpg
3212559376;23638;T181;PSP_EXTRATLEITIMPL_220526_0408_20000000003052980810_000.jpg
3193267415;62656;NA;NA
6251360721/70290561;3335;NA;NA
3242481088;459;NA;NA
3190436313;22184;NA;PSP_EXTRATLEITIMPL_220526_0408_20000000003402967987_000.jpg
3244206920/3131046927;3117;T181;PSP_EXTRATLEITIMPL_220526_0408_20000000014502948920_000.jpg
3181249284;13566;NA;NA
3120558829;37565;NA;PSP_EXTRATLEITIMPL_220526_0408_20000000015302984834_000.jpg
3200817779;2;P111;PSP_EXTRATLEITIMPL_220526_0408_20000000016052972831_000.jpg
3191774808;19663;NA;PSP_EXTRATLEITIMPL_220526_0408_20000000019152979791_000.jpg
3150521377;464;P111;PSP_EXTRATLEITIMPL_220526_0408_20000000018052964827_000.jpg
3222935163;7988;NA;PSP_EXTRATLEITIMPL_220526_0408_20000000002802996030_000.jpg
83135069;109;T181;PSP_EXTRATLEITIMPL_220526_0408_20000000010302986023_000.jpg
3242536524;1499;T181;PSP_EXTRATLEITIMPL_220526_0408_20000000009302979065_000.jpg
3241961680;6072;NA;PSP_EXTRATLEITIMPL_220526_0408_20000000004102984082_000.jpg
3243991403/60745897;12683;P111;NA
21881B;32330;NA;NA
3150466872;69588;NA;NA
3201839369;641;NA;PSP_EXTRATLEITIMPL_220526_0408_20000000014302978018_000.jpg
3213064923;20146;NA;NA
3243721473/MA69963;1792;NA;PSP_EXTRATLEITIMPL_220526_0408_20000000016802983830_000.jpg
3232713932;11102;NA;PSP_EXTRATLEITIMPL_220526_0408_20000000002502993261_000.jpg
3202215512;10082;NA;PSP_EXTRATLEITIMPL_220526_0408_20000000012102968863_000.jpg
3204304415;13132;NA;PSP_EXTRATLEITIMPL_220526_0408_20000000001402975919_000.jpg
3222521598;22219;NA;PSP_EXTRATLEITIMPL_220526_0408_20000000004352988710_000.jpg
3241959731;3505;NA;PSP_EXTRATLEITIMPL_220526_0408_20000000019652981520_000.jpg
3244297160/3181823177;3396;T181;PSP_EXTRATLEITIMPL_220526_0408_20000000005152998602_000.jpg
5257071520/30446470;2727;NA;PSP_EXTRATLEITIMPL_220526_0408_20000000017553005014_000.jpg
62498048;12703;NA;PSP_EXTRATLEITIMPL_220526_0408_20000000015352963963_000.jpg
70828618;37920;NA;NA
5257935070/T29479;335;L101;NA
3201575493;16071;T181;PSP_EXTRATLEITIMPL_220526_0408_20000000002752970958_000.jpg
3132309832;2088;NA;PSP_EXTRATLEITIMPL_220526_0408_20000000010102976028_000.jpg
3182029342;5423;NA;PSP_EXTRATLEITIMPL_220526_0408_20000000007852976818_000.jpg
3222733528;11612;T181;PSP_EXTRATLEITIMPL_220526_0408_20000000000152964784_000.jpg
3140725730;69484;NA;PSP_EXTRATLEITIMPL_220526_0408_20000000001702981091_000.jpg
131507B;49716;NA;PSP_EXTRATLEITIMPL_220526_0408_20000000011152956958_000.jpg
3011003901;12520;L101;PSP_EXTRATLEITIMPL_220526_0408_20000000002902974944_000.jpg
3243785510/3243979314;6012;NA;PSP_EXTRATLEITIMPL_220526_0408_20000000012302968969_000.jpg
3212401691;299785;NA;NA
3241367109;36673;L101;PSP_EXTRATLEITIMPL_220526_0408_20000000016853005003_000.jpg
6251612038/3241523267;1159;T181;PSP_EXTRATLEITIMPL_220526_0408_20000000017452969917_000.jpg
3190855740;9190;NA;NA
3152706595;12652;NA;NA
3226042767;5767;NA;NA
3243432277/3231381898;606;NA;NA
3153261309;30210;L131;NA
3221452681;1115;L101;PSP_EXTRATLEITIMPL_220526_0408_20000000019352999071_000.jpg
3121159847;68;P111;PSP_EXTRATLEITIMPL_220526_0408_20000000012902949970_000.jpg
62175036;16612;NA;NA
E65213;29245;L101;NA
5252381505/61006567;371;NA;NA
3203775139;19943;T181;PSP_EXTRATLEITIMPL_220526_0408_20000000009652968789_000.jpg
3214309350;32875;T181;PSP_EXTRATLEITIMPL_220526_0408_20000000008102970997_000.jpg
90722476;10983;NA;PSP_EXTRATLEITIMPL_220526_0408_20000000019002960956_000.jpg
3241523275;10918;T181;NA
3241066320;10564;T181;NA
D96472;15183;L101;PSP_EXTRATLEITIMPL_220526_0408_20000000003052993013_000.jpg
3211511620;13479;NA;PSP_EXTRATLEITIMPL_220526_0408_20000000012502992010_000.jpg
51866B;504642;NA;PSP_EXTRATLEITIMPL_220526_0408_20000000010702984398_000.jpg
3193960897;124134;NA;PSP_EXTRATLEITIMPL_220526_0408_20000000008402968418_000.jpg
6252230953/5257482547;7734;NA;PSP_EXTRATLEITIMPL_220526_0408_20000000012102971729_000.jpg
3140642451;186168;NA;PSP_EXTRATLEITIMPL_220526_0408_20000000008102981801_000.jpg
3224789172;548;NA;PSP_EXTRATLEITIMPL_220526_0408_20000000013302956884_000.jpg
3222648920;3672;NA;PSP_EXTRATLEITIMPL_220526_0408_20000000008202976405_000.jpg
3192825759;61;P111;PSP_EXTRATLEITIMPL_220526_0408_20000000003252998421_000.jpg
3214296275;95304;T181;PSP_EXTRATLEITIMPL_220526_0408_20000000009852985364_000.jpg
3213209069;2504;NA;PSP_EXTRATLEITIMPL_220526_0408_20000000002052993546_000.jpg
3120375902;77245;NA;PSP_EXTRATLEITIMPL_220526_0408_20000000001352999005_000.jpg
50261867;55;P111;PSP_EXTRATLEITIMPL_220526_0408_20000000016352980009_000.jpg
81621721;27554;NA;NA
60961492;0;P111;PSP_EXTRATLEITIMPL_220526_0408_20000000018202975765_000.jpg
3152739353;66899;NA;NA
3230679770;23456;NA;PSP_EXTRATLEITIMPL_220526_0408_20000000000002992373_000.jpg
3230567521;38;NA;PSP_EXTRATLEITIMPL_220526_0408_20000000009902953935_000.jpg
3121499893;14770;L101;PSP_EXTRATLEITIMPL_220526_0408_20000000018702962998_000.jpg
3132040124;10817;L101;PSP_EXTRATLEITIMPL_220526_0408_20000000010652951911_000.jpg
3181696132;539936;NA;PSP_EXTRATLEITIMPL_220526_0408_20000000017502972994_000.jpg
3131771206;3;P111;PSP_EXTRATLEITIMPL_220526_0408_20000000011052977005_000.jpg
3230594472;11;P111;PSP_EXTRATLEITIMPL_220526_0408_20000000006352967905_000.jpg
3171145120;841;NA;PSP_EXTRATLEITIMPL_220526_0408_20000000002902994077_000.jpg
3150805839;109976;NA;PSP_EXTRATLEITIMPL_220526_0408_20000000001402972894_000.jpg
3243783142/80188897;5958;T181;PSP_EXTRATLEITIMPL_220526_0408_20000000015952954941_000.jpg
3243545012/3232293909;866;NA;PSP_EXTRATLEITIMPL_220526_0408_20000000017552992543_000.jpg
L22278;50097;NA;PSP_EXTRATLEITIMPL_220526_0408_20000000009602982300_000.jpg
90863320;43340;NA;NA
3130470725;13468;NA;PSP_EXTRATLEITIMPL_220526_0408_20000000013452987014_000.jpg
3244983552;5166;NA;NA
3183065407;18073;NA;NA
3121482370;2373;P111;NA
3130507769;4;P111;PSP_EXTRATLEITIMPL_220526_0408_20000000011602968264_000.jpg
MC68748;29575;L101;NA
40098780;15607;NA;NA
3203800010;20705;T181;NA
C81832;2251;L101;PSP_EXTRATLEITIMPL_220526_0408_20000000019302992066_000.jpg
6251420635/3153531896;100;L101;NA
3222420627;18228;NA;NA
80410344;64586;NA;NA
3182578834;17174;NA;NA
5256706000/3172481042;1313;NA;NA
3223404374;25089;T181;NA
3241066591;12014;T181;NA
5256612218/D64141;1319;P111;NA
5257070923/3132509548;3091;T181;NA
3212920605;7207;NA;PSP_EXTRATLEITIMPL_220526_0408_20000000013102986006_000.jpg
3193320707;92;P111;PSP_EXTRATLEITIMPL_220526_0408_20000000004453013000_000.jpg
61030166;16;P111;PSP_EXTRATLEITIMPL_220526_0408_20000000008102975916_000.jpg
3204308801;3;P111;PSP_EXTRATLEITIMPL_220526_0408_20000000010902962962_000.jpg
3212609683;37008;NA;PSP_EXTRATLEITIMPL_220526_0408_20000000011502980297_000.jpg
3193411745;13480;NA;PSP_EXTRATLEITIMPL_220526_0408_20000000008452972290_000.jpg
3200467603;15297;L101;PSP_EXTRATLEITIMPL_220526_0408_20000000005602963291_000.jpg
5256938237/3011179065;2168;NA;PSP_EXTRATLEITIMPL_220526_0408_20000000012152971312_000.jpg
3212582920;35582;NA;PSP_EXTRATLEITIMPL_220526_0408_20000000014552965858_000.jpg
3220369667;25189;NA;PSP_EXTRATLEITIMPL_220526_0408_20000000004252982931_000.jpg
3220316474;34955;NA;PSP_EXTRATLEITIMPL_220526_0408_20000000019702964903_000.jpg
3211173415;22651;NA;PSP_EXTRATLEITIMPL_220526_0408_20000000011002967808_000.jpg
3210236952;6786;L101;PSP_EXTRATLEITIMPL_220526_0408_20000000010502957978_000.jpg
3201482754;25313;NA;PSP_EXTRATLEITIMPL_220526_0408_20000000017652986764_000.jpg
92006B;46879;NA;PSP_EXTRATLEITIMPL_220526_0408_20000000008152969729_000.jpg
45124B;54050;NA;PSP_EXTRATLEITIMPL_220526_0408_20000000016602996623_000.jpg
M34813;53426;NA;PSP_EXTRATLEITIMPL_220526_0408_20000000002752984641_000.jpg
121862B;54084;NA;PSP_EXTRATLEITIMPL_220526_0408_20000000001752982655_000.jpg
121911B;21907;NA;PSP_EXTRATLEITIMPL_220526_0408_20000000010502971624_000.jpg
3225050316;46756;NA;PSP_EXTRATLEITIMPL_220526_0408_20000000005352986570_000.jpg
41346671;86832;NA;PSP_EXTRATLEITIMPL_220526_0408_20000000017502984645_000.jpg
3193396878;2791;NA;PSP_EXTRATLEITIMPL_220526_0408_20000000017652990636_000.jpg
49133B;98692;NA;PSP_EXTRATLEITIMPL_220526_0408_20000000018302979602_000.jpg
95100B;17912;NA;PSP_EXTRATLEITIMPL_220526_0408_20000000003752970632_000.jpg
92684B;40591;NA;PSP_EXTRATLEITIMPL_220526_0408_20000000010602968550_000.jpg
95882B;34117;NA;PSP_EXTRATLEITIMPL_220526_0408_20000000001552982549_000.jpg
E89272;58541;NA;PSP_EXTRATLEITIMPL_220526_0408_20000000009252970638_000.jpg
3230736285;15169;NA;PSP_EXTRATLEITIMPL_220526_0408_20000000015652965607_000.jpg
NQ19090;25613;NA;PSP_EXTRATLEITIMPL_220526_0408_20000000007402976547_000.jpg
3191098551;35252;NA;PSP_EXTRATLEITIMPL_220526_0408_20000000015602967916_000.jpg
3130226085;84367;NA;PSP_EXTRATLEITIMPL_220526_0408_20000000007502965940_000.jpg
3220289922/3203909631;11276;NA;PSP_EXTRATLEITIMPL_220526_0408_20000000009202970843_000.jpg
3171750090;110017;NA;PSP_EXTRATLEITIMPL_220526_0408_20000000015852957887_000.jpg
3221390023;8156;NA;PSP_EXTRATLEITIMPL_220526_0408_20000000016052972828_000.jpg
3233480125;22862;NA;PSP_EXTRATLEITIMPL_220526_0408_20000000010002979396_000.jpg
122715B;93572;NA;PSP_EXTRATLEITIMPL_220526_0408_20000000009702964516_000.jpg
3220294020;49659;NA;PSP_EXTRATLEITIMPL_220526_0408_20000000000052981542_000.jpg
3224243595;3964;NA;PSP_EXTRATLEITIMPL_220526_0408_20000000019502977630_000.jpg
6250635972/3241188948;62406;NA;PSP_EXTRATLEITIMPL_220526_0408_20000000019852979606_000.jpg
80521880;17283;NA;PSP_EXTRATLEITIMPL_220526_0408_20000000017752995031_000.jpg
3223735788;6602;NA;NA
6251419599/3232206240;12484;NA;PSP_EXTRATLEITIMPL_220526_0408_20000000014052973798_000.jpg
3203489764;7920;NA;NA
MG38695;21;P111;PSP_EXTRATLEITIMPL_220526_0408_20000000017303006024_000.jpg
3210897126;12999;L101;PSP_EXTRATLEITIMPL_220526_0408_20000000009602966921_000.jpg
3171446731;3627;NA;PSP_EXTRATLEITIMPL_220526_0408_20000000013352979000_000.jpg
3230786347;5000;NA;PSP_EXTRATLEITIMPL_220526_0408_20000000014302978020_000.jpg
3141558675;10626;NA;PSP_EXTRATLEITIMPL_220526_0408_20000000011402988100_000.jpg
3230677599;4641;NA;PSP_EXTRATLEITIMPL_220526_0408_20000000007902965888_000.jpg
3190683078;9421;NA;PSP_EXTRATLEITIMPL_220526_0408_20000000018902991098_000.jpg
5256494835/3243920212/50145930;2286;L101;PSP_EXTRATLEITIMPL_220526_0408_20000000006452968965_000.jpg
3220861103;5600;NA;PSP_EXTRATLEITIMPL_220526_0408_20000000005202981962_000.jpg
3242493515/3213245685;5473;NA;PSP_EXTRATLEITIMPL_220526_0408_20000000005702989039_000.jpg
3241671290;533;NA;PSP_EXTRATLEITIMPL_220526_0408_20000000010452955925_000.jpg
3212066671;14948;NA;PSP_EXTRATLEITIMPL_220526_0408_20000000003253011011_000.jpg
3211035454;5399;L101;PSP_EXTRATLEITIMPL_220526_0408_20000000016252954942_000.jpg
L57887;27311;NA;PSP_EXTRATLEITIMPL_220526_0408_20000000010652962688_000.jpg
3201497000;261848;NA;PSP_EXTRATLEITIMPL_220526_0408_20000000015252988311_000.jpg
40753338;36230;NA;PSP_EXTRATLEITIMPL_220526_0408_20000000007102973620_000.jpg
J96550;85681;NA;PSP_EXTRATLEITIMPL_220526_0408_20000000017653000099_000.jpg
70145600;8886;NA;PSP_EXTRATLEITIMPL_220526_0408_20000000011402990031_000.jpg
3203903307;96652;T181;PSP_EXTRATLEITIMPL_220526_0408_20000000009102959918_000.jpg
3141693297;62414;NA;PSP_EXTRATLEITIMPL_220526_0408_20000000019552981959_000.jpg
3194014308;70820;T181;PSP_EXTRATLEITIMPL_220526_0408_20000000009702965542_000.jpg
3211536623;46861;NA;PSP_EXTRATLEITIMPL_220526_0408_20000000000952965450_000.jpg
3230117291;4242;NA;PSP_EXTRATLEITIMPL_220526_0408_20000000014202972018_000.jpg
5256534632/3214315776;5070;T181;PSP_EXTRATLEITIMPL_220526_0408_20000000005952960975_000.jpg
6251612810/5257056351/3242133330/3243320746/3233024464;904;T181;PSP_EXTRATLEITIMPL_220526_0408_20000000003352978035_000.jpg
3181974973;38348;NA;PSP_EXTRATLEITIMPL_220526_0408_20000000002852987092_000.jpg
3151090400;9264;NA;PSP_EXTRATLEITIMPL_220526_0408_20000000017752974941_000.jpg
3212729867;670552;T181;PSP_EXTRATLEITIMPL_220526_0408_20000000004753012000_000.jpg
5257808086/70529297;76;NA;PSP_EXTRATLEITIMPL_220526_0408_20000000017302984920_000.jpg
3231014933;13387;T181;PSP_EXTRATLEITIMPL_220526_0408_20000000003452984097_000.jpg
3210890997;5017;T111;PSP_EXTRATLEITIMPL_220526_0408_20000000007302972629_000.jpg
3242885995;3636;NA;PSP_EXTRATLEITIMPL_220526_0408_20000000018052968612_000.jpg
3220317136;18367;T181;PSP_EXTRATLEITIMPL_220526_0408_20000000017752990418_000.jpg
3225889030;981;L101;PSP_EXTRATLEITIMPL_220526_0408_20000000018602989421_000.jpg
3231032850;26619;T181;PSP_EXTRATLEITIMPL_220526_0408_20000000017852992432_000.jpg
3222746646;18527;T181;PSP_EXTRATLEITIMPL_220526_0408_20000000018252979443_000.jpg
3231681182;3570;L101;PSP_EXTRATLEITIMPL_220526_0408_20000000011852973427_000.jpg
3211164637;21676;T181;PSP_EXTRATLEITIMPL_220526_0408_20000000008852979419_000.jpg
40437258;23209;NA;PSP_EXTRATLEITIMPL_220526_0408_20000000001502987088_000.jpg
Q69683;83042;NA;PSP_EXTRATLEITIMPL_220526_0408_20000000013452978423_000.jpg
3243636042/MB91193;2510;NA;PSP_EXTRATLEITIMPL_220526_0408_20000000008502963477_000.jpg
3230028620;21884;T181;PSP_EXTRATLEITIMPL_220526_0408_20000000013552973289_000.jpg
3193145859;6176;L131;PSP_EXTRATLEITIMPL_220526_0408_20000000017252991455_000.jpg
640102039;14990;NA;PSP_EXTRATLEITIMPL_220526_0408_20000000004703003477_000.jpg
3232928386;26844;T111;PSP_EXTRATLEITIMPL_220526_0408_20000000008702979666_000.jpg
3231105726;65711;T181;PSP_EXTRATLEITIMPL_220526_0408_20000000007402957977_000.jpg
3241088935;16962;NA;PSP_EXTRATLEITIMPL_220526_0408_20000000015652943964_000.jpg
51590643;1245;NA;PSP_EXTRATLEITIMPL_220526_0408_20000000000102966615_000.jpg
51620933;5586;NA;PSP_EXTRATLEITIMPL_220526_0408_20000000004502973834_000.jpg
51620909;20163;NA;PSP_EXTRATLEITIMPL_220526_0408_20000000006202973730_000.jpg
3182988765;14738;NA;NA
3232459017;13716;NA;PSP_EXTRATLEITIMPL_220526_0408_20000000014102970007_000.jpg
3193406830;43118;NA;PSP_EXTRATLEITIMPL_220526_0408_20000000011952977021_000.jpg
T66079;33347;NA;PSP_EXTRATLEITIMPL_220526_0408_20000000017703000048_000.jpg
3223334554;19015;T181;PSP_EXTRATLEITIMPL_220526_0408_20000000008002967646_000.jpg
3243511495/MD30548;1625;NA;PSP_EXTRATLEITIMPL_220526_0408_20000000006152980613_000.jpg
3212531528;36477;T181;PSP_EXTRATLEITIMPL_220526_0408_20000000016652984765_000.jpg
3203903960;32523;T181;PSP_EXTRATLEITIMPL_220526_0408_20000000010702975774_000.jpg
3172549216;1706;P111;PSP_EXTRATLEITIMPL_220526_0408_20000000006202966921_000.jpg
3212650292;17781;NA;PSP_EXTRATLEITIMPL_220526_0408_20000000008602987211_000.jpg
3131830032;59928;NA;NA
3245085515/3225480426;4776;T181;PSP_EXTRATLEITIMPL_220526_0408_20000000002053004034_000.jpg
40719563;23036;NA;PSP_EXTRATLEITIMPL_220526_0408_20000000000052988068_000.jpg
60354901;25164;NA;PSP_EXTRATLEITIMPL_220526_0408_20000000012302970915_000.jpg
51556550;1;P111;PSP_EXTRATLEITIMPL_220526_0408_20000000007552952997_000.jpg
3232956223;30203;NA;PSP_EXTRATLEITIMPL_220526_0408_20000000010252959603_000.jpg
3201494450;38847;NA;PSP_EXTRATLEITIMPL_220526_0408_20000000007002985609_000.jpg
3244851753;1104;NA;PSP_EXTRATLEITIMPL_220526_0408_20000000016252970584_000.jpg
3171217309;63945;NA;PSP_EXTRATLEITIMPL_220526_0408_20000000018602991209_000.jpg
3204566592;3394;NA;PSP_EXTRATLEITIMPL_220526_0408_20000000006952988217_000.jpg
3233181454;821;NA;PSP_EXTRATLEITIMPL_220526_0408_20000000014752972177_000.jpg
40002049;0;P111;PSP_EXTRATLEITIMPL_220526_0408_20000000014552980157_000.jpg
3223371344;17098;T181;PSP_EXTRATLEITIMPL_220526_0408_20000000015102983257_000.jpg
3244279685;7052;T181;PSP_EXTRATLEITIMPL_220526_0408_20000000000652978013_000.jpg
3213384650;682;B111;PSP_EXTRATLEITIMPL_220526_0408_20000000009002979622_000.jpg
3223403416;15921;T181;PSP_EXTRATLEITIMPL_220526_0408_20000000016602997547_000.jpg
X36405;0;P111;PSP_EXTRATLEITIMPL_220526_0408_20000000008102985558_000.jpg
3140629293;86219;NA;PSP_EXTRATLEITIMPL_220526_0408_20000000014652972545_000.jpg
3141291792;47412;T111;PSP_EXTRATLEITIMPL_220526_0408_20000000015052962467_000.jpg
3213230629;0;NA;PSP_EXTRATLEITIMPL_220526_0408_20000000008802974502_000.jpg
3193453588;67667;NA;PSP_EXTRATLEITIMPL_220526_0408_20000000008402965510_000.jpg
3213217720;0;T111;PSP_EXTRATLEITIMPL_220526_0408_20000000015402964602_000.jpg
3241534404;18776;T181;PSP_EXTRATLEITIMPL_220526_0408_20000000012802975485_000.jpg
5257124551/3232613857;0;NA;PSP_EXTRATLEITIMPL_220526_0408_20000000003202990435_000.jpg
3132128994;10799;NA;PSP_EXTRATLEITIMPL_220526_0408_20000000005802966887_000.jpg
3010168418;13204;NA;PSP_EXTRATLEITIMPL_220526_0408_20000000004802987800_000.jpg
NU03912;0;P111;PSP_EXTRATLEITIMPL_220526_0408_20000000005502989347_000.jpg
3152047044;33946;NA;PSP_EXTRATLEITIMPL_220526_0408_20000000000352985229_000.jpg
3161451516;114833;NA;PSP_EXTRATLEITIMPL_220526_0408_20000000017102969943_000.jpg
3244583139/MC84837;373;NA;PSP_EXTRATLEITIMPL_220526_0408_20000000011302978180_000.jpg
3244978508/3224228103;829;NA;PSP_EXTRATLEITIMPL_220526_0408_20000000000852959895_000.jpg
3210383491;604;NA;PSP_EXTRATLEITIMPL_220526_0408_20000000014252954879_000.jpg
3224628489;4131;NA;PSP_EXTRATLEITIMPL_220526_0408_20000000012352969333_000.jpg
3181694954;153550;NA;PSP_EXTRATLEITIMPL_220526_0408_20000000004803003104_000.jpg
6251148889/3211123442;2678;NA;PSP_EXTRATLEITIMPL_220526_0408_20000000008452975051_000.jpg
50919463;45465;NA;PSP_EXTRATLEITIMPL_220526_0408_20000000008152984008_000.jpg
MA61335;11994;NA;PSP_EXTRATLEITIMPL_220526_0408_20000000017052996147_000.jpg
MA32784;14161;L101;PSP_EXTRATLEITIMPL_220526_0408_20000000019553000041_000.jpg
3232435436;3848;NA;PSP_EXTRATLEITIMPL_220526_0408_20000000006102986307_000.jpg
3140108072;113;P111;PSP_EXTRATLEITIMPL_220526_0408_20000000012802965871_000.jpg
3193237745;155568;NA;NA
132101B;20960;P111;PSP_EXTRATLEITIMPL_220526_0408_20000000010502982009_000.jpg
3183598723;2719;NA;PSP_EXTRATLEITIMPL_220526_0408_20000000000902985008_000.jpg
3223334791;30193;T181;PSP_EXTRATLEITIMPL_220526_0408_20000000003002994012_000.jpg
3230034710;24078;L101;PSP_EXTRATLEITIMPL_220526_0408_20000000005452984065_000.jpg
W57553;5659;L101;PSP_EXTRATLEITIMPL_220526_0408_20000000006802982627_000.jpg
3222400219;15329;NA;PSP_EXTRATLEITIMPL_220526_0408_20000000001702988013_000.jpg
3220074551;24661;T181;PSP_EXTRATLEITIMPL_220526_0408_20000000015202961951_000.jpg
3211641257;2601;T111;PSP_EXTRATLEITIMPL_220526_0408_20000000002902994079_000.jpg
3223238920;108550;NA;PSP_EXTRATLEITIMPL_220526_0408_20000000018352966915_000.jpg
3231269273;290;NA;PSP_EXTRATLEITIMPL_220526_0408_20000000007252979780_000.jpg
N15826;68847;NA;PSP_EXTRATLEITIMPL_220526_0408_20000000012652968818_000.jpg
3222008858;7976;NA;PSP_EXTRATLEITIMPL_220526_0408_20000000015402959819_000.jpg
3231021492;4381;T181;PSP_EXTRATLEITIMPL_220526_0408_20000000004652978884_000.jpg
3191626221;24975;NA;PSP_EXTRATLEITIMPL_220526_0408_20000000001252963968_000.jpg
3220317330;7815;T181;PSP_EXTRATLEITIMPL_220526_0408_20000000005952986059_000.jpg
3223287122;52283;T181;PSP_EXTRATLEITIMPL_220526_0408_20000000011652962965_000.jpg
3211020325;3930;NA;PSP_EXTRATLEITIMPL_220526_0408_20000000006002987076_000.jpg
3231026699;7291;T181;PSP_EXTRATLEITIMPL_220526_0408_20000000016902992659_000.jpg
3204582849;1358;NA;PSP_EXTRATLEITIMPL_220526_0408_20000000000702957802_000.jpg
3170171828;10105;NA;PSP_EXTRATLEITIMPL_220526_0408_20000000016752978753_000.jpg
MD62845;16339;NA;PSP_EXTRATLEITIMPL_220526_0408_20000000001852991154_000.jpg
3221485210;2086;NA;PSP_EXTRATLEITIMPL_220526_0408_20000000011352967046_000.jpg
3010014150;27488;NA;PSP_EXTRATLEITIMPL_220526_0408_20000000007502981290_000.jpg
3204672562;35;P111;PSP_EXTRATLEITIMPL_220526_0408_20000000008402967371_000.jpg
61368175;38;P111;NA
3011159363;73551;NA;PSP_EXTRATLEITIMPL_220526_0408_20000000006102970958_000.jpg
3241174114;80474;T181;PSP_EXTRATLEITIMPL_220526_0408_20000000018452960946_000.jpg
3223295575;14540;T181;PSP_EXTRATLEITIMPL_220526_0408_20000000015752953926_000.jpg
93130B;76022;NA;PSP_EXTRATLEITIMPL_220526_0408_20000000008302974687_000.jpg
81861021;58975;NA;PSP_EXTRATLEITIMPL_220526_0408_20000000012852967649_000.jpg
61231420;26987;NA;PSP_EXTRATLEITIMPL_220526_0408_20000000008902964689_000.jpg
5257578978/W28124;263;L131;PSP_EXTRATLEITIMPL_220526_0408_20000000008852969805_000.jpg
660186514;7701;NA;PSP_EXTRATLEITIMPL_220526_0408_20000000000502958786_000.jpg
3203909771;161641;T181;PSP_EXTRATLEITIMPL_220526_0408_20000000004402970982_000.jpg
3203027957;1901;NA;PSP_EXTRATLEITIMPL_220526_0408_20000000012552950978_000.jpg
61101306;4528;NA;PSP_EXTRATLEITIMPL_220526_0408_20000000016452990014_000.jpg
3193273610;59418;NA;PSP_EXTRATLEITIMPL_220526_0408_20000000018802962902_000.jpg
3230303737;4076;NA;PSP_EXTRATLEITIMPL_220526_0408_20000000016853006002_000.jpg
3222738457;50456;T181;PSP_EXTRATLEITIMPL_220526_0408_20000000019152968980_000.jpg
3214303263;25406;T181;PSP_EXTRATLEITIMPL_220526_0408_20000000013602956908_000.jpg
3171437325;16378;NA;PSP_EXTRATLEITIMPL_220526_0408_20000000001902989278_000.jpg
30575237;28425;NA;PSP_EXTRATLEITIMPL_220526_0408_20000000003702986293_000.jpg
3212131503;5261;NA;PSP_EXTRATLEITIMPL_220526_0408_20000000005902987182_000.jpg
3205301053;12234;NA;PSP_EXTRATLEITIMPL_220526_0408_20000000012102973658_000.jpg
3220317977;19599;T181;PSP_EXTRATLEITIMPL_220526_0408_20000000009702960673_000.jpg
3201815869;85260;T181;PSP_EXTRATLEITIMPL_220526_0408_20000000015902971823_000.jpg
3190947822;8260;NA;PSP_EXTRATLEITIMPL_220526_0408_20000000003102998118_000.jpg
6250904507;154;NA;PSP_EXTRATLEITIMPL_220526_0408_20000000004053000163_000.jpg
3210033482;12546;NA;NA
3204278406;22286;T181;PSP_EXTRATLEITIMPL_220526_0408_20000000002052993549_000.jpg
3183240411;36591;NA;PSP_EXTRATLEITIMPL_220526_0408_20000000012052979475_000.jpg
3141606572;12426;T111;PSP_EXTRATLEITIMPL_220526_0408_20000000016052984184_000.jpg
80573103;20;P111;PSP_EXTRATLEITIMPL_220526_0408_20000000018452978599_000.jpg
71518485;10010;NA;PSP_EXTRATLEITIMPL_220526_0408_20000000002352970911_000.jpg
3204883407;998;NA;PSP_EXTRATLEITIMPL_220526_0408_20000000015202965895_000.jpg
V04304;15064;NA;PSP_EXTRATLEITIMPL_220526_0408_20000000016952982819_000.jpg
3223284212;125394;T181;PSP_EXTRATLEITIMPL_220526_0408_20000000016802997178_000.jpg
3150694220;1908;NA;PSP_EXTRATLEITIMPL_220526_0408_20000000007452956995_000.jpg
3180923380;4192;NA;PSP_EXTRATLEITIMPL_220526_0408_20000000016202977006_000.jpg
3213324577;2952;NA;PSP_EXTRATLEITIMPL_220526_0408_20000000003652967993_000.jpg
3140145520;11851;NA;PSP_EXTRATLEITIMPL_220526_0408_20000000007802962971_000.jpg
3140756953;3652;NA;PSP_EXTRATLEITIMPL_220526_0408_20000000014802962934_000.jpg
3242652320/3212687684;6153;NA;PSP_EXTRATLEITIMPL_220526_0408_20000000014452947941_000.jpg
3205571034;7128;NA;PSP_EXTRATLEITIMPL_220526_0408_20000000016152952902_000.jpg
3170205676;4526;NA;PSP_EXTRATLEITIMPL_220526_0408_20000000005102994721_000.jpg
3191045253;740120;NA;PSP_EXTRATLEITIMPL_220526_0408_20000000001202980397_000.jpg
3131851137;27600;NA;PSP_EXTRATLEITIMPL_220526_0408_20000000010802971396_000.jpg
3231916708;63558;NA;PSP_EXTRATLEITIMPL_220526_0408_20000000018402977663_000.jpg
3243798298/3160036841;20021;T181;PSP_EXTRATLEITIMPL_220526_0408_20000000004002973642_000.jpg
3121182881;12854;NA;PSP_EXTRATLEITIMPL_220526_0408_20000000011952960910_000.jpg
MC19418;9;P111;PSP_EXTRATLEITIMPL_220526_0408_20000000012052961916_000.jpg
MA71124;26285;NA;PSP_EXTRATLEITIMPL_220526_0408_20000000006752963958_000.jpg
3231011977;12711;T181;PSP_EXTRATLEITIMPL_220526_0408_20000000013552959900_000.jpg
3221013106;510;NA;PSP_EXTRATLEITIMPL_220526_0408_20000000003653000015_000.jpg
3202069834;9;P111;PSP_EXTRATLEITIMPL_220526_0408_20000000003302995194_000.jpg
MG33560;16267;NA;PSP_EXTRATLEITIMPL_220526_0408_20000000017153000165_000.jpg
60187681;41160;NA;PSP_EXTRATLEITIMPL_220526_0408_20000000011952975174_000.jpg
3010214973;54302;NA;PSP_EXTRATLEITIMPL_220526_0408_20000000003502988759_000.jpg
83111917;11202;NA;PSP_EXTRATLEITIMPL_220526_0408_20000000007302969836_000.jpg
3181232519;7550;NA;PSP_EXTRATLEITIMPL_220526_0408_20000000000752963863_000.jpg
3190607800;2481;NA;PSP_EXTRATLEITIMPL_220526_0408_20000000018602991211_000.jpg
F24145;3548;NA;PSP_EXTRATLEITIMPL_220526_0408_20000000013952953903_000.jpg
3192951908;6771;NA;PSP_EXTRATLEITIMPL_220526_0408_20000000010802972309_000.jpg
3205525032;1098;NA;PSP_EXTRATLEITIMPL_220526_0408_20000000002252989309_000.jpg
12402;6676;NA;PSP_EXTRATLEITIMPL_220526_0408_20000000004852999716_000.jpg
3213831878;4295;NA;PSP_EXTRATLEITIMPL_220526_0408_20000000012352973043_000.jpg
IC08010;16167;NA;PSP_EXTRATLEITIMPL_220526_0408_20000000000152973383_000.jpg
81386358;39077;NA;PSP_EXTRATLEITIMPL_220526_0408_20000000001552987439_000.jpg
5256956154/3214290242;7161;T181;PSP_EXTRATLEITIMPL_220526_0408_20000000008252963588_000.jpg
3200443526;36627;T181;PSP_EXTRATLEITIMPL_220526_0408_20000000018702978654_000.jpg
3200443828;44347;T181;PSP_EXTRATLEITIMPL_220526_0408_20000000014102961500_000.jpg
3200452207;37155;T181;PSP_EXTRATLEITIMPL_220526_0408_20000000017802978999_000.jpg
3220313106;17789;T181;PSP_EXTRATLEITIMPL_220526_0408_20000000005103008135_000.jpg
3193211789;54665;T181;PSP_EXTRATLEITIMPL_220526_0408_20000000008202973586_000.jpg
155657B;64557;NA;PSP_EXTRATLEITIMPL_220526_0408_20000000001252991003_000.jpg
3212661359;379684;NA;PSP_EXTRATLEITIMPL_220526_0408_20000000016502954903_000.jpg
3172222900;34411;NA;PSP_EXTRATLEITIMPL_220526_0408_20000000018852974802_000.jpg
155699;531;NA;PSP_EXTRATLEITIMPL_220526_0408_20000000001902978784_000.jpg
3221486195;811;NA;PSP_EXTRATLEITIMPL_220526_0408_20000000014802984365_000.jpg
3202948285;7482;NA;PSP_EXTRATLEITIMPL_220526_0408_20000000001902984507_000.jpg
3171800411;26117;NA;PSP_EXTRATLEITIMPL_220526_0408_20000000010852960807_000.jpg
3242663631/3160334796;7560;NA;PSP_EXTRATLEITIMPL_220526_0408_20000000014252945977_000.jpg
3241632376;10053;T181;PSP_EXTRATLEITIMPL_220526_0408_20000000006802971884_000.jpg
3223284379;888888;M101;PSP_EXTRATLEITIMPL_220526_0408_20000000004952993907_000.jpg
3203903811;22545;T181;PSP_EXTRATLEITIMPL_220526_0408_20000000006402958916_000.jpg
3220402770;38318;NA;PSP_EXTRATLEITIMPL_220526_0408_20000000011052951966_000.jpg
MC33148;22742;NA;PSP_EXTRATLEITIMPL_220526_0408_20000000005902990047_000.jpg
3193271641;35942;P111;PSP_EXTRATLEITIMPL_220526_0408_20000000008302977569_000.jpg
3131267427;39651;NA;NA
82871845;2267;L101;PSP_EXTRATLEITIMPL_220526_0408_20000000000902975433_000.jpg
3152715144;13454;NA;PSP_EXTRATLEITIMPL_220526_0408_20000000012652976431_000.jpg
V29311;19740;NA;PSP_EXTRATLEITIMPL_220526_0408_20000000000552957886_000.jpg
3231506976;735;L131;PSP_EXTRATLEITIMPL_220526_0408_20000000013402969930_000.jpg
3233079285;4181;NA;PSP_EXTRATLEITIMPL_220526_0408_20000000004452986954_000.jpg
3191726110;17699;NA;PSP_EXTRATLEITIMPL_220526_0408_20000000015602959991_000.jpg
3221074717;35927;NA;PSP_EXTRATLEITIMPL_220526_0408_20000000010702988040_000.jpg
3223333507;66259;T181;PSP_EXTRATLEITIMPL_220526_0408_20000000004102981274_000.jpg
3220727733;4839;NA;PSP_EXTRATLEITIMPL_220526_0408_20000000001803001362_000.jpg
3202987124;10940;NA;PSP_EXTRATLEITIMPL_220526_0408_20000000013302954969_000.jpg
3200193015;11058;NA;PSP_EXTRATLEITIMPL_220526_0408_20000000006152967936_000.jpg
3170319990;55618;NA;PSP_EXTRATLEITIMPL_220526_0408_20000000000602972191_000.jpg
3191807242;1708;NA;PSP_EXTRATLEITIMPL_220526_0408_20000000001202983183_000.jpg
3221814524;1100;NA;PSP_EXTRATLEITIMPL_220526_0408_20000000017052992405_000.jpg
3225449120;0;V100;NA
3200035266;22416;NA;PSP_EXTRATLEITIMPL_220526_0408_20000000005202986815_000.jpg
3182279411;6108;L131;PSP_EXTRATLEITIMPL_220526_0408_20000000005202986817_000.jpg
3191681443;7222;NA;PSP_EXTRATLEITIMPL_220526_0408_20000000006502982849_000.jpg
3121513098;12566;L131;PSP_EXTRATLEITIMPL_220526_0408_20000000003253010014_000.jpg
51534859;20361;NA;PSP_EXTRATLEITIMPL_220526_0408_20000000007552973653_000.jpg
3212323003;82430;NA;PSP_EXTRATLEITIMPL_220526_0408_20000000014952964444_000.jpg
3223285928;27110;T181;PSP_EXTRATLEITIMPL_220526_0408_20000000005002994600_000.jpg
3191053795;132001;NA;PSP_EXTRATLEITIMPL_220526_0408_20000000019402988314_000.jpg
3193251942;50420;NA;PSP_EXTRATLEITIMPL_220526_0408_20000000012802966803_000.jpg
3221526766;11364;NA;PSP_EXTRATLEITIMPL_220526_0408_20000000010202966881_000.jpg
3131333853;8801;M141;PSP_EXTRATLEITIMPL_220526_0408_20000000005452988007_000.jpg
5260129220/61372679;102;T181;PSP_EXTRATLEITIMPL_220526_0408_20000000008702982562_000.jpg
3242338277;6077;T181;PSP_EXTRATLEITIMPL_220526_0408_20000000012102974683_000.jpg
3120595945;144;P111;PSP_EXTRATLEITIMPL_220526_0408_20000000007952981271_000.jpg
3170314475;49;P111;PSP_EXTRATLEITIMPL_220526_0408_20000000009752964885_000.jpg
3221897322;6;P111;PSP_EXTRATLEITIMPL_220526_0408_20000000007952959935_000.jpg
3241165808;7653;NA;PSP_EXTRATLEITIMPL_220526_0408_20000000018602996012_000.jpg
3223321673;90726;T181;PSP_EXTRATLEITIMPL_220526_0408_20000000007502967771_000.jpg
3230999804;7953;T181;PSP_EXTRATLEITIMPL_220526_0408_20000000018802972588_000.jpg
3241535702;11896;T181;PSP_EXTRATLEITIMPL_220526_0408_20000000016452969871_000.jpg
3220289957;34367;T181;PSP_EXTRATLEITIMPL_220526_0408_20000000013452967916_000.jpg
MV15190;61;P111;PSP_EXTRATLEITIMPL_220526_0408_20000000015302987668_000.jpg
3151392902;7821;NA;NA
3242582216;10410;T181;PSP_EXTRATLEITIMPL_220526_0408_20000000002902991182_000.jpg
MV60303;31895;NA;PSP_EXTRATLEITIMPL_220526_0408_20000000005702987200_000.jpg
3225104572;20377;T181;PSP_EXTRATLEITIMPL_220526_0408_20000000009952967169_000.jpg
3153868122;10756;NA;PSP_EXTRATLEITIMPL_220526_0408_20000000001852977759_000.jpg
3201251019;3965;NA;NA
3222985870;690;NA;PSP_EXTRATLEITIMPL_220526_0408_20000000003152977916_000.jpg
3204697174;1689;T111;PSP_EXTRATLEITIMPL_220526_0408_20000000016302965856_000.jpg
3180855067;10469;T111;PSP_EXTRATLEITIMPL_220526_0408_20000000018152980283_000.jpg
50190129;7317;NA;PSP_EXTRATLEITIMPL_220526_0408_20000000010352970799_000.jpg
3242502689;9892;T181;PSP_EXTRATLEITIMPL_220526_0408_20000000019602975718_000.jpg
3191561707;975;T111;PSP_EXTRATLEITIMPL_220526_0408_20000000002452985686_000.jpg
5256970343/3131805321;2586;T161;PSP_EXTRATLEITIMPL_220526_0408_20000000000852964707_000.jpg
3010195359;60444;T111;PSP_EXTRATLEITIMPL_220526_0408_20000000011452961818_000.jpg
3223153908;24503;NA;PSP_EXTRATLEITIMPL_220526_0408_20000000001802999409_000.jpg
3130640248;18105;NA;NA
3213724885;5558;NA;NA
3142443812;7041;NA;NA
3223599388;14776;NA;NA
3245099230/3214298324;4261;T181;NA
3140616868;323945;NA;NA
40734546;99042;NA;PSP_EXTRATLEITIMPL_220526_0408_20000000006402958919_000.jpg
OT86370;5678;B111;PSP_EXTRATLEITIMPL_220526_0408_20000000017252989560_000.jpg
3212735131;24546;T181;PSP_EXTRATLEITIMPL_220526_0408_20000000005702976793_000.jpg
3170547267;4080;L131;PSP_EXTRATLEITIMPL_220526_0408_20000000003552995017_000.jpg
3200803603;13957;NA;PSP_EXTRATLEITIMPL_220526_0408_20000000017052982814_000.jpg
3230004098;29859;T181;PSP_EXTRATLEITIMPL_220526_0408_20000000004502974797_000.jpg
3202096203;22363;NA;PSP_EXTRATLEITIMPL_220526_0408_20000000004853009166_000.jpg
5257738312/3010078934;2726;NA;NA
3204489725;3851;NA;PSP_EXTRATLEITIMPL_220526_0408_20000000000652975199_000.jpg
3212150907;9018;NA;PSP_EXTRATLEITIMPL_220526_0408_20000000017902982465_000.jpg
3200425811;23163;T181;NA
6251995875/51648200;92;NA;NA
3182498270;10892;NA;PSP_EXTRATLEITIMPL_220526_0408_20000000001352981759_000.jpg
3131820975;12076;NA;PSP_EXTRATLEITIMPL_220526_0408_20000000003402980652_000.jpg
40629882;22050;NA;NA
50384276;15616;NA;PSP_EXTRATLEITIMPL_220526_0408_20000000014902974395_000.jpg
3200174312;16552;NA;PSP_EXTRATLEITIMPL_220526_0408_20000000006002977665_000.jpg
3193439747;999999;NA;PSP_EXTRATLEITIMPL_220526_0408_20000000004352996190_000.jpg
3211152248;22524;T181;PSP_EXTRATLEITIMPL_220526_0408_20000000014502970627_000.jpg
3181895330;4462;NA;PSP_EXTRATLEITIMPL_220526_0408_20000000009702967423_000.jpg
3211049838;180;T111;PSP_EXTRATLEITIMPL_220526_0408_20000000013052970548_000.jpg
70761076;0;P111;NA
3224805380;14501;NA;NA
3170641603;47990;NA;NA
81858276;42214;NA;PSP_EXTRATLEITIMPL_220526_0408_20000000007552980299_000.jpg
3210715290;4013;NA;PSP_EXTRATLEITIMPL_220526_0408_20000000015002969289_000.jpg
82168877;0;P111;PSP_EXTRATLEITIMPL_220526_0408_20000000003552992131_000.jpg
82206477;624;B111;PSP_EXTRATLEITIMPL_220526_0408_20000000012652959941_000.jpg
3220295264;28695;T181;PSP_EXTRATLEITIMPL_220526_0408_20000000010702985320_000.jpg
3130738671;10100;NA;PSP_EXTRATLEITIMPL_220526_0408_20000000013802956945_000.jpg
83223839;11937;NA;PSP_EXTRATLEITIMPL_220526_0408_20000000013152961895_000.jpg
3232462468;48496;NA;PSP_EXTRATLEITIMPL_220526_0408_20000000011952975177_000.jpg
3242355104;5464;T181;PSP_EXTRATLEITIMPL_220526_0408_20000000017652985829_000.jpg
82392254;11532;B131;PSP_EXTRATLEITIMPL_220526_0408_20000000010652955858_000.jpg
3224508912;12;P111;PSP_EXTRATLEITIMPL_220526_0408_20000000015502963692_000.jpg
3230152437;688;NA;NA
83244534;99487;NA;PSP_EXTRATLEITIMPL_220526_0408_20000000008452948986_000.jpg
83100249;14538;NA;PSP_EXTRATLEITIMPL_220526_0408_20000000015352963968_000.jpg
3212723281;14850;T181;PSP_EXTRATLEITIMPL_220526_0408_20000000002402957958_000.jpg
83499788;3668;T111;PSP_EXTRATLEITIMPL_220526_0408_20000000001302988404_000.jpg
3224286227;5951;NA;PSP_EXTRATLEITIMPL_220526_0408_20000000003752968719_000.jpg
80900813;15554;NA;PSP_EXTRATLEITIMPL_220526_0408_20000000003102990704_000.jpg
3220290009;58536;T181;PSP_EXTRATLEITIMPL_220526_0408_20000000008352970941_000.jpg
3204602521;17482;T181;PSP_EXTRATLEITIMPL_220526_0408_20000000014552983003_000.jpg
3192584212;977;NA;PSP_EXTRATLEITIMPL_220526_0408_20000000006402978308_000.jpg
3212724652;70352;T181;PSP_EXTRATLEITIMPL_220526_0408_20000000008402941998_000.jpg
3225611105;2687;NA;PSP_EXTRATLEITIMPL_220526_0408_20000000019002983029_000.jpg
3230673917;20991;T181;PSP_EXTRATLEITIMPL_220526_0408_20000000013252967425_000.jpg
3223407039;16969;T181;PSP_EXTRATLEITIMPL_220526_0408_20000000010252943966_000.jpg
5256519200/3201840936;4351;T181;PSP_EXTRATLEITIMPL_220526_0408_20000000006602973934_000.jpg
3232132123;7274;NA;PSP_EXTRATLEITIMPL_220526_0408_20000000006552964996_000.jpg
3142591153;7009;NA;PSP_EXTRATLEITIMPL_220526_0408_20000000012702967752_000.jpg
82957995;60744;NA;PSP_EXTRATLEITIMPL_220526_0408_20000000001752988174_000.jpg
3230985110;1966;T181;PSP_EXTRATLEITIMPL_220526_0408_20000000004953001643_000.jpg
5256618810;74;T111;PSP_EXTRATLEITIMPL_220526_0408_20000000005103008127_000.jpg
90317407;3156;T111;PSP_EXTRATLEITIMPL_220526_0408_20000000011452958888_000.jpg
3201476533;364104;NA;NA
90423924;20;P111;PSP_EXTRATLEITIMPL_220526_0408_20000000016703000395_000.jpg
90423932;20;P111;PSP_EXTRATLEITIMPL_220526_0408_20000000010252966418_000.jpg
3203910966;34524;T181;PSP_EXTRATLEITIMPL_220526_0408_20000000005452981162_000.jpg
5257958525/3225298016;99999;NA;PSP_EXTRATLEITIMPL_220526_0408_20000000001752968920_000.jpg
3231063713;634774;NA;NA
90122665;78114;NA;NA
3220337293;11854;T181;PSP_EXTRATLEITIMPL_220526_0408_20000000007502973688_000.jpg
83137266;65353;NA;PSP_EXTRATLEITIMPL_220526_0408_20000000017802998164_000.jpg
MG47504;7721;T111;PSP_EXTRATLEITIMPL_220526_0408_20000000014352945872_000.jpg
3200428349;32964;T181;PSP_EXTRATLEITIMPL_220526_0408_20000000019852979614_000.jpg
3225158141;102;P111;PSP_EXTRATLEITIMPL_220526_0408_20000000011302974441_000.jpg
3172573974;2653;NA;PSP_EXTRATLEITIMPL_220526_0408_20000000008702984422_000.jpg
5250086174/3171446227;14;NA;NA
3213249532;30887;NA;PSP_EXTRATLEITIMPL_220526_0408_20000000005752964828_000.jpg
3220290904;77679;NA;PSP_EXTRATLEITIMPL_220526_0408_20000000011602960763_000.jpg
83260815;34999;NA;PSP_EXTRATLEITIMPL_220526_0408_20000000016302984006_000.jpg
3231110509;32626;T181;PSP_EXTRATLEITIMPL_220526_0408_20000000016002945980_000.jpg
3220011673;0;NA;NA
90805908;1822;T111;PSP_EXTRATLEITIMPL_220526_0408_20000000019652992001_000.jpg
91433907;61703;NA;PSP_EXTRATLEITIMPL_220526_0408_20000000016452972916_000.jpg
3225031354;30071;NA;PSP_EXTRATLEITIMPL_220526_0408_20000000011352958547_000.jpg
3242164953;9;T161;PSP_EXTRATLEITIMPL_220526_0408_20000000002552956981_000.jpg
3193198707;114342;T181;PSP_EXTRATLEITIMPL_220526_0408_20000000007552955942_000.jpg
3222749556;11375;T181;PSP_EXTRATLEITIMPL_220526_0408_20000000008452951973_000.jpg
90691120;27566;T111;PSP_EXTRATLEITIMPL_220526_0408_20000000012502967977_000.jpg
3150126729;155205;NA;PSP_EXTRATLEITIMPL_220526_0408_20000000008752977068_000.jpg
3172596370;1350;M101;PSP_EXTRATLEITIMPL_220526_0408_20000000015102979440_000.jpg
90938851;35630;NA;PSP_EXTRATLEITIMPL_220526_0408_20000000014702964757_000.jpg
3203901827;101840;T181;PSP_EXTRATLEITIMPL_220526_0408_20000000000952971192_000.jpg
90441426;27506;NA;PSP_EXTRATLEITIMPL_220526_0408_20000000002902997014_000.jpg
91437538;97755;NA;PSP_EXTRATLEITIMPL_220526_0408_20000000010152974194_000.jpg
3150794870;895361;NA;PSP_EXTRATLEITIMPL_220526_0408_20000000011602970196_000.jpg
3212711208;16838;T181;PSP_EXTRATLEITIMPL_220526_0408_20000000004202986707_000.jpg
91414716;11821;NA;PSP_EXTRATLEITIMPL_220526_0408_20000000018502968890_000.jpg
6252178269/90977571;99999;NA;PSP_EXTRATLEITIMPL_220526_0408_20000000000352980626_000.jpg
90617770;86531;NA;NA
3130361683;149639;NA;PSP_EXTRATLEITIMPL_220526_0408_20000000013052973426_000.jpg
3220233307;32412;T181;PSP_EXTRATLEITIMPL_220526_0408_20000000002552956982_000.jpg
3224251989;0;V100;NA
3230385105;6563;NA;PSP_EXTRATLEITIMPL_220526_0408_20000000017702999088_000.jpg
91395444;67654;NA;NA
3153048656;6700;NA;PSP_EXTRATLEITIMPL_220526_0408_20000000005752962940_000.jpg
3180504396;56524;T181;PSP_EXTRATLEITIMPL_220526_0408_00000000000211760517_000.jpg
3140827745;89068;NA;PSP_EXTRATLEITIMPL_220526_0408_20000000008602980568_000.jpg
3211160801;21776;T181;PSP_EXTRATLEITIMPL_220526_0408_20000000019352998198_000.jpg
3212390037;1504;NA;PSP_EXTRATLEITIMPL_220526_0408_20000000017902986283_000.jpg
3121615281;22345;T111;PSP_EXTRATLEITIMPL_220526_0408_20000000018052977204_000.jpg
3171300656;33991;L131;PSP_EXTRATLEITIMPL_220526_0408_20000000000552960806_000.jpg
3154513220;10477;NA;PSP_EXTRATLEITIMPL_220526_0408_20000000018653006012_000.jpg
5257922440/3131157982;49;NA;PSP_EXTRATLEITIMPL_220526_0408_20000000011752973291_000.jpg
3011038291;17;P111;PSP_EXTRATLEITIMPL_220526_0408_20000000009352972809_000.jpg
3009020724;15;P111;PSP_EXTRATLEITIMPL_220526_0408_20000000019002968781_000.jpg
91945126;52599;NA;PSP_EXTRATLEITIMPL_220526_0408_20000000019552981961_000.jpg
3193025713;18947;NA;PSP_EXTRATLEITIMPL_220526_0408_20000000016302982015_000.jpg
3009019411;35969;NA;PSP_EXTRATLEITIMPL_220526_0408_20000000017653004020_000.jpg
3133067212;0;P111;PSP_EXTRATLEITIMPL_220526_0408_20000000006902981181_000.jpg
91256126;13580;NA;PSP_EXTRATLEITIMPL_220526_0408_20000000008202968758_000.jpg
6250956060;271;NA;PSP_EXTRATLEITIMPL_220526_0408_20000000015752974254_000.jpg
6251455668/3183011358;10239;NA;PSP_EXTRATLEITIMPL_220526_0408_20000000008052950997_000.jpg
3133177689;13028;T111;PSP_EXTRATLEITIMPL_220526_0408_20000000006852987823_000.jpg
3151044130;36894;NA;PSP_EXTRATLEITIMPL_220526_0408_20000000008602978625_000.jpg
3242123793;5454;NA;PSP_EXTRATLEITIMPL_220526_0408_20000000017452991070_000.jpg
3201411814;321;NA;PSP_EXTRATLEITIMPL_220526_0408_20000000004703010159_000.jpg
3233337918;1764;NA;PSP_EXTRATLEITIMPL_220526_0408_20000000015152968914_000.jpg
3242537830/3223397173;4779;T181;PSP_EXTRATLEITIMPL_220526_0408_20000000008252954883_000.jpg
3223555895;747;NA;PSP_EXTRATLEITIMPL_220526_0408_20000000017302994622_000.jpg
3009023104;16143;NA;PSP_EXTRATLEITIMPL_220526_0408_20000000012102961950_000.jpg
3225983754;4007;NA;PSP_EXTRATLEITIMPL_220526_0408_20000000002452989609_000.jpg
3010055846;99466;NA;PSP_EXTRATLEITIMPL_220526_0408_20000000004902978817_000.jpg
90614525;18403;NA;PSP_EXTRATLEITIMPL_220526_0408_20000000002102973845_000.jpg
3152964330;5507;NA;PSP_EXTRATLEITIMPL_220526_0408_20000000014402967567_000.jpg
3225123100;49154;NA;PSP_EXTRATLEITIMPL_220526_0408_20000000005402973966_000.jpg
3010051716;9;P111;PSP_EXTRATLEITIMPL_220526_0408_20000000013602955904_000.jpg
3222478544;39939;T181;PSP_EXTRATLEITIMPL_220526_0408_20000000004703013027_000.jpg
3242821245;11063;NA;PSP_EXTRATLEITIMPL_220526_0408_20000000010402956812_000.jpg
3225737648;7078;NA;NA
3224888901;6491;NA;PSP_EXTRATLEITIMPL_220526_0408_20000000013602970503_000.jpg
5257277633/3010067283;1470;NA;PSP_EXTRATLEITIMPL_220526_0408_20000000018352976666_000.jpg
3220385360;249438;NA;PSP_EXTRATLEITIMPL_220526_0408_20000000012402973335_000.jpg
3131176146;14907;NA;PSP_EXTRATLEITIMPL_220526_0408_20000000007852987160_000.jpg
91756749;10756;L101;PSP_EXTRATLEITIMPL_220526_0408_20000000001702967788_000.jpg
3009006845;25462;NA;PSP_EXTRATLEITIMPL_220526_0408_20000000010102949955_000.jpg
3172863298;12534;NA;NA
3009023322;187;NA;PSP_EXTRATLEITIMPL_220526_0408_20000000008002964776_000.jpg
3223396657;14750;T181;PSP_EXTRATLEITIMPL_220526_0408_20000000003202976985_000.jpg
3010130271;10060;L101;PSP_EXTRATLEITIMPL_220526_0408_20000000003502996288_000.jpg
3010065319;11677;NA;PSP_EXTRATLEITIMPL_220526_0408_20000000015352958949_000.jpg
3203772547;18717;T181;PSP_EXTRATLEITIMPL_220526_0408_20000000009452955903_000.jpg
3220285064;96669;T181;PSP_EXTRATLEITIMPL_220526_0408_20000000007402975572_000.jpg
3223838510;116900;T181;PSP_EXTRATLEITIMPL_220526_0408_20000000012402962810_000.jpg
3194021789;33938;T181;PSP_EXTRATLEITIMPL_220526_0408_20000000011252960781_000.jpg
71876420;71067;NA;PSP_EXTRATLEITIMPL_220526_0408_20000000012002979104_000.jpg
3010100158;26474;NA;PSP_EXTRATLEITIMPL_220526_0408_20000000012152946972_000.jpg
3212878420;3017;NA;PSP_EXTRATLEITIMPL_220526_0408_20000000006402981041_000.jpg
3009023759;3577;NA;PSP_EXTRATLEITIMPL_220526_0408_20000000011952958901_000.jpg
3010176451;12232;NA;NA
3010098980;16787;NA;PSP_EXTRATLEITIMPL_220526_0408_20000000007302969837_000.jpg
3230495652;4247;NA;PSP_EXTRATLEITIMPL_220526_0408_20000000015402974056_000.jpg
3010103120;7397;NA;PSP_EXTRATLEITIMPL_220526_0408_20000000011002973621_000.jpg
3010148040;0;P111;PSP_EXTRATLEITIMPL_220526_0408_20000000002052996436_000.jpg
90608053;383040;NA;NA
3190796581;3396;NA;PSP_EXTRATLEITIMPL_220526_0408_20000000009852979599_000.jpg
91629364;37396;NA;PSP_EXTRATLEITIMPL_220526_0408_20000000009702944947_000.jpg
3212568383;129956;T181;NA
3194018346;208658;T181;PSP_EXTRATLEITIMPL_220526_0408_20000000000002988623_000.jpg
3010159655;54254;NA;PSP_EXTRATLEITIMPL_220526_0408_20000000005902981499_000.jpg
3010084071;25147;NA;NA
3010154823;10685;NA;PSP_EXTRATLEITIMPL_220526_0408_20000000005902985310_000.jpg
3010215335;183;NA;PSP_EXTRATLEITIMPL_220526_0408_20000000003052990180_000.jpg
3190101923;13744;NA;PSP_EXTRATLEITIMPL_220526_0408_20000000004302968983_000.jpg
3202262065;15;P111;PSP_EXTRATLEITIMPL_220526_0408_20000000003152993298_000.jpg
5257679588/3213512454;570;NA;PSP_EXTRATLEITIMPL_220526_0408_20000000003302988624_000.jpg
3010215408;13118;NA;PSP_EXTRATLEITIMPL_220526_0408_20000000016152973291_000.jpg
3210368387;3;P111;PSP_EXTRATLEITIMPL_220526_0408_20000000002102974806_000.jpg
3220133760;4641;NA;NA
3010207809;125;P111;PSP_EXTRATLEITIMPL_220526_0408_20000000006952990017_000.jpg
3232959079;4943;NA;NA
3192699524;2879;NA;PSP_EXTRATLEITIMPL_220526_0408_20000000004302971963_000.jpg
6251949385/3160299079;2164;NA;PSP_EXTRATLEITIMPL_220526_0408_20000000015302994264_000.jpg
3010158803;35600;L101;PSP_EXTRATLEITIMPL_220526_0408_20000000003752976287_000.jpg
3010004403;12241;NA;PSP_EXTRATLEITIMPL_220526_0408_20000000011302976338_000.jpg
3132165172;5;P111;NA
3180677509;3683;NA;NA
3223282937;32644;T181;PSP_EXTRATLEITIMPL_220526_0408_20000000015452963767_000.jpg
3010084514;7622;NA;PSP_EXTRATLEITIMPL_220526_0408_20000000019252990076_000.jpg
3212320403;3678;NA;NA
3010224706;0;P111;PSP_EXTRATLEITIMPL_220526_0408_20000000013302971503_000.jpg
6251174634/3010252829;0;NA;PSP_EXTRATLEITIMPL_220526_0408_20000000007252976880_000.jpg
3221209507;8;P111;NA
3153635608;16091;NA;NA
3204264804;30464;T181;PSP_EXTRATLEITIMPL_220526_0408_20000000012252975390_000.jpg
3230908507;36163;T181;PSP_EXTRATLEITIMPL_220526_0408_20000000010202962913_000.jpg
3223491773;10991;NA;PSP_EXTRATLEITIMPL_220526_0408_20000000012702968813_000.jpg
3011108162;98227;NA;PSP_EXTRATLEITIMPL_220526_0408_20000000017752992243_000.jpg
91858231;14346;NA;PSP_EXTRATLEITIMPL_220526_0408_20000000007552964926_000.jpg
3011094929;10877;T111;PSP_EXTRATLEITIMPL_220526_0408_20000000002102971857_000.jpg
5256224072/3010237086;920;NA;PSP_EXTRATLEITIMPL_220526_0408_20000000003352981011_000.jpg
3010237825;40001;NA;PSP_EXTRATLEITIMPL_220526_0408_20000000007052969952_000.jpg
3010237106;89280;NA;PSP_EXTRATLEITIMPL_220526_0408_20000000018202967951_000.jpg
3011099400;13;P111;PSP_EXTRATLEITIMPL_220526_0408_20000000013252970267_000.jpg
3204914965;296;NA;PSP_EXTRATLEITIMPL_220526_0408_20000000012652955946_000.jpg
3011085082;38712;NA;PSP_EXTRATLEITIMPL_220526_0408_20000000014202971055_000.jpg
3011106917;25636;NA;PSP_EXTRATLEITIMPL_220526_0408_20000000015652967500_000.jpg
3010207222;67131;NA;PSP_EXTRATLEITIMPL_220526_0408_20000000009502973634_000.jpg
3011106892;82236;NA;PSP_EXTRATLEITIMPL_220526_0408_20000000005353000011_000.jpg
3131873912;158346;NA;PSP_EXTRATLEITIMPL_220526_0408_20000000015352985202_000.jpg
3225116244;102647;NA;PSP_EXTRATLEITIMPL_220526_0408_20000000004453005303_000.jpg
3211138512;66610;T181;NA
3244209938;5743;T181;PSP_EXTRATLEITIMPL_220526_0408_20000000000002996201_000.jpg
5257927581/3011023365;99999;NA;PSP_EXTRATLEITIMPL_220526_0408_20000000015702947945_000.jpg
3242345010;7903;T181;PSP_EXTRATLEITIMPL_220526_0408_20000000010702984406_000.jpg
3011032647;22027;NA;PSP_EXTRATLEITIMPL_220526_0408_20000000017302984923_000.jpg
3211864175;11390;NA;NA
3011167281;15827;NA;PSP_EXTRATLEITIMPL_220526_0408_20000000003802988440_000.jpg
3205571026;5631;NA;PSP_EXTRATLEITIMPL_220526_0408_20000000017402995397_000.jpg
3011007182;9346;NA;PSP_EXTRATLEITIMPL_220526_0408_20000000017402986834_000.jpg
3201575400;16603;NA;PSP_EXTRATLEITIMPL_220526_0408_20000000010802958959_000.jpg
3140838828;11899;NA;PSP_EXTRATLEITIMPL_220526_0408_20000000001802999410_000.jpg
3011201432;83021;NA;PSP_EXTRATLEITIMPL_220526_0408_20000000009302973589_000.jpg
3010253333;94657;NA;PSP_EXTRATLEITIMPL_220526_0408_20000000017752984671_000.jpg
3226086535;1692;NA;NA
3121755768;11050;B111;NA
6251479818/3154892620;383;NA;PSP_EXTRATLEITIMPL_220526_0408_20000000003202983780_000.jpg
3011119922;19496;NA;PSP_EXTRATLEITIMPL_220526_0408_20000000019652982531_000.jpg
3212378061;270851;NA;PSP_EXTRATLEITIMPL_220526_0408_20000000009552949997_000.jpg
3220071030;0;NA;NA
3231096689;38665;T181;PSP_EXTRATLEITIMPL_220526_0408_20000000018052957998_000.jpg
3011092272;4823;T111;PSP_EXTRATLEITIMPL_220526_0408_20000000017253004011_000.jpg
3011168455;4649;NA;PSP_EXTRATLEITIMPL_220526_0408_20000000012252970648_000.jpg
3181685297;311345;NA;PSP_EXTRATLEITIMPL_220526_0408_20000000007152961960_000.jpg
3220369845;28832;T181;PSP_EXTRATLEITIMPL_220526_0408_20000000017502979808_000.jpg
3011122551;3662;NA;PSP_EXTRATLEITIMPL_220526_0408_20000000006052970757_000.jpg
3011020265;5986;NA;PSP_EXTRATLEITIMPL_220526_0408_20000000016202975015_000.jpg
3011178804;47187;NA;PSP_EXTRATLEITIMPL_220526_0408_20000000005552978433_000.jpg
3160413920;6250;NA;PSP_EXTRATLEITIMPL_220526_0408_20000000011152972587_000.jpg
3011180578;63777;NA;PSP_EXTRATLEITIMPL_220526_0408_20000000019202960983_000.jpg
3213891277;12578;NA;PSP_EXTRATLEITIMPL_220526_0408_20000000018952984417_000.jpg
3231823262;1611;NA;PSP_EXTRATLEITIMPL_220526_0408_20000000007102978414_000.jpg
3011003246;9893;NA;PSP_EXTRATLEITIMPL_220526_0408_20000000007602974544_000.jpg
3191042602;166270;NA;PSP_EXTRATLEITIMPL_220526_0408_20000000012252979199_000.jpg
3243803313/3011180886;4426;NA;PSP_EXTRATLEITIMPL_220526_0408_20000000012702966782_000.jpg
3170284690;588690;NA;PSP_EXTRATLEITIMPL_220526_0408_20000000004302975924_000.jpg
3011106479;67497;L131;NA
3011087705;2435;NA;PSP_EXTRATLEITIMPL_220526_0408_20000000002652991274_000.jpg
3011101799;6899;NA;PSP_EXTRATLEITIMPL_220526_0408_20000000015252988317_000.jpg
3203935390;71647;T181;PSP_EXTRATLEITIMPL_220526_0408_20000000004102983129_000.jpg
3212545359;19783;T181;PSP_EXTRATLEITIMPL_220526_0408_20000000010502981060_000.jpg
3011087869;1286;P111;PSP_EXTRATLEITIMPL_220526_0408_20000000013252975012_000.jpg
3011089059;5960;NA;PSP_EXTRATLEITIMPL_220526_0408_20000000013752980038_000.jpg
3233177279;7026;NA;PSP_EXTRATLEITIMPL_220526_0408_20000000017452993058_000.jpg
3011114371;66984;NA;NA
3220294292;15605;T181;PSP_EXTRATLEITIMPL_220526_0408_20000000002752986539_000.jpg
3011088230;6;P111;PSP_EXTRATLEITIMPL_220526_0408_20000000009802945988_000.jpg
3212651159;6316;NA;PSP_EXTRATLEITIMPL_220526_0408_20000000019252991053_000.jpg
3223352897;15197;T181;PSP_EXTRATLEITIMPL_220526_0408_20000000018653004036_000.jpg
3211163657;12075;T181;PSP_EXTRATLEITIMPL_220526_0408_20000000009552966660_000.jpg
3011201167;10635;NA;PSP_EXTRATLEITIMPL_220526_0408_20000000009002977659_000.jpg
3204787416;5700;NA;PSP_EXTRATLEITIMPL_220526_0408_20000000015052944874_000.jpg
3201832330;1223;NA;PSP_EXTRATLEITIMPL_220526_0408_20000000004753007060_000.jpg
3211152752;32177;T181;PSP_EXTRATLEITIMPL_220526_0408_20000000003502993386_000.jpg
3011100218;12499;NA;NA
3011202248;73279;NA;PSP_EXTRATLEITIMPL_220526_0408_20000000006752966907_000.jpg
3011125943;59551;NA;PSP_EXTRATLEITIMPL_220526_0408_20000000001352999016_000.jpg
3011205196;28411;NA;PSP_EXTRATLEITIMPL_220526_0408_20000000019052982306_000.jpg
3180763081;6658;NA;NA
3011205155;59283;NA;PSP_EXTRATLEITIMPL_220526_0408_20000000006853000197_000.jpg
3160992203;77532;NA;PSP_EXTRATLEITIMPL_220526_0408_20000000000452948970_000.jpg
3181706596;5084;NA;PSP_EXTRATLEITIMPL_220526_0408_20000000019652978782_001.jpg
3011157423;22496;NA;PSP_EXTRATLEITIMPL_220526_0408_20000000015752950937_000.jpg
3192165139;232768;NA;PSP_EXTRATLEITIMPL_220526_0408_20000000018652997384_000.jpg
3190120774;10723;T111;PSP_EXTRATLEITIMPL_220526_0408_20000000015752971408_000.jpg
3213458980;31336;NA;PSP_EXTRATLEITIMPL_220526_0408_20000000013352965671_000.jpg
71207498;50013;T111;PSP_EXTRATLEITIMPL_220526_0408_20000000001552988414_000.jpg
3214295147;58607;T181;PSP_EXTRATLEITIMPL_220526_0408_20000000006752983430_000.jpg
71849473;24;P111;PSP_EXTRATLEITIMPL_220526_0408_20000000004203001079_000.jpg
3200443305;29564;T181;PSP_EXTRATLEITIMPL_220526_0408_20000000007102985036_000.jpg
3242588400;8796;T181;PSP_EXTRATLEITIMPL_220526_0408_20000000017553005021_000.jpg
3011216237;130;P111;PSP_EXTRATLEITIMPL_220526_0408_20000000007852969934_000.jpg
3230114470;7999;NA;PSP_EXTRATLEITIMPL_220526_0408_20000000007902974684_000.jpg
3011201966;1142;NA;PSP_EXTRATLEITIMPL_220526_0408_20000000017202970875_000.jpg
3182160910;5441;NA;PSP_EXTRATLEITIMPL_220526_0408_20000000015102961884_000.jpg
3193267032;150397;NA;NA
3200623354;48;P111;PSP_EXTRATLEITIMPL_220526_0408_20000000009052965603_000.jpg
3202738400;935;NA;NA
3011103499;15511;T111;PSP_EXTRATLEITIMPL_220526_0408_20000000004702992904_000.jpg
3212214956;4069;L101;PSP_EXTRATLEITIMPL_220526_0408_20000000005752974379_000.jpg
3223840441;254281;NA;PSP_EXTRATLEITIMPL_220526_0408_20000000006552980780_001.jpg
5256619670/3192037262;5138;T181;PSP_EXTRATLEITIMPL_220526_0408_20000000008752972443_000.jpg
3011202723;4628;NA;PSP_EXTRATLEITIMPL_220526_0408_20000000000652955951_000.jpg
71365085;31797;NA;NA
3183646507;510253;NA;PSP_EXTRATLEITIMPL_220526_0408_20000000013502967773_000.jpg
3011124767;3;P111;PSP_EXTRATLEITIMPL_220526_0408_20000000002302969983_000.jpg
3222710986;35637;NA;PSP_EXTRATLEITIMPL_220526_0408_20000000004753006056_000.jpg
3220475149;187239;NA;PSP_EXTRATLEITIMPL_220526_0408_20000000013002944962_000.jpg
3131798830;51716;NA;PSP_EXTRATLEITIMPL_220526_0408_20000000002952990170_000.jpg
3011189945;70555;NA;PSP_EXTRATLEITIMPL_220526_0408_20000000011952972431_000.jpg
3011142555;39421;T111;PSP_EXTRATLEITIMPL_220526_0408_20000000016902990729_000.jpg
3011139152;15064;T111;PSP_EXTRATLEITIMPL_220526_0408_20000000007752961988_000.jpg
3212578702;45013;T181;PSP_EXTRATLEITIMPL_220526_0408_20000000017152980993_000.jpg
3243593858;1421;NA;PSP_EXTRATLEITIMPL_220526_0408_20000000009502979298_000.jpg
3242671367;41748;T181;PSP_EXTRATLEITIMPL_220526_0408_20000000012952970108_000.jpg
3225828090;2208;NA;PSP_EXTRATLEITIMPL_220526_0408_20000000015602960937_000.jpg
3120487085;52491;NA;PSP_EXTRATLEITIMPL_220526_0408_20000000012252957953_000.jpg
3200456067;44537;T181;PSP_EXTRATLEITIMPL_220526_0408_20000000015152989017_000.jpg
3242275020;58427;T181;PSP_EXTRATLEITIMPL_220526_0408_20000000016452987174_000.jpg
5257596542/3121146567;1582;T181;PSP_EXTRATLEITIMPL_220526_0408_20000000019803000036_000.jpg
3212592705;24103;T181;PSP_EXTRATLEITIMPL_220526_0408_20000000019252984427_000.jpg
3131883926;46844;NA;PSP_EXTRATLEITIMPL_220526_0408_20000000006352972912_000.jpg
3120484957;94001;NA;PSP_EXTRATLEITIMPL_220526_0408_20000000006702980656_000.jpg
3011194141;17548;NA;PSP_EXTRATLEITIMPL_220526_0408_20000000006302982640_000.jpg
3120280790;6924;T111;PSP_EXTRATLEITIMPL_220526_0408_20000000014802986254_000.jpg
3011194577;13463;NA;PSP_EXTRATLEITIMPL_220526_0408_20000000013302971504_000.jpg
3211159099;44021;T181;PSP_EXTRATLEITIMPL_220526_0408_20000000006502971946_000.jpg
3120795758;7955;NA;NA
3242352865/3132267650;6738;T181;PSP_EXTRATLEITIMPL_220526_0408_20000000000602969432_000.jpg
3180658733;3431;NA;NA
3120379789;70360;M101;PSP_EXTRATLEITIMPL_220526_0408_20000000011252975016_000.jpg
3120461825;68682;NA;PSP_EXTRATLEITIMPL_220526_0408_20000000006052980259_000.jpg
3132332605;272996;NA;PSP_EXTRATLEITIMPL_220526_0408_20000000016302983013_000.jpg
5257046445/3121124091;1;T181;PSP_EXTRATLEITIMPL_220526_0408_20000000015502975055_000.jpg
3120741330;16357;NA;PSP_EXTRATLEITIMPL_220526_0408_20000000004002966899_000.jpg
3120440127;28434;NA;PSP_EXTRATLEITIMPL_220526_0408_20000000016552982013_000.jpg
3161497494;32922;NA;PSP_EXTRATLEITIMPL_220526_0408_20000000001803005114_000.jpg
3120440836;96705;NA;PSP_EXTRATLEITIMPL_220526_0408_20000000007202987386_000.jpg
3193064964;22864;NA;PSP_EXTRATLEITIMPL_220526_0408_20000000015652970459_000.jpg
3191097814;105891;NA;NA
5256222630/3242434209/3160103859;18090;T181;PSP_EXTRATLEITIMPL_220526_0408_20000000018902975885_000.jpg
3120935290;47820;NA;NA
3120443746;60990;NA;PSP_EXTRATLEITIMPL_220526_0408_20000000001752970866_000.jpg
3245112172/3242469819;6655;NA;PSP_EXTRATLEITIMPL_220526_0408_20000000000402970900_000.jpg
3120886605;12004;NA;NA
3161480001;39912;NA;PSP_EXTRATLEITIMPL_220526_0408_20000000003103005013_000.jpg
3120439390;65338;NA;PSP_EXTRATLEITIMPL_220526_0408_20000000009402941958_000.jpg
3121347716;9301;NA;PSP_EXTRATLEITIMPL_220526_0408_20000000009852980730_000.jpg
6252034429/3121245735;99999;NA;PSP_EXTRATLEITIMPL_220526_0408_20000000002802991331_000.jpg
3120403248;30320;NA;PSP_EXTRATLEITIMPL_220526_0408_20000000004552982531_000.jpg
3204601738;26490;T181;PSP_EXTRATLEITIMPL_220526_0408_20000000005602945884_000.jpg
6250632400/6251153084/3203593413;16971;NA;PSP_EXTRATLEITIMPL_220526_0408_20000000010602963720_000.jpg
3121036290;93234;NA;PSP_EXTRATLEITIMPL_220526_0408_20000000007802963963_000.jpg
3120409114;167;L131;PSP_EXTRATLEITIMPL_220526_0408_20000000005003002072_000.jpg
3120450548;6502;NA;PSP_EXTRATLEITIMPL_220526_0408_20000000002402969779_000.jpg
3120726497;27553;NA;PSP_EXTRATLEITIMPL_220526_0408_20000000009652971684_000.jpg
3220846163;2124;NA;PSP_EXTRATLEITIMPL_220526_0408_20000000000752977015_000.jpg
3231085598;54646;T181;PSP_EXTRATLEITIMPL_220526_0408_20000000003452975689_000.jpg
5256941831/3203596927;6000;T161;PSP_EXTRATLEITIMPL_220526_0408_20000000006452988348_001.jpg
3121829281;18469;T111;PSP_EXTRATLEITIMPL_220526_0408_20000000013252962738_000.jpg
3120470034;85969;NA;PSP_EXTRATLEITIMPL_220526_0408_20000000004952997791_000.jpg
3121902990;28104;T111;PSP_EXTRATLEITIMPL_220526_0408_20000000010152946995_000.jpg
3120432930;69635;NA;PSP_EXTRATLEITIMPL_220526_0408_20000000018602985640_000.jpg
3121399589;35833;NA;PSP_EXTRATLEITIMPL_220526_0408_20000000015702969399_000.jpg
3120556095;10221;T111;PSP_EXTRATLEITIMPL_220526_0408_20000000019002954953_000.jpg
3203916387;80066;T181;PSP_EXTRATLEITIMPL_220526_0408_20000000016452972920_000.jpg
3120936874;81478;NA;NA
3120553517;6;P111;PSP_EXTRATLEITIMPL_220526_0408_20000000010002984055_000.jpg
5257625801/3131755014;495;NA;PSP_EXTRATLEITIMPL_220526_0408_20000000008902958830_000.jpg
3120432647;22235;NA;PSP_EXTRATLEITIMPL_220526_0408_20000000007402979297_000.jpg
3130316866;45850;NA;PSP_EXTRATLEITIMPL_220526_0408_20000000007702984485_000.jpg
3211130015;119354;T181;PSP_EXTRATLEITIMPL_220526_0408_20000000005103012022_000.jpg
3220311472;20087;T181;PSP_EXTRATLEITIMPL_220526_0408_20000000013052977087_000.jpg
3243425564;32662;T181;PSP_EXTRATLEITIMPL_220526_0408_20000000005552985034_000.jpg
3150164760;116374;NA;PSP_EXTRATLEITIMPL_220526_0408_20000000001452972916_000.jpg
6251931850/3122008117;16353;L131;PSP_EXTRATLEITIMPL_220526_0408_20000000009302981021_000.jpg
3243307340;8893;T181;PSP_EXTRATLEITIMPL_220526_0408_20000000012952971061_000.jpg
3222734834;58660;T181;PSP_EXTRATLEITIMPL_220526_0408_20000000001852993092_000.jpg
3243638126;1420;NA;PSP_EXTRATLEITIMPL_220526_0408_20000000011752948962_000.jpg
3194019296;141933;T181;PSP_EXTRATLEITIMPL_220526_0408_20000000005952984185_000.jpg
3194019385;164480;T181;PSP_EXTRATLEITIMPL_220526_0408_20000000002652992189_000.jpg
3194019318;149025;T181;PSP_EXTRATLEITIMPL_220526_0408_20000000005402997177_000.jpg
3130297853;85605;NA;PSP_EXTRATLEITIMPL_220526_0408_20000000010252971051_000.jpg
3211130554;248076;T181;PSP_EXTRATLEITIMPL_220526_0408_20000000003502992475_000.jpg
3130783472;392;B111;PSP_EXTRATLEITIMPL_220526_0408_20000000016952992260_000.jpg
3180007740;1891;NA;PSP_EXTRATLEITIMPL_220526_0408_20000000000352985239_000.jpg
3130088391;29198;NA;PSP_EXTRATLEITIMPL_220526_0408_20000000000552951963_000.jpg
3130295672;274443;NA;NA
3242527495;4318;T181;PSP_EXTRATLEITIMPL_220526_0408_20000000008152968740_000.jpg
3211167482;28008;T181;PSP_EXTRATLEITIMPL_220526_0408_20000000000452948972_000.jpg
3204603188;32554;T181;PSP_EXTRATLEITIMPL_220526_0408_20000000003152989533_000.jpg
3130477061;38178;NA;PSP_EXTRATLEITIMPL_220526_0408_20000000011702963836_000.jpg
3200510029;8613;NA;PSP_EXTRATLEITIMPL_220526_0408_20000000006302978772_000.jpg
3242509667;5687;T181;PSP_EXTRATLEITIMPL_220526_0408_20000000019652984416_000.jpg
3203915747;53489;T181;PSP_EXTRATLEITIMPL_220526_0408_20000000016902982991_000.jpg
3243775620;3901;T181;PSP_EXTRATLEITIMPL_220526_0408_20000000018702985281_000.jpg
3151948765;15192;NA;NA
3130473228;7196;L131;PSP_EXTRATLEITIMPL_220526_0408_20000000018952985263_000.jpg
3130364496;27147;NA;PSP_EXTRATLEITIMPL_220526_0408_20000000007902981205_000.jpg
3201981262;12154;NA;PSP_EXTRATLEITIMPL_220526_0408_20000000013602967704_000.jpg
70824515;4;P111;PSP_EXTRATLEITIMPL_220526_0408_20000000013102969943_000.jpg
3193271293;83619;NA;PSP_EXTRATLEITIMPL_220526_0408_20000000009952971026_000.jpg
3151929159;6677;NA;NA
3130948137;158;P111;PSP_EXTRATLEITIMPL_220526_0408_20000000004653001019_000.jpg
3203924924;20403;T181;PSP_EXTRATLEITIMPL_220526_0408_20000000015952958871_000.jpg
3213300228;43011;NA;PSP_EXTRATLEITIMPL_220526_0408_20000000014052984182_000.jpg
3131802586;640700;NA;PSP_EXTRATLEITIMPL_220526_0408_20000000013202974417_000.jpg
NF13672;23548;T111;PSP_EXTRATLEITIMPL_220526_0408_20000000018452980541_000.jpg
3223594114;1;NA;NA
3241440310;625;NA;PSP_EXTRATLEITIMPL_220526_0408_20000000005652970841_000.jpg
3242523422;6490;NA;PSP_EXTRATLEITIMPL_220526_0408_20000000007702972867_000.jpg
3131818415;427379;NA;PSP_EXTRATLEITIMPL_220526_0408_20000000019352982965_000.jpg
3180580556;14722;NA;NA
3180551599;22022;NA;NA
3161472980;177532;NA;PSP_EXTRATLEITIMPL_220526_0408_20000000019102968970_000.jpg
3221325000;2336;T111;PSP_EXTRATLEITIMPL_220526_0408_20000000001952992310_000.jpg
5260233647/3231809600;33647;NA;PSP_EXTRATLEITIMPL_220526_0408_20000000002003001146_000.jpg
3223324893;45901;T181;PSP_EXTRATLEITIMPL_220526_0408_20000000010752960916_000.jpg
3244264610;5361;T151;PSP_EXTRATLEITIMPL_220526_0408_20000000011302968671_000.jpg
3212716625;74448;T181;PSP_EXTRATLEITIMPL_220526_0408_20000000007552985005_000.jpg
3130583392;11190;NA;PSP_EXTRATLEITIMPL_220526_0408_20000000008702988142_000.jpg
3131285751;3419;NA;PSP_EXTRATLEITIMPL_220526_0408_20000000016953001013_000.jpg
3205103669;6058;NA;NA
3212679886;16829;NA;PSP_EXTRATLEITIMPL_220526_0408_20000000019803002023_000.jpg
3131555490;16141;NA;PSP_EXTRATLEITIMPL_220526_0408_20000000013652975403_000.jpg
3180660827;86164;T161;PSP_EXTRATLEITIMPL_220526_0408_20000000007952987003_000.jpg
3131803426;392;NA;PSP_EXTRATLEITIMPL_220526_0408_20000000003052986483_000.jpg
3201642697;53180;NA;PSP_EXTRATLEITIMPL_220526_0408_20000000013702957871_000.jpg
3220255998;10287;T181;PSP_EXTRATLEITIMPL_220526_0408_20000000019702961887_000.jpg
3132053579;19470;NA;NA
5256696373/3132058600;2625;NA;PSP_EXTRATLEITIMPL_220526_0408_20000000003452971797_000.jpg
3132307996;129897;NA;PSP_EXTRATLEITIMPL_220526_0408_20000000013152968766_000.jpg
3132329701;117682;NA;PSP_EXTRATLEITIMPL_220526_0408_20000000001602987555_000.jpg
3242769456;8482;T181;PSP_EXTRATLEITIMPL_220526_0408_20000000009552963814_000.jpg
3193278859;65555;NA;PSP_EXTRATLEITIMPL_220526_0408_20000000013452985106_000.jpg
3132313597;93828;NA;PSP_EXTRATLEITIMPL_220526_0408_20000000017952973617_000.jpg
3213836438;7;T181;PSP_EXTRATLEITIMPL_220526_0408_20000000012752958857_000.jpg
3220398586;12083;NA;PSP_EXTRATLEITIMPL_220526_0408_20000000007152983629_000.jpg
3230078474;122822;T181;PSP_EXTRATLEITIMPL_220526_0408_20000000019252979663_000.jpg
3220326020;20182;T181;NA
3133196837;43123;NA;PSP_EXTRATLEITIMPL_220526_0408_20000000013352953938_000.jpg
3133250009;11738;NA;PSP_EXTRATLEITIMPL_220526_0408_20000000015752953932_000.jpg
3223270564;27039;NA;PSP_EXTRATLEITIMPL_220526_0408_20000000001252988116_000.jpg
3241074853;18627;T181;PSP_EXTRATLEITIMPL_220526_0408_20000000002502987609_000.jpg
3131855531;100343;NA;PSP_EXTRATLEITIMPL_220526_0408_20000000016152957896_000.jpg
5256932433/3132310440;2246;NA;PSP_EXTRATLEITIMPL_220526_0408_20000000012402959880_000.jpg
3220289701;14588;T181;PSP_EXTRATLEITIMPL_220526_0408_20000000013602973380_000.jpg
3201577941;73784;NA;PSP_EXTRATLEITIMPL_220526_0408_20000000008352986550_000.jpg
3171840308;10628;NA;PSP_EXTRATLEITIMPL_220526_0408_20000000007752982537_000.jpg
3131827562;93155;NA;PSP_EXTRATLEITIMPL_220526_0408_20000000013802965787_000.jpg
3203597613;58093;NA;PSP_EXTRATLEITIMPL_220526_0408_20000000016603010024_000.jpg
3171410982;127522;NA;PSP_EXTRATLEITIMPL_220526_0408_20000000019702967775_000.jpg
3131488784;12432;L131;PSP_EXTRATLEITIMPL_220526_0408_20000000002702988309_000.jpg
3170264702;29685;NA;PSP_EXTRATLEITIMPL_220526_0408_20000000003302993324_000.jpg
3220428973;35741;NA;PSP_EXTRATLEITIMPL_220526_0408_20000000011252971186_000.jpg
3214292164;86063;T181;PSP_EXTRATLEITIMPL_220526_0408_20000000002152952944_000.jpg
3131822412;93542;NA;PSP_EXTRATLEITIMPL_220526_0408_20000000010102949960_000.jpg
3190381284;25898;NA;PSP_EXTRATLEITIMPL_220526_0408_20000000010452973196_001.jpg
3132672333;8236;NA;NA
3230012805;24830;T181;PSP_EXTRATLEITIMPL_220526_0408_20000000001002973076_000.jpg
3132618789;0;NA;NA
3132413494;16663;NA;NA
3132613442;9128;T111;PSP_EXTRATLEITIMPL_220526_0408_20000000005452972713_000.jpg
6250639102/3172801292;4837;NA;NA
3131886690;84315;NA;PSP_EXTRATLEITIMPL_220526_0408_20000000009952946883_000.jpg
3202690768;21038;NA;NA
3191111833;70596;NA;PSP_EXTRATLEITIMPL_220526_0408_20000000008102985568_000.jpg
3210134190;5504;NA;PSP_EXTRATLEITIMPL_220526_0408_20000000012652973594_000.jpg
3244328570;153870;NA;PSP_EXTRATLEITIMPL_220526_0408_20000000013452967919_000.jpg
3131886178;111106;NA;PSP_EXTRATLEITIMPL_220526_0408_20000000019602977607_000.jpg
3161763607;8729;M141;PSP_EXTRATLEITIMPL_220526_0408_20000000004302973976_000.jpg
3150570947;1229;NA;PSP_EXTRATLEITIMPL_220526_0408_20000000009252976269_000.jpg
3212344876;14444;NA;PSP_EXTRATLEITIMPL_220526_0408_20000000012852976298_000.jpg
3222735059;29955;T181;PSP_EXTRATLEITIMPL_220526_0408_20000000013102959996_000.jpg
3232982070;4865;NA;NA
3224848985;2644;NA;PSP_EXTRATLEITIMPL_220526_0408_20000000018502985124_000.jpg
3132344379;52001;NA;NA
3132534305;24182;NA;PSP_EXTRATLEITIMPL_220526_0408_20000000018352983299_000.jpg
3161199280;19029;NA;PSP_EXTRATLEITIMPL_220526_0408_20000000019452992062_000.jpg
3140733724;1;NA;NA
3140609861;320462;NA;PSP_EXTRATLEITIMPL_220526_0408_20000000003652994219_000.jpg
3140720932;16729;NA;PSP_EXTRATLEITIMPL_220526_0408_20000000008802979204_000.jpg
3132581168;6851;NA;PSP_EXTRATLEITIMPL_220526_0408_20000000001952999027_000.jpg
3140617791;16005;M101;PSP_EXTRATLEITIMPL_220526_0408_20000000011302966794_000.jpg
3140163723;36268;NA;PSP_EXTRATLEITIMPL_220526_0408_20000000016252951969_000.jpg
3140112185;11613;NA;PSP_EXTRATLEITIMPL_220526_0408_20000000000002991455_000.jpg
3140694524;16404;NA;PSP_EXTRATLEITIMPL_220526_0408_20000000011852969630_000.jpg
3132344816;65638;NA;PSP_EXTRATLEITIMPL_220526_0408_20000000004753005143_000.jpg
3132344891;121871;NA;PSP_EXTRATLEITIMPL_220526_0408_20000000005253009165_000.jpg
3132378117;54834;NA;NA
3242688480;5334;NA;PSP_EXTRATLEITIMPL_220526_0408_20000000008852985011_000.jpg
3152066820;60654;NA;PSP_EXTRATLEITIMPL_220526_0408_20000000007802968971_000.jpg
5256544646/3151306356;1117;NA;PSP_EXTRATLEITIMPL_220526_0408_20000000012852961910_000.jpg
3193199541;17219;T181;PSP_EXTRATLEITIMPL_220526_0408_20000000001402991137_000.jpg
3132377528;16231;NA;PSP_EXTRATLEITIMPL_220526_0408_20000000003902972684_000.jpg
3142311975;7850;NA;PSP_EXTRATLEITIMPL_220526_0408_20000000004603013280_000.jpg
3140668710;38782;NA;NA
3161436347;285;NA;PSP_EXTRATLEITIMPL_220526_0408_20000000014952955884_003.jpg
3224251660;442;P111;PSP_EXTRATLEITIMPL_220526_0408_20000000007952974675_000.jpg
3170521454;27036;NA;NA
3140666040;65258;NA;PSP_EXTRATLEITIMPL_220526_0408_20000000001002970321_000.jpg
3242671294;13968;T181;PSP_EXTRATLEITIMPL_220526_0408_20000000008652979713_000.jpg
3154855695;96977;NA;PSP_EXTRATLEITIMPL_220526_0408_20000000009402941960_000.jpg
3132845947;10341;NA;PSP_EXTRATLEITIMPL_220526_0408_20000000008752953979_000.jpg
3141858857;9834;NA;PSP_EXTRATLEITIMPL_220526_0408_20000000007902964980_000.jpg
3141290982;20;P111;PSP_EXTRATLEITIMPL_220526_0408_20000000017252992434_000.jpg
3141823107;275;P111;PSP_EXTRATLEITIMPL_220526_0408_20000000003452970821_000.jpg
3141817956;17657;T111;PSP_EXTRATLEITIMPL_220526_0408_20000000017653002044_000.jpg
3231925111;2961;NA;PSP_EXTRATLEITIMPL_220526_0408_20000000011902954912_000.jpg
3141810285;10034;NA;NA
3172014339;3833;NA;PSP_EXTRATLEITIMPL_220526_0408_20000000016552955992_000.jpg
3181044372;576;NA;NA
3153038090;41282;NA;PSP_EXTRATLEITIMPL_220526_0408_20000000014252958809_000.jpg
3222732211;53839;NA;PSP_EXTRATLEITIMPL_220526_0408_20000000013452988007_000.jpg
3141899294;16341;NA;PSP_EXTRATLEITIMPL_220526_0408_20000000015202972794_000.jpg
3141907718;23351;NA;PSP_EXTRATLEITIMPL_220526_0408_20000000017152985943_000.jpg
3153464587;14430;NA;PSP_EXTRATLEITIMPL_220526_0408_20000000014752972184_000.jpg
5261792780/3231317642;19616;NA;PSP_EXTRATLEITIMPL_220526_0408_20000000007202992056_000.jpg
3141403817;1605;NA;PSP_EXTRATLEITIMPL_220526_0408_20000000010752955985_000.jpg
3212499055;85776;NA;PSP_EXTRATLEITIMPL_220526_0408_20000000016102936991_000.jpg
3205432654;7773;NA;PSP_EXTRATLEITIMPL_220526_0408_20000000011602971022_000.jpg
3140459630;42252;NA;PSP_EXTRATLEITIMPL_220526_0408_20000000017352991909_000.jpg
3142614749;22356;NA;PSP_EXTRATLEITIMPL_220526_0408_20000000006002977671_000.jpg
6251202840/3241765988;1164;NA;PSP_EXTRATLEITIMPL_220526_0408_20000000011102969312_000.jpg
3161438765;443219;NA;PSP_EXTRATLEITIMPL_220526_0408_20000000004452986956_000.jpg
3220258849;10180;T181;PSP_EXTRATLEITIMPL_220526_0408_20000000010252959612_000.jpg
3141901400;10016;NA;PSP_EXTRATLEITIMPL_220526_0408_20000000012252977290_000.jpg
3211127383;191021;T181;PSP_EXTRATLEITIMPL_220526_0408_20000000014102945895_000.jpg
3140769672;7316;T111;PSP_EXTRATLEITIMPL_220526_0408_20000000019553003012_000.jpg
3244207650;6214;T181;NA
3222729628;12685;T181;PSP_EXTRATLEITIMPL_220526_0408_20000000009452958895_000.jpg
3222318091;15741;NA;PSP_EXTRATLEITIMPL_220526_0408_20000000003252998431_000.jpg
3141598464;1315;NA;PSP_EXTRATLEITIMPL_220526_0408_20000000007202978779_000.jpg
3141367861;25;P111;PSP_EXTRATLEITIMPL_220526_0408_20000000012102975637_000.jpg
3241205249/3150463466;39659;NA;NA
3141344667;60016;NA;PSP_EXTRATLEITIMPL_220526_0408_20000000006402965925_000.jpg
3150468484;104249;NA;NA
3190286494;10643;NA;PSP_EXTRATLEITIMPL_220526_0408_20000000009602972783_000.jpg
3150586908;16352;NA;PSP_EXTRATLEITIMPL_220526_0408_20000000008252948900_000.jpg
3150484153;2614;NA;PSP_EXTRATLEITIMPL_220526_0408_20000000002502984693_000.jpg
3194013956;119683;T181;PSP_EXTRATLEITIMPL_220526_0408_20000000004652969988_000.jpg
3170249592;116018;NA;PSP_EXTRATLEITIMPL_220526_0408_20000000018202990025_000.jpg
3150866250;14654;NA;PSP_EXTRATLEITIMPL_220526_0408_20000000004702997722_000.jpg
3150150719;96214;NA;PSP_EXTRATLEITIMPL_220526_0408_20000000004052982881_000.jpg
3204401429;2300;NA;PSP_EXTRATLEITIMPL_220526_0408_20000000009902955944_000.jpg
3150124556;196034;NA;PSP_EXTRATLEITIMPL_220526_0408_20000000000152973389_000.jpg
3231099386;9674;T181;PSP_EXTRATLEITIMPL_220526_0408_20000000003402970902_000.jpg
3150131625;55401;NA;PSP_EXTRATLEITIMPL_220526_0408_20000000008602984393_000.jpg
3150808005;103269;NA;PSP_EXTRATLEITIMPL_220526_0408_20000000015602977469_000.jpg
3120491988;4172;NA;NA
3244542874/3224511018;263;P111;PSP_EXTRATLEITIMPL_220526_0408_20000000003602991029_000.jpg
3245175913/3131770218;3036;NA;PSP_EXTRATLEITIMPL_220526_0408_20000000002452987659_000.jpg
3153215420;21108;NA;PSP_EXTRATLEITIMPL_220526_0408_20000000010252947938_000.jpg
3130871045;0;NA;NA
3130871088;0;NA;NA
3150851407;11;NA;PSP_EXTRATLEITIMPL_220526_0408_20000000003752976289_000.jpg
3245104064/3201190931;4088;NA;NA
3150164396;194499;NA;PSP_EXTRATLEITIMPL_220526_0408_20000000006802985417_000.jpg
3151208265;24182;NA;PSP_EXTRATLEITIMPL_220526_0408_20000000011502976552_000.jpg
3192234017;3625;NA;NA
3171347075;10063;NA;NA
3150801833;150543;NA;PSP_EXTRATLEITIMPL_220526_0408_20000000010702962960_000.jpg
3172332187;19;NA;PSP_EXTRATLEITIMPL_220526_0408_20000000007102987017_000.jpg
3220256730;9796;T181;PSP_EXTRATLEITIMPL_220526_0408_20000000018852985298_000.jpg
3151750647;34106;NA;PSP_EXTRATLEITIMPL_220526_0408_20000000013852956987_000.jpg
3151707113;18131;T111;PSP_EXTRATLEITIMPL_220526_0408_20000000016802986787_000.jpg
3222754932;18892;T181;PSP_EXTRATLEITIMPL_220526_0408_20000000000502964647_000.jpg
3182274576;3374;NA;PSP_EXTRATLEITIMPL_220526_0408_20000000002202979460_000.jpg
3211284063;48111;T181;PSP_EXTRATLEITIMPL_220526_0408_20000000010302959984_000.jpg
3171295849;18157;NA;PSP_EXTRATLEITIMPL_220526_0408_20000000007702984487_000.jpg
3203933079;25844;T181;PSP_EXTRATLEITIMPL_220526_0408_20000000007402957982_000.jpg
3212572208;225159;T181;PSP_EXTRATLEITIMPL_220526_0408_20000000019602983279_000.jpg
3151226310;11484;NA;PSP_EXTRATLEITIMPL_220526_0408_20000000010302965855_000.jpg
3153048540;6529;NA;PSP_EXTRATLEITIMPL_220526_0408_20000000003352973286_000.jpg
3214290722;53607;T181;PSP_EXTRATLEITIMPL_220526_0408_20000000018152982168_000.jpg
70743370;4026;NA;PSP_EXTRATLEITIMPL_220526_0408_20000000003152989535_000.jpg
3230016282;24872;T181;NA
80682450;3044;NA;PSP_EXTRATLEITIMPL_220526_0408_20000000008402972070_000.jpg
3153767199;10257;NA;NA
3220342980;21082;T181;PSP_EXTRATLEITIMPL_220526_0408_20000000012302977715_000.jpg
3153326605;10839;NA;PSP_EXTRATLEITIMPL_220526_0408_20000000002552982310_000.jpg
3222758903;18909;T181;PSP_EXTRATLEITIMPL_220526_0408_20000000013602979016_000.jpg
3203910133;38675;T181;PSP_EXTRATLEITIMPL_220526_0408_20000000002702972872_000.jpg
3181030720;221484;T181;PSP_EXTRATLEITIMPL_220526_0408_20000000019752978503_000.jpg
3153817617;5289;M101;PSP_EXTRATLEITIMPL_220526_0408_20000000012852974438_000.jpg
3171307294;2225;NA;NA
3150091402;54991;NA;PSP_EXTRATLEITIMPL_220526_0408_20000000001502970964_000.jpg
3192333503;2519;R111;PSP_EXTRATLEITIMPL_220526_0408_20000000011852970615_000.jpg
3230947510;32578;T181;PSP_EXTRATLEITIMPL_220526_0408_20000000019902996191_000.jpg
3154851983;43952;NA;PSP_EXTRATLEITIMPL_220526_0408_20000000015352975699_000.jpg
3172863301;18074;NA;NA
3244351807;932;NA;PSP_EXTRATLEITIMPL_220526_0408_20000000003702977788_000.jpg
3193544508;13671;NA;PSP_EXTRATLEITIMPL_220526_0408_20000000014402970412_000.jpg
3152824342;11;P111;PSP_EXTRATLEITIMPL_220526_0408_20000000006802984500_000.jpg
3213729763;2247;NA;PSP_EXTRATLEITIMPL_220526_0408_20000000008352976908_000.jpg
3154865461;112399;NA;PSP_EXTRATLEITIMPL_220526_0408_20000000010802958963_000.jpg
6252107647/3150654113;271;T181;PSP_EXTRATLEITIMPL_220526_0408_20000000006602987533_000.jpg
3192287811;0;NA;NA
3180671969;94796;NA;PSP_EXTRATLEITIMPL_220526_0408_20000000014302970508_002.jpg
3231031781;36299;T181;PSP_EXTRATLEITIMPL_220526_0408_20000000000102978023_000.jpg
3221194879;15;P111;PSP_EXTRATLEITIMPL_220526_0408_20000000007452982215_000.jpg
3225025346;42357;L101;PSP_EXTRATLEITIMPL_220526_0408_20000000009452964728_000.jpg
3152281551;8;P111;PSP_EXTRATLEITIMPL_220526_0408_20000000016452977695_000.jpg
3154241786;3266;NA;PSP_EXTRATLEITIMPL_220526_0408_20000000008152983042_000.jpg
3203925513;38326;T181;PSP_EXTRATLEITIMPL_220526_0408_20000000001652978799_000.jpg
3154022065;1091;L101;PSP_EXTRATLEITIMPL_220526_0408_20000000017303006031_000.jpg
3212755418;4140;NA;NA
3182175217;7110;NA;PSP_EXTRATLEITIMPL_220526_0408_20000000002102981434_000.jpg
3212473854;4655;NA;PSP_EXTRATLEITIMPL_220526_0408_20000000017252983846_000.jpg
3222699150;40358;NA;PSP_EXTRATLEITIMPL_220526_0408_20000000010202965834_000.jpg
3181706561;68331;T181;PSP_EXTRATLEITIMPL_220526_0408_20000000002002988826_000.jpg
3172607062;1904;T111;PSP_EXTRATLEITIMPL_220526_0408_20000000001752966976_000.jpg
3212814635;5662;NA;PSP_EXTRATLEITIMPL_220526_0408_20000000001802982959_000.jpg
3171395754;577205;NA;NA
3230016185;20905;T181;PSP_EXTRATLEITIMPL_220526_0408_20000000017403001075_000.jpg
3160128398;69364;NA;PSP_EXTRATLEITIMPL_220526_0408_20000000011752975180_000.jpg
3154652824;13;P111;PSP_EXTRATLEITIMPL_220526_0408_20000000013202974418_000.jpg
3154678076;32875;NA;PSP_EXTRATLEITIMPL_220526_0408_20000000003102984838_000.jpg
3160379749;21108;NA;PSP_EXTRATLEITIMPL_220526_0408_20000000012952962523_000.jpg
3154694470;0;P111;PSP_EXTRATLEITIMPL_220526_0408_20000000004502980557_000.jpg
3242360590;6867;T181;PSP_EXTRATLEITIMPL_220526_0408_20000000015752953933_000.jpg
3160135270;19483;NA;NA
3242528076;14017;T181;PSP_EXTRATLEITIMPL_220526_0408_20000000000252972984_000.jpg
3154727409;27230;NA;PSP_EXTRATLEITIMPL_220526_0408_20000000012552955876_000.jpg
3242419420;6;M141;PSP_EXTRATLEITIMPL_220526_0408_20000000010752955986_000.jpg
3203793676;25428;T181;PSP_EXTRATLEITIMPL_220526_0408_20000000002652985673_000.jpg
3160731388;5167;NA;PSP_EXTRATLEITIMPL_220526_0408_20000000018902980759_000.jpg
3011112806;9420;NA;PSP_EXTRATLEITIMPL_220526_0408_20000000007052990190_000.jpg
3222748550;20172;T181;PSP_EXTRATLEITIMPL_220526_0408_20000000015252991063_000.jpg
3132631491;31050;NA;PSP_EXTRATLEITIMPL_220526_0408_20000000010402943975_000.jpg
3153357330;11481;NA;PSP_EXTRATLEITIMPL_220526_0408_20000000007552978369_000.jpg
3171697114;177430;T181;PSP_EXTRATLEITIMPL_220526_0408_20000000011752955899_000.jpg
3171090201;1547;NA;PSP_EXTRATLEITIMPL_220526_0408_20000000012602982282_000.jpg
3161473390;41168;NA;PSP_EXTRATLEITIMPL_220526_0408_20000000010702989017_000.jpg
3170255738;458690;NA;PSP_EXTRATLEITIMPL_220526_0408_20000000007802986294_000.jpg
3161503168;186478;NA;PSP_EXTRATLEITIMPL_220526_0408_20000000000802956944_000.jpg
3211118830;69110;T181;PSP_EXTRATLEITIMPL_220526_0408_20000000017303002187_000.jpg
3160539070;7390;NA;PSP_EXTRATLEITIMPL_220526_0408_20000000008052974416_000.jpg
3154472281;26400;T111;PSP_EXTRATLEITIMPL_220526_0408_20000000009852970916_000.jpg
3230003865;13132;T181;PSP_EXTRATLEITIMPL_220526_0408_20000000000502972030_000.jpg
3161082960;26826;NA;PSP_EXTRATLEITIMPL_220526_0408_20000000009552946982_000.jpg
5250084465/3231263461;291;NA;PSP_EXTRATLEITIMPL_220526_0408_20000000019352994425_000.jpg
3154466001;170;B111;PSP_EXTRATLEITIMPL_220526_0408_20000000014702971460_000.jpg
3222145090;7903;NA;PSP_EXTRATLEITIMPL_220526_0408_20000000008002966683_000.jpg
3141253360;19167;NA;PSP_EXTRATLEITIMPL_220526_0408_20000000007902978430_000.jpg
3160476469;3;B111;PSP_EXTRATLEITIMPL_220526_0408_20000000013002944966_000.jpg
3160533063;12435;NA;PSP_EXTRATLEITIMPL_220526_0408_20000000016152975189_000.jpg
3230907756;10803;T181;PSP_EXTRATLEITIMPL_220526_0408_20000000015102969893_000.jpg
3160602766;5182;NA;PSP_EXTRATLEITIMPL_220526_0408_20000000009802953933_000.jpg
3161099952;5804;NA;PSP_EXTRATLEITIMPL_220526_0408_20000000019202957962_000.jpg
3161490562;310189;NA;PSP_EXTRATLEITIMPL_220526_0408_20000000012352952888_000.jpg
3161343217;7714;NA;PSP_EXTRATLEITIMPL_220526_0408_20000000005902984393_000.jpg
3245082419/3172805050;3834;T181;PSP_EXTRATLEITIMPL_220526_0408_20000000009402966426_000.jpg
3161254990;4843;NA;PSP_EXTRATLEITIMPL_220526_0408_20000000013952960823_000.jpg
3161676925;14939;NA;PSP_EXTRATLEITIMPL_220526_0408_20000000005702993004_000.jpg
3222657376;32391;NA;PSP_EXTRATLEITIMPL_220526_0408_20000000016252964804_000.jpg
3200310011;715;NA;PSP_EXTRATLEITIMPL_220526_0408_20000000000252985557_000.jpg
5257122036/3133163122;179;NA;PSP_EXTRATLEITIMPL_220526_0408_20000000019702968807_000.jpg
3225199824;3574;NA;NA
3161035377;8161;NA;PSP_EXTRATLEITIMPL_220526_0408_20000000006652969986_000.jpg
3161784183;5284;NA;PSP_EXTRATLEITIMPL_220526_0408_20000000013202977263_000.jpg
3223394026;6484;L101;PSP_EXTRATLEITIMPL_220526_0408_20000000005302980950_000.jpg
3204655358;9218;NA;PSP_EXTRATLEITIMPL_220526_0408_20000000004703012065_000.jpg
3170255347;215951;NA;PSP_EXTRATLEITIMPL_220526_0408_20000000009152987019_000.jpg
3170097342;5198;NA;PSP_EXTRATLEITIMPL_220526_0408_20000000019502980403_000.jpg
3241556955;6016;T181;PSP_EXTRATLEITIMPL_220526_0408_20000000015652957873_000.jpg
3170112660;6158;NA;PSP_EXTRATLEITIMPL_220526_0408_20000000018502969806_000.jpg
3242645390;15964;NA;PSP_EXTRATLEITIMPL_220526_0408_20000000002952977809_000.jpg
3241866229;1277;NA;PSP_EXTRATLEITIMPL_220526_0408_20000000015502943970_000.jpg
3223329810;63592;T181;PSP_EXTRATLEITIMPL_220526_0408_20000000007152977784_000.jpg
3170031180;19585;NA;PSP_EXTRATLEITIMPL_220526_0408_20000000008652966968_000.jpg
3245116453/3223354261;12803;T181;PSP_EXTRATLEITIMPL_220526_0408_20000000003552993045_000.jpg
3193968219;23608;P111;PSP_EXTRATLEITIMPL_220526_0408_20000000004603005832_000.jpg
3154173608;3409;NA;PSP_EXTRATLEITIMPL_220526_0408_20000000003352973287_000.jpg
3221973550;4442;NA;PSP_EXTRATLEITIMPL_220526_0408_20000000016202971360_000.jpg
3170124293;1001;NA;PSP_EXTRATLEITIMPL_220526_0408_20000000008402964590_000.jpg
3231034373;8626;T181;PSP_EXTRATLEITIMPL_220526_0408_20000000002352978592_000.jpg
3244203972;4594;T181;PSP_EXTRATLEITIMPL_220526_0408_20000000013102977542_000.jpg
3171246910;30858;NA;PSP_EXTRATLEITIMPL_220526_0408_20000000014952972038_000.jpg
3170786032;19887;NA;PSP_EXTRATLEITIMPL_220526_0408_20000000016002944977_000.jpg
3193450562;46300;NA;PSP_EXTRATLEITIMPL_220526_0408_20000000008852974582_000.jpg
3204758297;7716;NA;PSP_EXTRATLEITIMPL_220526_0408_20000000001852982646_000.jpg
3223285316;9112;T181;PSP_EXTRATLEITIMPL_220526_0408_20000000005502971983_000.jpg
3171251833;370683;NA;PSP_EXTRATLEITIMPL_220526_0408_20000000014602989079_000.jpg
3170255185;86079;NA;PSP_EXTRATLEITIMPL_220526_0408_20000000016603003208_000.jpg
3011223050;12692;NA;PSP_EXTRATLEITIMPL_220526_0408_20000000003302989586_000.jpg
3170312065;54;P111;PSP_EXTRATLEITIMPL_220526_0408_20000000013152978203_000.jpg
3170669710;47341;NA;PSP_EXTRATLEITIMPL_220526_0408_20000000000052989016_000.jpg
3160376901;39513;NA;PSP_EXTRATLEITIMPL_220526_0408_20000000004552975843_000.jpg
3170395998;7754;NA;PSP_EXTRATLEITIMPL_220526_0408_20000000000002980831_000.jpg
3220071781;11758;P111;PSP_EXTRATLEITIMPL_220526_0408_20000000018102999010_000.jpg
3170520067;10799;M121;PSP_EXTRATLEITIMPL_220526_0408_20000000018402978599_000.jpg
3170283685;20549;NA;PSP_EXTRATLEITIMPL_220526_0408_20000000013302977207_000.jpg
3171383322;47984;NA;PSP_EXTRATLEITIMPL_220526_0408_20000000002902996027_000.jpg
3171378566;20078;NA;PSP_EXTRATLEITIMPL_220526_0408_20000000009052964690_000.jpg
5257998403/3212454892;51125;NA;PSP_EXTRATLEITIMPL_220526_0408_20000000011552951981_000.jpg
3170358626;6212;NA;PSP_EXTRATLEITIMPL_220526_0408_20000000009752963875_000.jpg
5257208666/3171188074;727;NA;PSP_EXTRATLEITIMPL_220526_0408_20000000013452987024_000.jpg
3225044065;9138;NA;PSP_EXTRATLEITIMPL_220526_0408_20000000001002973077_000.jpg
3160902379;8743;NA;PSP_EXTRATLEITIMPL_220526_0408_20000000006102974817_000.jpg
3222554780;7244;NA;PSP_EXTRATLEITIMPL_220526_0408_20000000002702986406_000.jpg
3170878646;16731;NA;PSP_EXTRATLEITIMPL_220526_0408_20000000019752954993_000.jpg
3171691337;15176;NA;PSP_EXTRATLEITIMPL_220526_0408_20000000014752972186_000.jpg
3212571082;29327;T181;PSP_EXTRATLEITIMPL_220526_0408_20000000015902987105_000.jpg
3214292962;40148;T181;PSP_EXTRATLEITIMPL_220526_0408_20000000014002962644_000.jpg
3160985479;3632;T111;PSP_EXTRATLEITIMPL_220526_0408_20000000014102943965_000.jpg
3242496107;7622;T181;PSP_EXTRATLEITIMPL_220526_0408_20000000010202958997_000.jpg
3192207486;115844;T181;PSP_EXTRATLEITIMPL_220526_0408_20000000003152970950_000.jpg
3242590804;9139;T181;PSP_EXTRATLEITIMPL_220526_0408_20000000002252988441_000.jpg
3203766369;13117;T181;PSP_EXTRATLEITIMPL_220526_0408_20000000001602982805_000.jpg
3160928459;3451;NA;PSP_EXTRATLEITIMPL_220526_0408_20000000013952964558_000.jpg
3171668246;34718;NA;PSP_EXTRATLEITIMPL_220526_0408_20000000008202972674_000.jpg
3193087956;6886;NA;PSP_EXTRATLEITIMPL_220526_0408_20000000017752996041_000.jpg
3160970951;8229;T111;PSP_EXTRATLEITIMPL_220526_0408_20000000002402973690_000.jpg
3244027279/3202981932;1785;NA;PSP_EXTRATLEITIMPL_220526_0408_20000000012302977717_000.jpg
3223349535;11475;T181;PSP_EXTRATLEITIMPL_220526_0408_20000000013902985013_000.jpg
3172220656;3498;L131;PSP_EXTRATLEITIMPL_220526_0408_20000000018752986127_000.jpg
3171466180;0;V100;NA
3171993473;48113;NA;PSP_EXTRATLEITIMPL_220526_0408_20000000005502979839_000.jpg
3172324796;2766;NA;PSP_EXTRATLEITIMPL_220526_0408_20000000002352973809_000.jpg
3220238040;20144;T181;PSP_EXTRATLEITIMPL_220526_0408_20000000003552979820_000.jpg
3172199908;28746;NA;PSP_EXTRATLEITIMPL_220526_0408_20000000001352998028_000.jpg
3220242128;69358;T181;PSP_EXTRATLEITIMPL_220526_0408_20000000010652967445_000.jpg
3171773872;33842;NA;PSP_EXTRATLEITIMPL_220526_0408_20000000013652975409_000.jpg
3160887264;2007;NA;PSP_EXTRATLEITIMPL_220526_0408_20000000006952980649_000.jpg
3171281376;24157;NA;PSP_EXTRATLEITIMPL_220526_0408_20000000010652966575_000.jpg
3210600590;941;T111;PSP_EXTRATLEITIMPL_220526_0408_20000000008352970946_000.jpg
3180043410;7496;NA;NA
3212567077;30603;T181;PSP_EXTRATLEITIMPL_220526_0408_20000000016552966844_000.jpg
3172300684;7212;NA;PSP_EXTRATLEITIMPL_220526_0408_20000000000252993192_000.jpg
3172362159;2687;T111;PSP_EXTRATLEITIMPL_220526_0408_20000000015002972056_000.jpg
3172522270;5337;NA;PSP_EXTRATLEITIMPL_220526_0408_20000000005702977680_000.jpg
3211170211;23012;T181;PSP_EXTRATLEITIMPL_220526_0408_20000000004453007209_000.jpg
3172670503;1836;NA;PSP_EXTRATLEITIMPL_220526_0408_20000000012702982034_000.jpg
3172218767;9532;NA;PSP_EXTRATLEITIMPL_220526_0408_20000000014052978545_000.jpg
3223314529;574;T181;PSP_EXTRATLEITIMPL_220526_0408_20000000005802964937_000.jpg
3212447080;1641;NA;PSP_EXTRATLEITIMPL_220526_0408_20000000013852966898_000.jpg
3171256738;27823;NA;PSP_EXTRATLEITIMPL_220526_0408_20000000005952973775_000.jpg
3244322971/3241589454;20102;L101;PSP_EXTRATLEITIMPL_220526_0408_20000000014552970655_000.jpg
5252539885;297;NA;PSP_EXTRATLEITIMPL_220526_0408_20000000014652963975_000.jpg
3220367834;18825;T181;PSP_EXTRATLEITIMPL_220526_0408_20000000011452978033_000.jpg
3230154111;14067;NA;PSP_EXTRATLEITIMPL_220526_0408_20000000007652951977_000.jpg
3244163687/3172385337;8612;T111;PSP_EXTRATLEITIMPL_220526_0408_20000000011002967812_000.jpg
3203900880;15590;T181;PSP_EXTRATLEITIMPL_220526_0408_20000000003302995202_000.jpg
3203906314;24781;T181;PSP_EXTRATLEITIMPL_220526_0408_20000000006252986532_000.jpg
3223419070;13416;T181;PSP_EXTRATLEITIMPL_220526_0408_20000000003352977080_000.jpg
3172614131;5588;NA;NA
80580959;9556;NA;PSP_EXTRATLEITIMPL_220526_0408_20000000011602967401_000.jpg
3180144675;8516;NA;PSP_EXTRATLEITIMPL_220526_0408_20000000017452993063_000.jpg
3172331970;70527;NA;PSP_EXTRATLEITIMPL_220526_0408_20000000002352980508_000.jpg
3180140149;721;T111;PSP_EXTRATLEITIMPL_220526_0408_20000000007302971740_000.jpg
3171821842;187689;NA;NA
3180255639;0;P111;PSP_EXTRATLEITIMPL_220526_0408_20000000007802982562_000.jpg
3180255485;14288;NA;PSP_EXTRATLEITIMPL_220526_0408_20000000018252984099_000.jpg
71371859;19647;NA;PSP_EXTRATLEITIMPL_220526_0408_20000000014202957803_000.jpg
3220063258;2468;NA;NA
3242505874/3241630721;24515;T181;PSP_EXTRATLEITIMPL_220526_0408_20000000018452974802_000.jpg
3180457061;9772;NA;PSP_EXTRATLEITIMPL_220526_0408_20000000010402957791_000.jpg
3242320742;9066;T181;PSP_EXTRATLEITIMPL_220526_0408_20000000001402995035_000.jpg
3201552108;1756;NA;NA
3180447040;24472;NA;NA
3172217701;12281;NA;PSP_EXTRATLEITIMPL_220526_0408_20000000014002954876_000.jpg
3180907911;5072;NA;PSP_EXTRATLEITIMPL_220526_0408_20000000009252962882_000.jpg
3200745000;12073;NA;PSP_EXTRATLEITIMPL_220526_0408_20000000007652951978_000.jpg
3171723662;462255;NA;PSP_EXTRATLEITIMPL_220526_0408_20000000019252987312_000.jpg
3180494790;5705;T111;PSP_EXTRATLEITIMPL_220526_0408_20000000010002982274_000.jpg
3180976816;5744;NA;PSP_EXTRATLEITIMPL_220526_0408_20000000009802967580_000.jpg
3171718855;37823;NA;PSP_EXTRATLEITIMPL_220526_0408_20000000017702988629_000.jpg
3180968457;4797;NA;PSP_EXTRATLEITIMPL_220526_0408_20000000017902976821_000.jpg
3181513569;23130;NA;NA
6251163870/3170271172;0;T161;PSP_EXTRATLEITIMPL_220526_0408_20000000007252988286_001.jpg
3223329054;59087;T181;PSP_EXTRATLEITIMPL_220526_0408_20000000017952961922_000.jpg
3232976534;5294;NA;PSP_EXTRATLEITIMPL_220526_0408_20000000010952962780_000.jpg
3181346344;2514;T111;PSP_EXTRATLEITIMPL_220526_0408_20000000001302965976_000.jpg
3180480420;33808;L131;PSP_EXTRATLEITIMPL_220526_0408_20000000003452984106_000.jpg
3181559429;5406;NA;PSP_EXTRATLEITIMPL_220526_0408_20000000002102986149_000.jpg
3181353987;767;B111;PSP_EXTRATLEITIMPL_220526_0408_20000000005502989356_000.jpg
3222481286;116959;T181;PSP_EXTRATLEITIMPL_220526_0408_20000000000952946919_000.jpg
3244287858;6576;T181;PSP_EXTRATLEITIMPL_220526_0408_20000000010102959790_000.jpg
3180674534;122172;NA;PSP_EXTRATLEITIMPL_220526_0408_20000000010202982080_000.jpg
3011177042;2629;NA;PSP_EXTRATLEITIMPL_220526_0408_20000000015402965514_000.jpg
3181050640;45791;NA;PSP_EXTRATLEITIMPL_220526_0408_20000000002852978553_000.jpg
3182749248;2169;NA;PSP_EXTRATLEITIMPL_220526_0408_20000000006802991069_000.jpg
3223298795;104704;T181;PSP_EXTRATLEITIMPL_220526_0408_20000000007652980097_000.jpg
3181047622;20450;NA;PSP_EXTRATLEITIMPL_220526_0408_20000000005502994043_001.jpg
3182766789;7270;NA;PSP_EXTRATLEITIMPL_220526_0408_20000000015252986396_000.jpg
3182750289;7720;NA;NA
5260146841;2938;NA;NA
3192730782;5078;B111;PSP_EXTRATLEITIMPL_220526_0408_20000000016902993599_000.jpg
3245261313/3182766630;2722;NA;NA
3182749990;7474;NA;NA
3182765510;5206;NA;NA
3181129424;1196;T111;PSP_EXTRATLEITIMPL_220526_0408_20000000009052976017_000.jpg
3180674933;54454;NA;PSP_EXTRATLEITIMPL_220526_0408_20000000019402988320_001.jpg
3011011715;50558;NA;NA
3130263134;91157;NA;PSP_EXTRATLEITIMPL_220526_0408_20000000004102988000_000.jpg
3181992548;4242;NA;PSP_EXTRATLEITIMPL_220526_0408_20000000017202980578_000.jpg
3153266157;13212;NA;PSP_EXTRATLEITIMPL_220526_0408_20000000005202986824_000.jpg
3181980167;29551;NA;PSP_EXTRATLEITIMPL_220526_0408_20000000010302974707_000.jpg
3243486300/3181759673;451;NA;PSP_EXTRATLEITIMPL_220526_0408_20000000000852951915_000.jpg
3212573360;120362;T181;PSP_EXTRATLEITIMPL_220526_0408_20000000012602970783_000.jpg
3181695306;7955;NA;NA
3171755904;3187;NA;NA
6250630997/3241177903;71;NA;PSP_EXTRATLEITIMPL_220526_0408_20000000015652943977_001.jpg
3212334625;72752;NA;PSP_EXTRATLEITIMPL_220526_0408_20000000013552959910_000.jpg
3182940070;13;P111;PSP_EXTRATLEITIMPL_220526_0408_20000000004402975775_000.jpg
3214116943;0;NA;NA
3225195373;3323;NA;PSP_EXTRATLEITIMPL_220526_0408_20000000018752978529_000.jpg
3182750238;9228;NA;NA
3193448673;101162;NA;PSP_EXTRATLEITIMPL_220526_0408_20000000000452951921_000.jpg
3183089772;5564;NA;PSP_EXTRATLEITIMPL_220526_0408_20000000009702959823_000.jpg
3183651489;25376;NA;PSP_EXTRATLEITIMPL_220526_0408_20000000004652982817_000.jpg
3245076893/3242432982/3245076893/3245179293/3244322270;153617;NA;NA
3183589023;41017;NA;PSP_EXTRATLEITIMPL_220526_0408_20000000006352980662_000.jpg
3190516520;13788;NA;PSP_EXTRATLEITIMPL_220526_0408_20000000002602986657_000.jpg
3181694776;99054;NA;PSP_EXTRATLEITIMPL_220526_0408_20000000008802983016_000.jpg
3244251918/3132107318;3349;T181;PSP_EXTRATLEITIMPL_220526_0408_20000000019002971712_000.jpg
3190509515;1;NA;NA
3212531900;25594;T181;PSP_EXTRATLEITIMPL_220526_0408_20000000005702977682_000.jpg
3225032520;330349;NA;PSP_EXTRATLEITIMPL_220526_0408_20000000013652974544_000.jpg
3190369098;107180;NA;PSP_EXTRATLEITIMPL_220526_0408_20000000011952966740_000.jpg
3191795740;25031;NA;PSP_EXTRATLEITIMPL_220526_0408_20000000011002985026_000.jpg
3230966914;9292;T181;PSP_EXTRATLEITIMPL_220526_0408_20000000018652993544_000.jpg
3190599530;9451;NA;PSP_EXTRATLEITIMPL_220526_0408_20000000008102994025_000.jpg
3194023960;90823;T181;PSP_EXTRATLEITIMPL_220526_0408_20000000013102979504_000.jpg
3172776506/5256934894/3172776506/3211286090;11151;NA;NA
3191142330;4104;NA;PSP_EXTRATLEITIMPL_220526_0408_20000000009102980003_000.jpg
3203646614;2015;NA;NA
3183339230;0;V100;NA
3242750933;3464;NA;PSP_EXTRATLEITIMPL_220526_0408_20000000009552964746_000.jpg
3221967673;11362;NA;PSP_EXTRATLEITIMPL_220526_0408_20000000017702979973_000.jpg
3190778460;15117;NA;PSP_EXTRATLEITIMPL_220526_0408_20000000018702983452_000.jpg
5257877029/3190774375;4379;T181;PSP_EXTRATLEITIMPL_220526_0408_20000000005802971819_000.jpg
3190620017;21090;NA;PSP_EXTRATLEITIMPL_220526_0408_20000000000652975203_000.jpg
3180652719;34797;NA;NA
3182247595;4442;T111;PSP_EXTRATLEITIMPL_220526_0408_20000000006702968951_000.jpg
3220266795;45719;T181;PSP_EXTRATLEITIMPL_220526_0408_20000000003452972695_000.jpg
3182261300;1520;NA;NA
3183000437;3548;NA;PSP_EXTRATLEITIMPL_220526_0408_20000000012602972812_000.jpg
3200776517;67645;NA;NA
3183045287;6609;NA;PSP_EXTRATLEITIMPL_220526_0408_20000000010102973273_000.jpg
3182389500;12902;NA;NA
3191581350;5751;NA;PSP_EXTRATLEITIMPL_220526_0408_20000000019952985571_000.jpg
3181032579;11892;T161;PSP_EXTRATLEITIMPL_220526_0408_20000000013302960923_001.jpg
3191772740;5649;NA;PSP_EXTRATLEITIMPL_220526_0408_20000000016502963579_000.jpg
3190059854;379;NA;NA
3190701009;21400;NA;NA
3191983067;23315;NA;PSP_EXTRATLEITIMPL_220526_0408_20000000012502967981_000.jpg
3211125526;30364;T181;PSP_EXTRATLEITIMPL_220526_0408_20000000002053006013_000.jpg
3181699140;327;NA;PSP_EXTRATLEITIMPL_220526_0408_20000000016452975823_001.jpg
3191146300;5596;NA;PSP_EXTRATLEITIMPL_220526_0408_20000000001002959830_000.jpg
3191721135;12706;NA;PSP_EXTRATLEITIMPL_220526_0408_20000000006352992021_000.jpg
3222712466;34648;B131;PSP_EXTRATLEITIMPL_220526_0408_20000000008152959945_000.jpg
5257962662/3231640702;188;P111;PSP_EXTRATLEITIMPL_220526_0408_20000000001152977287_000.jpg
3190630349;34380;NA;PSP_EXTRATLEITIMPL_220526_0408_20000000019952988294_000.jpg
3141224874;8242;NA;PSP_EXTRATLEITIMPL_220526_0408_20000000014052984185_000.jpg
3191339206;5071;NA;NA
3231112803;4928;T181;PSP_EXTRATLEITIMPL_220526_0408_20000000004052984841_000.jpg
3192030551;9617;NA;PSP_EXTRATLEITIMPL_220526_0408_20000000001802988970_000.jpg
3192172984;2000;B111;PSP_EXTRATLEITIMPL_220526_0408_20000000012702961904_000.jpg
3190841030;2641;NA;PSP_EXTRATLEITIMPL_220526_0408_20000000011052973421_000.jpg
3242912011;7308;NA;PSP_EXTRATLEITIMPL_220526_0408_20000000015752972397_000.jpg
6251186772/3192167913;0;NA;PSP_EXTRATLEITIMPL_220526_0408_20000000013802958938_001.jpg
3190976270;8209;NA;NA
3190948837;5851;NA;PSP_EXTRATLEITIMPL_220526_0408_20000000001852975960_000.jpg
3193218945;13351;NA;PSP_EXTRATLEITIMPL_220526_0408_20000000002302979801_000.jpg
3223840948;1017;P111;PSP_EXTRATLEITIMPL_220526_0408_20000000001202972815_000.jpg
3214289759;66594;T181;PSP_EXTRATLEITIMPL_220526_0408_20000000016702982906_000.jpg
3220276723;38379;T181;PSP_EXTRATLEITIMPL_220526_0408_20000000008152978324_000.jpg
6251142031/5255952864/3193227626;0;T161;PSP_EXTRATLEITIMPL_220526_0408_20000000017052976971_000.jpg
3232188528/3192649780;7868;NA;PSP_EXTRATLEITIMPL_220526_0408_20000000019152968994_000.jpg
3192475154;25856;NA;PSP_EXTRATLEITIMPL_220526_0408_20000000017702987677_000.jpg
3192567490;6892;NA;PSP_EXTRATLEITIMPL_220526_0408_20000000009252968675_000.jpg
3192330377;9405;NA;NA
3205674313;26047;NA;PSP_EXTRATLEITIMPL_220526_0408_20000000008952970019_000.jpg
3242766961;10167;T181;PSP_EXTRATLEITIMPL_220526_0408_20000000010102958915_000.jpg
3193245667;16394;NA;PSP_EXTRATLEITIMPL_220526_0408_20000000007102966932_000.jpg
3193396720;37528;NA;PSP_EXTRATLEITIMPL_220526_0408_20000000008652988244_000.jpg
3193509583;1748;B111;PSP_EXTRATLEITIMPL_220526_0408_20000000001052978383_000.jpg
3193661946;19937;NA;PSP_EXTRATLEITIMPL_220526_0408_20000000002202980434_000.jpg
5257884092/3223996590;411;NA;PSP_EXTRATLEITIMPL_220526_0408_20000000017202976736_000.jpg
3220261220;41499;T181;PSP_EXTRATLEITIMPL_220526_0408_20000000003602993016_000.jpg
3212728623;32654;T181;PSP_EXTRATLEITIMPL_220526_0408_20000000005152991855_000.jpg
3192776871;10470;L101;PSP_EXTRATLEITIMPL_220526_0408_20000000013202971579_000.jpg
3192945622;13794;NA;PSP_EXTRATLEITIMPL_220526_0408_20000000004552978644_000.jpg
3212542198;16489;T181;PSP_EXTRATLEITIMPL_220526_0408_20000000003503005013_000.jpg
5257491546/3214196092;13216;NA;PSP_EXTRATLEITIMPL_220526_0408_20000000019252976784_000.jpg
5257766944/3222605325;1053;T111;PSP_EXTRATLEITIMPL_220526_0408_20000000015902980585_000.jpg
5256762740/3192795558;1285;NA;NA
3220266698;32377;T181;PSP_EXTRATLEITIMPL_220526_0408_20000000003652993278_000.jpg
3225174996;8909;NA;PSP_EXTRATLEITIMPL_220526_0408_20000000001902983635_000.jpg
3193244709;137890;NA;PSP_EXTRATLEITIMPL_220526_0408_20000000001402996016_000.jpg
3211174020;21952;T181;PSP_EXTRATLEITIMPL_220526_0408_20000000013752981016_000.jpg
3214194162;29765;NA;PSP_EXTRATLEITIMPL_220526_0408_20000000003052981712_000.jpg
3193855732;1586;NA;PSP_EXTRATLEITIMPL_220526_0408_20000000000152976295_000.jpg
3193939502;15074;NA;PSP_EXTRATLEITIMPL_220526_0408_20000000011002971782_000.jpg
3244481891/3200612247;1753;NA;NA
3225164109;101788;NA;PSP_EXTRATLEITIMPL_220526_0408_20000000004352997129_000.jpg
3200600745;14616;NA;PSP_EXTRATLEITIMPL_220526_0408_20000000012202973465_000.jpg
3193413004;121382;NA;NA
3200388703;4882;NA;PSP_EXTRATLEITIMPL_220526_0408_20000000006302968929_000.jpg
3193971376;270058;NA;PSP_EXTRATLEITIMPL_220526_0408_20000000005802980441_000.jpg
3200497588;182;B111;PSP_EXTRATLEITIMPL_220526_0408_20000000014452946960_000.jpg
3200266640;13708;NA;PSP_EXTRATLEITIMPL_220526_0408_20000000014752961806_000.jpg
3244554058/3244405850;5672;NA;PSP_EXTRATLEITIMPL_220526_0408_20000000001252978658_000.jpg
3231114474;40025;T181;PSP_EXTRATLEITIMPL_220526_0408_20000000001402981685_000.jpg
3202509494;4;P111;PSP_EXTRATLEITIMPL_220526_0408_20000000012602973697_000.jpg
3203442695;0;P111;PSP_EXTRATLEITIMPL_220526_0408_20000000009002977665_000.jpg
3242161962;11787;NA;PSP_EXTRATLEITIMPL_220526_0408_20000000001652992078_000.jpg
3202567567;5555;NA;PSP_EXTRATLEITIMPL_220526_0408_20000000002652998013_000.jpg
3244753972/3202093964;3911;NA;PSP_EXTRATLEITIMPL_220526_0408_20000000003302996121_000.jpg
3200435370;15422;T181;NA
3202085481;1250;NA;PSP_EXTRATLEITIMPL_220526_0408_20000000002652993148_000.jpg
3231084877;123017;T181;PSP_EXTRATLEITIMPL_220526_0408_20000000000702964391_000.jpg
5257963022;99999;NA;PSP_EXTRATLEITIMPL_220526_0408_20000000008902962783_000.jpg
3202406822;123;NA;PSP_EXTRATLEITIMPL_220526_0408_20000000014452955860_000.jpg
3202164896;229;P111;PSP_EXTRATLEITIMPL_220526_0408_20000000003902965901_000.jpg
3203712129;4206;NA;PSP_EXTRATLEITIMPL_220526_0408_20000000000502960757_000.jpg
3201616777;44566;NA;PSP_EXTRATLEITIMPL_220526_0408_20000000016002954906_000.jpg
3201616815;3497;NA;PSP_EXTRATLEITIMPL_220526_0408_20000000014902961905_000.jpg
3202238814;6800;NA;PSP_EXTRATLEITIMPL_220526_0408_20000000014552972623_000.jpg
3203498631;3561;NA;PSP_EXTRATLEITIMPL_220526_0408_20000000018402965965_000.jpg
3201949644;7999;NA;PSP_EXTRATLEITIMPL_220526_0408_20000000012052969814_000.jpg
3202386490;9861;NA;PSP_EXTRATLEITIMPL_220526_0408_20000000011002971784_000.jpg
3211122527;34990;T181;PSP_EXTRATLEITIMPL_220526_0408_20000000008802973516_000.jpg
6251939460;0;NA;PSP_EXTRATLEITIMPL_220526_0408_20000000012102960902_000.jpg
3201192691;2654;NA;PSP_EXTRATLEITIMPL_220526_0408_20000000004953006307_000.jpg
3201653516;59213;NA;PSP_EXTRATLEITIMPL_220526_0408_20000000008002976037_000.jpg
3201688832;50830;NA;PSP_EXTRATLEITIMPL_220526_0408_20000000008952971025_000.jpg
3201514788;19956;NA;PSP_EXTRATLEITIMPL_220526_0408_20000000009052967598_000.jpg
3230003458;18545;T181;PSP_EXTRATLEITIMPL_220526_0408_20000000018702990002_000.jpg
3201569280;12668;NA;NA
3242758659;5640;T181;PSP_EXTRATLEITIMPL_220526_0408_20000000003202980951_000.jpg
3211668406;706;NA;PSP_EXTRATLEITIMPL_220526_0408_20000000006352982634_000.jpg
3243007851;11053;NA;PSP_EXTRATLEITIMPL_220526_0408_20000000009952944959_000.jpg
3204353777;1807;NA;NA
3212313610;21514;NA;PSP_EXTRATLEITIMPL_220526_0408_20000000012402972399_000.jpg
3211432984;445;L101;NA
3204534178;154;NA;PSP_EXTRATLEITIMPL_220526_0408_20000000003852987072_000.jpg
3211510160;84473;NA;PSP_EXTRATLEITIMPL_220526_0408_20000000018002977952_000.jpg
3210588271;54381;NA;PSP_EXTRATLEITIMPL_220526_0408_20000000010402961672_000.jpg
3205322271;9970;NA;PSP_EXTRATLEITIMPL_220526_0408_20000000012802973634_000.jpg
3212356327;35087;NA;PSP_EXTRATLEITIMPL_220526_0408_20000000019202988019_000.jpg
3203914287;72664;T181;PSP_EXTRATLEITIMPL_220526_0408_20000000015352989025_000.jpg
3212379610;18829;NA;PSP_EXTRATLEITIMPL_220526_0408_20000000010652959770_000.jpg
3212394954;67266;NA;PSP_EXTRATLEITIMPL_220526_0408_20000000008052965800_000.jpg
3211140274;55235;T181;PSP_EXTRATLEITIMPL_220526_0408_20000000019802995288_000.jpg
3212198691;53;P111;PSP_EXTRATLEITIMPL_220526_0408_20000000011302953960_000.jpg
3220325007;9611;T181;PSP_EXTRATLEITIMPL_220526_0408_20000000001752979697_000.jpg
3212774820;5283;NA;NA
3212829063;1630;NA;PSP_EXTRATLEITIMPL_220526_0408_20000000014702968625_000.jpg
5256970351/3214290188;25470;T181;PSP_EXTRATLEITIMPL_220526_0408_20000000010752972788_000.jpg
3213019162;33;P111;PSP_EXTRATLEITIMPL_220526_0408_20000000015152990007_000.jpg
3212941831;5618;NA;PSP_EXTRATLEITIMPL_220526_0408_20000000013602969610_000.jpg
3223327329;15896;T181;PSP_EXTRATLEITIMPL_220526_0408_20000000005902974767_000.jpg
3213067981;1021;NA;PSP_EXTRATLEITIMPL_220526_0408_20000000012152966542_000.jpg
3220296201;16912;T181;PSP_EXTRATLEITIMPL_220526_0408_20000000003902980315_000.jpg
3230069815;104228;NA;PSP_EXTRATLEITIMPL_220526_0408_20000000010902982223_000.jpg
3214185686;0;NA;NA
3213625003;0;V100;NA
3241174769;56050;T181;PSP_EXTRATLEITIMPL_220526_0408_20000000018702991003_000.jpg
3214044381;2968;NA;PSP_EXTRATLEITIMPL_220526_0408_20000000016252978033_000.jpg
3192443961/3214117621;0;NA;NA
3222454858;2788;P111;PSP_EXTRATLEITIMPL_220526_0408_20000000018952980630_000.jpg
3222420694;3;P111;PSP_EXTRATLEITIMPL_220526_0408_20000000005452969767_000.jpg
3221981463;1447;NA;PSP_EXTRATLEITIMPL_220526_0408_20000000015902969860_000.jpg
3220279773;46888;T181;PSP_EXTRATLEITIMPL_220526_0408_20000000013252959843_000.jpg
3220679917;8562;NA;PSP_EXTRATLEITIMPL_220526_0408_20000000003702990074_000.jpg
3220458910;34622;NA;PSP_EXTRATLEITIMPL_220526_0408_20000000011752964813_000.jpg
5257825312/3221717464;99999;NA;PSP_EXTRATLEITIMPL_220526_0408_20000000002003005022_000.jpg
3222305836;11243;NA;PSP_EXTRATLEITIMPL_220526_0408_20000000003902956992_000.jpg
3242353500;88;NA;PSP_EXTRATLEITIMPL_220526_0408_20000000000102968503_001.jpg
3221871870;3225;NA;PSP_EXTRATLEITIMPL_220526_0408_20000000017353005427_001.jpg
3221806467;8494;NA;NA
5256494690/3242307932;4629;T181;PSP_EXTRATLEITIMPL_220526_0408_20000000012202971537_000.jpg
3245073835/3245179773/3245073835/3232906331/3241203033;1165;NA;NA
3231113389;5265;T181;PSP_EXTRATLEITIMPL_220526_0408_00000000000211752033_000.jpg
3223323129;41231;T181;PSP_EXTRATLEITIMPL_220526_0408_20000000012702961905_000.jpg
3222841401;229;B111;PSP_EXTRATLEITIMPL_220526_0408_20000000007352986299_000.jpg
3231089801;7959;T181;PSP_EXTRATLEITIMPL_220526_0408_20000000000952969310_000.jpg
3212460310;103669;NA;PSP_EXTRATLEITIMPL_220526_0408_20000000019002975564_000.jpg
3223588645;1270;NA;PSP_EXTRATLEITIMPL_220526_0408_20000000004603006780_000.jpg
6251258269/3223539881;18;T181;PSP_EXTRATLEITIMPL_220526_0408_20000000001052982027_000.jpg
3223459098;320;NA;PSP_EXTRATLEITIMPL_220526_0408_20000000008152983043_000.jpg
3242385054;4649;T181;PSP_EXTRATLEITIMPL_220526_0408_20000000009452965675_000.jpg
3223460231;67;P111;PSP_EXTRATLEITIMPL_220526_0408_20000000008802974516_000.jpg
3223166961;3149;B111;PSP_EXTRATLEITIMPL_220526_0408_20000000008652987303_000.jpg
3230002966;18215;T181;PSP_EXTRATLEITIMPL_220526_0408_20000000005202997324_000.jpg
3230078482;134589;T181;PSP_EXTRATLEITIMPL_220526_0408_20000000011202977418_000.jpg
3242345044/5252350227/3222525585;4792;T181;PSP_EXTRATLEITIMPL_220526_0408_20000000012902968668_000.jpg
3223909298;11440;NA;PSP_EXTRATLEITIMPL_220526_0408_20000000005202981975_000.jpg
3242653270;0;NA;PSP_EXTRATLEITIMPL_220526_0408_20000000018602990282_000.jpg
3230031206;13751;T181;PSP_EXTRATLEITIMPL_220526_0408_20000000012102983302_000.jpg
3224234405;3247;NA;PSP_EXTRATLEITIMPL_220526_0408_20000000014152962630_000.jpg
3241170666;21165;T181;PSP_EXTRATLEITIMPL_220526_0408_20000000000552969394_000.jpg
3224519116;5025;NA;PSP_EXTRATLEITIMPL_220526_0408_20000000019702957991_000.jpg
3224058747;7298;NA;PSP_EXTRATLEITIMPL_220526_0408_20000000004753004179_000.jpg
3242529480;5030;T181;PSP_EXTRATLEITIMPL_220526_0408_20000000000802965686_000.jpg
3224170121;26769;NA;PSP_EXTRATLEITIMPL_220526_0408_20000000013452983250_000.jpg
3220983411;5458;NA;PSP_EXTRATLEITIMPL_220526_0408_20000000014152954954_000.jpg
3224933982;12938;NA;NA
5257059326/3230107393;2226;NA;PSP_EXTRATLEITIMPL_220526_0408_20000000001452972922_000.jpg
3224017005;9006;NA;PSP_EXTRATLEITIMPL_220526_0408_20000000010302973664_000.jpg
3220941638;10645;NA;PSP_EXTRATLEITIMPL_220526_0408_20000000013702967810_000.jpg
3225719828;1623;NA;PSP_EXTRATLEITIMPL_220526_0408_20000000017252993321_000.jpg
3230274052;2643;NA;PSP_EXTRATLEITIMPL_220526_0408_20000000010852951923_000.jpg
3232969929;0;NA;PSP_EXTRATLEITIMPL_220526_0408_20000000015852976037_001.jpg
3230024986;12039;T181;PSP_EXTRATLEITIMPL_220526_0408_20000000007602969761_000.jpg
3225284511;2462;NA;NA
3211494777;0;NA;NA
3242934015/3225306043;5100;T181;PSP_EXTRATLEITIMPL_220526_0408_20000000004452986959_000.jpg
3230379350;4155;NA;NA
3223970876;0;NA;PSP_EXTRATLEITIMPL_220526_0408_20000000006252995025_000.jpg
3225894441;1453;NA;NA
3223365590;38197;T181;PSP_EXTRATLEITIMPL_220526_0408_20000000004402987088_000.jpg
3225160596;28238;NA;PSP_EXTRATLEITIMPL_220526_0408_20000000004102966926_000.jpg
3222922800;4581;NA;PSP_EXTRATLEITIMPL_220526_0408_20000000009952949930_000.jpg
3242344609/3223337740;267;NA;PSP_EXTRATLEITIMPL_220526_0408_20000000006352974859_000.jpg
3231394850;731;NA;PSP_EXTRATLEITIMPL_220526_0408_20000000005102989919_000.jpg
3232895739;2783;NA;PSP_EXTRATLEITIMPL_220526_0408_20000000019702982045_000.jpg
3230674034;28847;NA;PSP_EXTRATLEITIMPL_220526_0408_20000000004102982210_000.jpg
3230773350;4144;NA;PSP_EXTRATLEITIMPL_220526_0408_20000000009252967784_000.jpg
3243083027/3243081504/3231310990;3755;L101;PSP_EXTRATLEITIMPL_220526_0408_20000000008852985016_000.jpg
3232645023;712;T111;PSP_EXTRATLEITIMPL_220526_0408_20000000016652985827_000.jpg
3243775972/3231852548;4677;T181;PSP_EXTRATLEITIMPL_220526_0408_20000000001402993078_000.jpg
3241057142;17445;T181;PSP_EXTRATLEITIMPL_220526_0408_20000000012702952969_000.jpg
3231921124;38257;NA;NA
3220257095;44333;T181;PSP_EXTRATLEITIMPL_220526_0408_20000000001502980603_000.jpg
3231808417;2125;NA;PSP_EXTRATLEITIMPL_220526_0408_20000000006402958931_000.jpg
3241546984;8227;T181;NA
3233465460;28173;NA;PSP_EXTRATLEITIMPL_220526_0408_20000000008302978523_000.jpg
3220010839;3910;NA;NA
3232318693;0;NA;PSP_EXTRATLEITIMPL_220526_0408_20000000008152963932_000.jpg
3223314138;5;T181;NA
3241847640;10;T181;PSP_EXTRATLEITIMPL_220526_0408_20000000002402964915_000.jpg
3233340404;466;NA;PSP_EXTRATLEITIMPL_220526_0408_20000000002252980766_000.jpg
3242601164;3109;T181;PSP_EXTRATLEITIMPL_220526_0408_20000000012552980029_000.jpg
3241753963;12557;NA;NA
3242045504;2990;NA;PSP_EXTRATLEITIMPL_220526_0408_20000000011602948999_000.jpg
6251156806/3242357573/3231086632;1870;T181;PSP_EXTRATLEITIMPL_220526_0408_20000000012652976438_000.jpg
3231098720;7143;T181;PSP_EXTRATLEITIMPL_220526_0408_20000000011202981192_000.jpg
3241959880;7;P111;PSP_EXTRATLEITIMPL_220526_0408_20000000001803000430_000.jpg
3231721133;2432;NA;PSP_EXTRATLEITIMPL_220526_0408_20000000016252966648_000.jpg
3242551515;0;NA;PSP_EXTRATLEITIMPL_220526_0408_20000000007502959938_000.jpg
3242667173/3232890168;12108;T181;PSP_EXTRATLEITIMPL_220526_0408_20000000000052964889_000.jpg
3241408140;15906;NA;PSP_EXTRATLEITIMPL_220526_0408_20000000005053006101_000.jpg
3242498045/3242653032;10969;T181;PSP_EXTRATLEITIMPL_220526_0408_20000000009452976112_000.jpg
3242617435;14955;T181;PSP_EXTRATLEITIMPL_220526_0408_20000000001752991044_000.jpg
3242214152;2;M141;PSP_EXTRATLEITIMPL_220526_0408_20000000001752968931_000.jpg
3233428425;13;P111;PSP_EXTRATLEITIMPL_220526_0408_20000000001902997029_000.jpg
3242488929;251;NA;PSP_EXTRATLEITIMPL_220526_0408_20000000001803003243_001.jpg
3243068893;2384;NA;PSP_EXTRATLEITIMPL_220526_0408_20000000004652999046_000.jpg
3242387243;7850;T181;PSP_EXTRATLEITIMPL_220526_0408_20000000008702975825_000.jpg
3242740709;4958;P111;NA
3242890433;270;NA;PSP_EXTRATLEITIMPL_220526_0408_20000000019752979432_000.jpg
3243274752;9319;P111;PSP_EXTRATLEITIMPL_220526_0408_20000000017803004015_000.jpg
3233438676;502;NA;PSP_EXTRATLEITIMPL_220526_0408_20000000019302981682_000.jpg
3242778498;44;NA;PSP_EXTRATLEITIMPL_220526_0408_20000000002003007014_000.jpg
3242640208;960;NA;PSP_EXTRATLEITIMPL_220526_0408_20000000009602988024_000.jpg
3244745198;22557;NA;PSP_EXTRATLEITIMPL_220526_0408_20000000012102987017_000.jpg
3243226472;0;P111;PSP_EXTRATLEITIMPL_220526_0408_20000000015502961785_000.jpg
3245022440;2868;NA;PSP_EXTRATLEITIMPL_220526_0408_20000000012752962776_000.jpg
3243875985;32;P111;PSP_EXTRATLEITIMPL_220526_0408_20000000016703009051_000.jpg
3244511642;234;NA;PSP_EXTRATLEITIMPL_220526_0408_20000000013602964822_000.jpg
3244811611;175;NA;PSP_EXTRATLEITIMPL_220526_0408_20000000017902983426_000.jpg
3244644375;4103;L131;PSP_EXTRATLEITIMPL_220526_0408_20000000006152979662_000.jpg
3245155556;807;NA;PSP_EXTRATLEITIMPL_220526_0408_20000000009802962785_000.jpg
3245385519;1442;NA;PSP_EXTRATLEITIMPL_220526_0408_20000000010452969479_000.jpg
3244005186;755;NA;NA
3244846180;0;NA;PSP_EXTRATLEITIMPL_220526_0408_20000000019102973842_000.jpg
6251617765/3244529223;251;NA;PSP_EXTRATLEITIMPL_220526_0408_20000000000652971416_000.jpg
3243582562;314;NA;PSP_EXTRATLEITIMPL_220526_0408_20000000014102945899_000.jpg
3245120779;50;NA;PSP_EXTRATLEITIMPL_220526_0408_20000000009302965828_001.jpg
3231094457;0;NA;PSP_EXTRATLEITIMPL_220526_0408_20000000001652971990_001.jpg
5256624500;388;NA;PSP_EXTRATLEITIMPL_220526_0408_20000000011802969952_000.jpg
3231094350;6304;NA;PSP_EXTRATLEITIMPL_220526_0408_20000000004302976849_000.jpg
3244688259;626;NA;PSP_EXTRATLEITIMPL_220526_0408_20000000014252960725_000.jpg
3242342843;0;NA;PSP_EXTRATLEITIMPL_220526_0408_20000000007852991011_001.jpg
5256799580;638;NA;NA
5257355944;790;NA;PSP_EXTRATLEITIMPL_220526_0408_20000000019852984206_000.jpg
5257795987;99999;NA;PSP_EXTRATLEITIMPL_220526_0408_20000000019202987188_000.jpg
5256947279;755;NA;PSP_EXTRATLEITIMPL_220526_0408_20000000000052972939_000.jpg
5256944458;0;T161;PSP_EXTRATLEITIMPL_220526_0408_20000000002852972756_001.jpg
5256944504;10057;NA;PSP_EXTRATLEITIMPL_220526_0408_20000000010252967292_000.jpg
5256997276;86;NA;PSP_EXTRATLEITIMPL_220526_0408_20000000012802954949_000.jpg
5257796266;538;NA;PSP_EXTRATLEITIMPL_220526_0408_20000000019252974768_000.jpg
5256252726;438;P111;PSP_EXTRATLEITIMPL_220526_0408_20000000000152968616_000.jpg
5257290230;3;P111;PSP_EXTRATLEITIMPL_220526_0408_20000000003552979822_000.jpg
5257996737;0;T161;PSP_EXTRATLEITIMPL_220526_0408_20000000019202986308_000.jpg
6251117894/5257165274;477;NA;PSP_EXTRATLEITIMPL_220526_0408_20000000014702975219_000.jpg
5257484132;1715;NA;PSP_EXTRATLEITIMPL_220526_0408_20000000004352986761_000.jpg
6251179261;10948;NA;PSP_EXTRATLEITIMPL_220526_0408_20000000018802968853_000.jpg
6251476665;152;NA;PSP_EXTRATLEITIMPL_220526_0408_20000000017403000148_000.jpg
5260314353;0;NA;PSP_EXTRATLEITIMPL_220526_0408_20000000018552978770_000.jpg
5260261969;0;M141;PSP_EXTRATLEITIMPL_220526_0408_20000000003252991810_000.jpg
5257040374;0;NA;PSP_EXTRATLEITIMPL_220526_0408_20000000018452975794_000.jpg
6251199211;2061;NA;PSP_EXTRATLEITIMPL_220526_0408_20000000018602986588_000.jpg
6251943514;99994;NA;PSP_EXTRATLEITIMPL_220526_0408_20000000007902962908_000.jpg
5257553274;99999;R111;PSP_EXTRATLEITIMPL_220526_0408_20000000011752949967_000.jpg
5257740627;99999;NA;PSP_EXTRATLEITIMPL_220526_0408_20000000005103004305_000.jpg
6252104680;99999;T181;PSP_EXTRATLEITIMPL_220526_0408_20000000002902993108_000.jpg
5257956964;99999;NA;PSP_EXTRATLEITIMPL_220526_0408_20000000005952975640_000.jpg
3191036068;4843;NA;PSP_EXTRATLEITIMPL_220526_0408_20000000007202987393_000.jpg
5257959513;99999;NA;NA
6252036430;0;NA;PSP_EXTRATLEITIMPL_220526_0408_20000000004053000174_000.jpg
5260163541;0;NA;PSP_EXTRATLEITIMPL_220526_0408_20000000003752965756_000.jpg
3193461238;91698;NA;PSP_EXTRATLEITIMPL_220526_0408_20000000019752986023_000.jpg
3222729334;25639;T181;PSP_EXTRATLEITIMPL_220526_0408_20000000012552956939_000.jpg
3200581961;8768;NA;PSP_EXTRATLEITIMPL_220526_0408_20000000012002958923_000.jpg
3172773892/5257484701/3172773892/3193442110;14336;NA;NA
3241590371;9965;NA;PSP_EXTRATLEITIMPL_220526_0408_20000000015302999021_000.jpg
3230018919;19353;T181;PSP_EXTRATLEITIMPL_220526_0408_20000000019602991017_000.jpg
3193451470;79030;NA;PSP_EXTRATLEITIMPL_220526_0408_20000000006552971975_000.jpg
3231113095/3211142480;7733;T181;PSP_EXTRATLEITIMPL_220526_0408_20000000004603023025_000.jpg
3202238830;1235;NA;PSP_EXTRATLEITIMPL_220526_0408_20000000019402981665_000.jpg
3212584478;88052;T181;PSP_EXTRATLEITIMPL_220526_0408_20000000002952978769_000.jpg
3202872505;8773;L131;PSP_EXTRATLEITIMPL_220526_0408_20000000017002989969_000.jpg
5256556903/3222149818;3820;T181;PSP_EXTRATLEITIMPL_220526_0408_20000000018752976661_000.jpg
3202312208;10005;M101;PSP_EXTRATLEITIMPL_220526_0408_20000000013802975292_000.jpg
3204035317;7828;NA;NA
3223333957;0;NA;PSP_EXTRATLEITIMPL_220526_0408_20000000008002975215_000.jpg
5257049843/3241074454;783;T181;PSP_EXTRATLEITIMPL_220526_0408_20000000008702977782_000.jpg
3201653478;14774;NA;PSP_EXTRATLEITIMPL_220526_0408_20000000006502999078_000.jpg
3224693701;7019;NA;NA
3223313816;7710;T181;NA
3204362997;0;V100;NA
3211516665;16970;NA;PSP_EXTRATLEITIMPL_220526_0408_20000000013052980016_000.jpg
6251124742/3204954215;8529;NA;NA
3202878066;15;P111;PSP_EXTRATLEITIMPL_220526_0408_20000000011652982173_000.jpg
6251401053/3224786718;594;NA;PSP_EXTRATLEITIMPL_220526_0408_20000000003752968728_000.jpg
3205367500;21532;NA;PSP_EXTRATLEITIMPL_220526_0408_20000000003252989772_000.jpg
3231089470;8922;T181;PSP_EXTRATLEITIMPL_220526_0408_20000000005103008144_000.jpg
5257931570/3210050581;163;NA;PSP_EXTRATLEITIMPL_220526_0408_20000000004502991057_000.jpg
6251624281/3231076114;1045;NA;PSP_EXTRATLEITIMPL_220526_0408_20000000016902991694_000.jpg
3210738958;4885;NA;PSP_EXTRATLEITIMPL_220526_0408_20000000013302966794_000.jpg
3211593333;4570;NA;PSP_EXTRATLEITIMPL_220526_0408_20000000009252966748_000.jpg
3241180998;54863;NA;PSP_EXTRATLEITIMPL_220526_0408_20000000010952951906_000.jpg
3210387438;3296;NA;PSP_EXTRATLEITIMPL_220526_0408_20000000010052990036_000.jpg
3244711226/3210142389;652;NA;PSP_EXTRATLEITIMPL_220526_0408_20000000012602965922_000.jpg
3192391422;0;NA;NA
3210246559;867;NA;PSP_EXTRATLEITIMPL_220526_0408_20000000006102964904_000.jpg
3244194213/3244453448;4757;T181;PSP_EXTRATLEITIMPL_220526_0408_20000000014902960910_000.jpg
3212875596;14620;NA;PSP_EXTRATLEITIMPL_220526_0408_20000000013252972100_000.jpg
3211107501;3344;T111;PSP_EXTRATLEITIMPL_220526_0408_20000000008052956891_000.jpg
3211094868;2550;NA;PSP_EXTRATLEITIMPL_220526_0408_20000000003752976295_000.jpg
3223302997;7456;T181;PSP_EXTRATLEITIMPL_220526_0408_20000000015302997168_000.jpg
3210965881;1166;NA;PSP_EXTRATLEITIMPL_220526_0408_20000000003602973933_000.jpg
3213258531;9079;NA;PSP_EXTRATLEITIMPL_220526_0408_20000000009602981419_000.jpg
3212927790;3426;T111;PSP_EXTRATLEITIMPL_220526_0408_20000000013052972396_000.jpg
6251949334/3160299354;1764;NA;PSP_EXTRATLEITIMPL_220526_0408_20000000003202984744_000.jpg
3222724138;266819;NA;PSP_EXTRATLEITIMPL_220526_0408_20000000001502967891_000.jpg
6251615495/3221462040;59669;NA;NA
3242650645/3214197323;921;NA;PSP_EXTRATLEITIMPL_220526_0408_20000000015902990024_001.jpg
3222174421;2567;B131;PSP_EXTRATLEITIMPL_220526_0408_20000000015902980588_000.jpg
3220541389;4123;NA;NA
3223361780;7085;T181;PSP_EXTRATLEITIMPL_220526_0408_20000000014352943942_000.jpg
3220560170;3683;NA;PSP_EXTRATLEITIMPL_220526_0408_20000000016352972570_000.jpg
3220071374;0;NA;NA
3221532383;3562;NA;PSP_EXTRATLEITIMPL_220526_0408_20000000007002991185_000.jpg
3220255416;7541;T181;PSP_EXTRATLEITIMPL_220526_0408_00000000000211754908_000.jpg
3222224526;18734;NA;PSP_EXTRATLEITIMPL_220526_0408_20000000012552974426_000.jpg
3225174104;7092;NA;PSP_EXTRATLEITIMPL_220526_0408_20000000014302970513_000.jpg
3221726030;19008;NA;PSP_EXTRATLEITIMPL_220526_0408_20000000000152981019_000.jpg
3214089938;4605;NA;NA
3220940372;885;L101;PSP_EXTRATLEITIMPL_220526_0408_20000000015752978028_000.jpg
3244234428/3224378377;2771;T181;PSP_EXTRATLEITIMPL_220526_0408_20000000011902969563_000.jpg
3230898560;11842;T181;PSP_EXTRATLEITIMPL_220526_0408_20000000001552997011_000.jpg
3222257742;2082;NA;PSP_EXTRATLEITIMPL_220526_0408_20000000018902991104_000.jpg
3220425036;13028;NA;PSP_EXTRATLEITIMPL_220526_0408_20000000011452981025_000.jpg
3223540510;10946;NA;PSP_EXTRATLEITIMPL_220526_0408_20000000015952965675_000.jpg
3224459067;6561;NA;PSP_EXTRATLEITIMPL_220526_0408_20000000008302982271_000.jpg
3244267679/3223634680;4611;T181;PSP_EXTRATLEITIMPL_220526_0408_20000000012252983036_000.jpg
3223335208;26378;T181;PSP_EXTRATLEITIMPL_220526_0408_20000000013202967745_000.jpg
3223309452;7728;T181;PSP_EXTRATLEITIMPL_220526_0408_20000000008902964713_000.jpg
3243425114/3244344754;77412;NA;PSP_EXTRATLEITIMPL_220526_0408_20000000019752973756_001.jpg
3223080579;9999;NA;PSP_EXTRATLEITIMPL_220526_0408_20000000002152982034_000.jpg
3221006673;23407;NA;PSP_EXTRATLEITIMPL_220526_0408_20000000012052982263_000.jpg
3224781104;6166;NA;PSP_EXTRATLEITIMPL_220526_0408_20000000018352976677_000.jpg
5257813500/3225574625;99999;NA;PSP_EXTRATLEITIMPL_220526_0408_20000000005253001658_000.jpg
3221210572;2530;P111;NA
3225824613;812;NA;PSP_EXTRATLEITIMPL_220526_0408_20000000015252987417_000.jpg
3225053650;10352;NA;PSP_EXTRATLEITIMPL_220526_0408_20000000007852983435_000.jpg
3242346687;14532;T181;PSP_EXTRATLEITIMPL_220526_0408_20000000018202965960_000.jpg
3223292770;62708;NA;PSP_EXTRATLEITIMPL_220526_0408_20000000019652991018_000.jpg
3224890604;2524;NA;PSP_EXTRATLEITIMPL_220526_0408_20000000016752966999_000.jpg
3224626419;334;L101;PSP_EXTRATLEITIMPL_220526_0408_20000000011602971027_000.jpg
5256815496/3223430880;1690;T181;PSP_EXTRATLEITIMPL_220526_0408_20000000006202982223_000.jpg
3225301467;1717;NA;NA
3232921349;9651;NA;PSP_EXTRATLEITIMPL_220526_0408_20000000005502990310_000.jpg
3225023041;63299;NA;PSP_EXTRATLEITIMPL_220526_0408_20000000011152977137_000.jpg
3224264584;2648;NA;PSP_EXTRATLEITIMPL_220526_0408_20000000010302986045_000.jpg
3242495801;8444;T181;PSP_EXTRATLEITIMPL_220526_0408_20000000014302974362_000.jpg
3225116678;5322;NA;PSP_EXTRATLEITIMPL_220526_0408_20000000013752973383_000.jpg
6251139740/3231104622;3411;T181;PSP_EXTRATLEITIMPL_220526_0408_20000000007152991040_000.jpg
3230044006;398072;NA;PSP_EXTRATLEITIMPL_220526_0408_20000000010002957913_000.jpg
3230061067;30500;NA;PSP_EXTRATLEITIMPL_220526_0408_20000000011902976042_000.jpg
3211494866;0;NA;NA
3230075092;21717;NA;PSP_EXTRATLEITIMPL_220526_0408_20000000013902976469_000.jpg
3242663666/3231921906;31085;NA;PSP_EXTRATLEITIMPL_220526_0408_20000000003852986113_000.jpg
3230868980;5235;NA;PSP_EXTRATLEITIMPL_220526_0408_20000000003652988497_000.jpg
3221322427;6110;M141;PSP_EXTRATLEITIMPL_220526_0408_20000000005452971724_000.jpg
3223297616;10863;T181;PSP_EXTRATLEITIMPL_220526_0408_20000000015952970385_000.jpg
3230840325;1074;NA;PSP_EXTRATLEITIMPL_220526_0408_20000000011102974029_000.jpg
3231443613;152;B111;PSP_EXTRATLEITIMPL_220526_0408_20000000000702958692_000.jpg
3231330347;238;B111;PSP_EXTRATLEITIMPL_220526_0408_20000000013402989437_000.jpg
3232051182;668;NA;PSP_EXTRATLEITIMPL_220526_0408_20000000008152969744_000.jpg
3231808883;6513;NA;PSP_EXTRATLEITIMPL_220526_0408_20000000008352970949_000.jpg
3242498460;4980;T181;PSP_EXTRATLEITIMPL_220526_0408_20000000002502978898_000.jpg
3241545171;13155;T181;PSP_EXTRATLEITIMPL_220526_0408_20000000019802980908_000.jpg
3231277730;99999;NA;PSP_EXTRATLEITIMPL_220526_0408_20000000019402973877_000.jpg
3231366686;2264;NA;PSP_EXTRATLEITIMPL_220526_0408_20000000011302974448_000.jpg
5252376676/3232084978;817;NA;PSP_EXTRATLEITIMPL_220526_0408_20000000000102949919_000.jpg
3214230657;3218;NA;NA
3232581890;2734;NA;PSP_EXTRATLEITIMPL_220526_0408_20000000011702968594_000.jpg
3232863969;167;NA;NA
3224694457;1112;NA;PSP_EXTRATLEITIMPL_220526_0408_20000000000552956896_000.jpg
3241200689;7684;T181;PSP_EXTRATLEITIMPL_220526_0408_20000000017202993009_001.jpg
3244316009/3233486824;13676;T161;PSP_EXTRATLEITIMPL_220526_0408_20000000011152965807_001.jpg
3233232253;1911;NA;PSP_EXTRATLEITIMPL_220526_0408_20000000019102985409_000.jpg
3242519840;0;NA;PSP_EXTRATLEITIMPL_220526_0408_20000000008152976444_000.jpg
3233223645;133;NA;PSP_EXTRATLEITIMPL_220526_0408_20000000004102980305_000.jpg
3233463409;127144;NA;PSP_EXTRATLEITIMPL_220526_0408_20000000008752976186_000.jpg
3241236080;15;NA;PSP_EXTRATLEITIMPL_220526_0408_20000000014052975650_000.jpg
3242491598;41915;NA;PSP_EXTRATLEITIMPL_220526_0408_20000000004703015018_000.jpg
3242447718;107783;NA;PSP_EXTRATLEITIMPL_220526_0408_20000000009052952902_000.jpg
3242862758;861;P111;PSP_EXTRATLEITIMPL_220526_0408_20000000009502983072_000.jpg
3242450670;27231;NA;PSP_EXTRATLEITIMPL_220526_0408_20000000010352982196_000.jpg
3242883402;18;M101;PSP_EXTRATLEITIMPL_220526_0408_20000000002952993048_000.jpg
3242854631;43;P111;PSP_EXTRATLEITIMPL_220526_0408_20000000013952946963_000.jpg
3244404650;456;NA;PSP_EXTRATLEITIMPL_220526_0408_20000000006402971727_000.jpg
3244608395;703;P111;PSP_EXTRATLEITIMPL_220526_0408_20000000007702984498_000.jpg
3244114368;5918;NA;PSP_EXTRATLEITIMPL_220526_0408_20000000002852967987_000.jpg
5252363752;13421;NA;PSP_EXTRATLEITIMPL_220526_0408_20000000003402987092_000.jpg
3243150310;1058;T111;PSP_EXTRATLEITIMPL_220526_0408_20000000009402941963_000.jpg
3243153440;562;NA;PSP_EXTRATLEITIMPL_220526_0408_20000000011452951970_000.jpg
3244818764;5651;NA;PSP_EXTRATLEITIMPL_220526_0408_20000000017602985024_000.jpg
3244416232;358;P111;PSP_EXTRATLEITIMPL_220526_0408_20000000009552978008_000.jpg
3243985470;10100;NA;PSP_EXTRATLEITIMPL_220526_0408_20000000004102978412_000.jpg
3243714078;24808;NA;PSP_EXTRATLEITIMPL_220526_0408_20000000001552982563_000.jpg
3244424235;892;NA;NA
3244649377;1029;NA;PSP_EXTRATLEITIMPL_220526_0408_20000000005252998785_000.jpg
3243953889;1300;NA;PSP_EXTRATLEITIMPL_220526_0408_20000000017752998022_000.jpg
3244157555;3812;NA;PSP_EXTRATLEITIMPL_220526_0408_20000000012452960793_000.jpg
3245342860;6855;NA;PSP_EXTRATLEITIMPL_220526_0408_20000000003402983412_000.jpg
3245144210;7320;NA;PSP_EXTRATLEITIMPL_220526_0408_20000000015202985077_000.jpg
5250032988;233;P111;PSP_EXTRATLEITIMPL_220526_0408_20000000017902980665_000.jpg
3242409468;23031;NA;PSP_EXTRATLEITIMPL_220526_0408_20000000014652951968_000.jpg
5250101939;4057;NA;PSP_EXTRATLEITIMPL_220526_0408_20000000012402968594_000.jpg
3244763790;1099;NA;PSP_EXTRATLEITIMPL_220526_0408_20000000006302980661_000.jpg
3242540351;28;NA;PSP_EXTRATLEITIMPL_220526_0408_20000000008802976411_001.jpg
3244572129;850;M141;PSP_EXTRATLEITIMPL_220526_0408_20000000004203003030_000.jpg
3244134423;1172;NA;PSP_EXTRATLEITIMPL_220526_0408_20000000005153011032_000.jpg
3244560520;236;NA;PSP_EXTRATLEITIMPL_220526_0408_20000000007202993022_000.jpg
3244088448;725;NA;PSP_EXTRATLEITIMPL_220526_0408_20000000019152977791_000.jpg
3243626802;1467;NA;PSP_EXTRATLEITIMPL_220526_0408_20000000016752990212_000.jpg
3244059065;581;NA;PSP_EXTRATLEITIMPL_220526_0408_20000000012952962532_000.jpg
3244851389;1335;NA;PSP_EXTRATLEITIMPL_220526_0408_20000000012152974031_000.jpg
3242516809;7063;NA;PSP_EXTRATLEITIMPL_220526_0408_20000000014852964658_000.jpg
3245047818;742;NA;PSP_EXTRATLEITIMPL_220526_0408_20000000003152984837_000.jpg
3243696584;777;NA;PSP_EXTRATLEITIMPL_220526_0408_20000000001202977533_000.jpg
5256727449;1125;NA;NA
5257945180;0;NA;PSP_EXTRATLEITIMPL_220526_0408_20000000018252987038_000.jpg
3220047244;0;NA;PSP_EXTRATLEITIMPL_220526_0408_20000000003702968958_000.jpg
5257866515;48;NA;PSP_EXTRATLEITIMPL_220526_0408_20000000005752978120_000.jpg
5257062254;7;NA;PSP_EXTRATLEITIMPL_220526_0408_20000000002252992178_000.jpg
5252384652;806;NA;NA
3242657674;2490;NA;PSP_EXTRATLEITIMPL_220526_0408_20000000007852985291_000.jpg
5257053220;2726;NA;PSP_EXTRATLEITIMPL_220526_0408_20000000005852977708_000.jpg
5257108378;82;NA;PSP_EXTRATLEITIMPL_220526_0408_20000000005352981768_000.jpg
5257846182;308;NA;PSP_EXTRATLEITIMPL_220526_0408_20000000002552962981_000.jpg
6251161087;0;NA;PSP_EXTRATLEITIMPL_220526_0408_20000000017602984000_001.jpg
5257145788;99999;NA;PSP_EXTRATLEITIMPL_220526_0408_20000000016803000074_000.jpg
6251465680;801;NA;PSP_EXTRATLEITIMPL_220526_0408_20000000006402978319_000.jpg
6250886550;8455;NA;PSP_EXTRATLEITIMPL_220526_0408_20000000010552964849_000.jpg
6252155749;99999;NA;PSP_EXTRATLEITIMPL_220526_0408_20000000013552977061_000.jpg
6252126714;99999;NA;PSP_EXTRATLEITIMPL_220526_0408_20000000007252988290_000.jpg
6251943018;99999;NA;PSP_EXTRATLEITIMPL_220526_0408_20000000017353008308_000.jpg
6252396487;0;NA;PSP_EXTRATLEITIMPL_220526_0408_20000000002102988095_000.jpg
6252396584;0;NA;PSP_EXTRATLEITIMPL_220526_0408_20000000017952982086_000.jpg
6252180476;99999;NA;NA
5257959491;99999;NA;NA
3220379484;102405;NA;PSP_EXTRATLEITIMPL_220526_0408_20000000010452951931_000.jpg
3201050617;6986;NA;PSP_EXTRATLEITIMPL_220526_0408_20000000002102991023_000.jpg
3201944464;2062;NA;PSP_EXTRATLEITIMPL_220526_0408_20000000008802968768_000.jpg
3201867702;4019;NA;PSP_EXTRATLEITIMPL_220526_0408_20000000015002969297_000.jpg
3200898388;13310;NA;PSP_EXTRATLEITIMPL_220526_0408_20000000011702977022_000.jpg
3201061660;42447;NA;PSP_EXTRATLEITIMPL_220526_0408_20000000014452959810_000.jpg
3193459004;16982;NA;PSP_EXTRATLEITIMPL_220526_0408_20000000014502953955_000.jpg
5256660280/3203517377;390;NA;NA
3222996960;5859;NA;PSP_EXTRATLEITIMPL_220526_0408_20000000009602973816_000.jpg
3204270014;25506;T181;PSP_EXTRATLEITIMPL_220526_0408_20000000007652967777_000.jpg
3181688784;562176;NA;NA
3201683474;29889;NA;PSP_EXTRATLEITIMPL_220526_0408_20000000014102963464_000.jpg
3201382350;16205;NA;PSP_EXTRATLEITIMPL_220526_0408_20000000007752973828_000.jpg
3243655578/3203738446;7863;NA;PSP_EXTRATLEITIMPL_220526_0408_20000000005103005196_000.jpg
3202378691;6488;NA;PSP_EXTRATLEITIMPL_220526_0408_20000000003452975694_000.jpg
6251508524/3203457102;259;NA;PSP_EXTRATLEITIMPL_220526_0408_20000000009402953867_000.jpg
3202171060;564;NA;PSP_EXTRATLEITIMPL_220526_0408_20000000013252961754_000.jpg
3202857395;14695;NA;PSP_EXTRATLEITIMPL_220526_0408_20000000010902981315_000.jpg
3202310264;328;NA;PSP_EXTRATLEITIMPL_220526_0408_20000000013302971510_000.jpg
5256657351;13;NA;PSP_EXTRATLEITIMPL_220526_0408_20000000000002997019_000.jpg
3202849309;14115;NA;PSP_EXTRATLEITIMPL_220526_0408_20000000000202973023_000.jpg
3210369618;3282;NA;PSP_EXTRATLEITIMPL_220526_0408_20000000015052944884_000.jpg
3201468670;1025;NA;PSP_EXTRATLEITIMPL_220526_0408_20000000010202979301_000.jpg
3223328104;12780;T181;PSP_EXTRATLEITIMPL_220526_0408_20000000011152979013_000.jpg
3205333923;2051;B131;PSP_EXTRATLEITIMPL_220526_0408_20000000006552992203_000.jpg
3212676917;48706;NA;PSP_EXTRATLEITIMPL_220526_0408_20000000012602982285_000.jpg
3212332983;32091;NA;PSP_EXTRATLEITIMPL_220526_0408_20000000016252976187_000.jpg
3201579782;78898;NA;PSP_EXTRATLEITIMPL_220526_0408_20000000002902986484_000.jpg
3231052495;9170;T181;PSP_EXTRATLEITIMPL_220526_0408_20000000005902984397_000.jpg
3172769640/5257485350/3172769640/3212315892;127367;NA;NA
3212324840;6646;NA;PSP_EXTRATLEITIMPL_220526_0408_20000000004603021033_000.jpg
6250637355/3242338307;47;NA;PSP_EXTRATLEITIMPL_220526_0408_20000000017253004015_001.jpg
3230874840;20483;T181;PSP_EXTRATLEITIMPL_220526_0408_20000000008752973432_000.jpg
3201567415;57247;NA;PSP_EXTRATLEITIMPL_220526_0408_20000000007202984537_000.jpg
3205239722;5119;NA;PSP_EXTRATLEITIMPL_220526_0408_20000000001252981607_000.jpg
3211928874;6746;NA;PSP_EXTRATLEITIMPL_220526_0408_20000000010802966623_000.jpg
3214096942;681;NA;NA
3225041066;59876;NA;PSP_EXTRATLEITIMPL_220526_0408_20000000014302973456_000.jpg
6250636359/3223316211;20330;T181;PSP_EXTRATLEITIMPL_220526_0408_20000000015952971392_000.jpg
5256729905/3212058920;1537;NA;PSP_EXTRATLEITIMPL_220526_0408_20000000003302977953_000.jpg
3212141363;2910;NA;PSP_EXTRATLEITIMPL_220526_0408_20000000018752974794_000.jpg
3211335660;365;NA;NA
3212025436;6405;NA;NA
3214105070;18966;NA;NA
3231098738;30359;NA;PSP_EXTRATLEITIMPL_220526_0408_20000000007202975929_000.jpg
3242436490;22639;NA;PSP_EXTRATLEITIMPL_220526_0408_20000000009852979614_000.jpg
3212724598;18328;T181;PSP_EXTRATLEITIMPL_220526_0408_20000000006502986740_000.jpg
3213235221;13228;NA;PSP_EXTRATLEITIMPL_220526_0408_20000000002702987368_000.jpg
6251149508/3212678863;0;T161;PSP_EXTRATLEITIMPL_220526_0408_20000000001852988370_000.jpg
3242541331;6690;T181;PSP_EXTRATLEITIMPL_220526_0408_20000000014502954888_000.jpg
3213209670;3252;L101;NA
3243779439;6002;T181;PSP_EXTRATLEITIMPL_220526_0408_20000000005153012022_000.jpg
3220071889;0;NA;NA
3223316688;88140;T181;PSP_EXTRATLEITIMPL_220526_0408_20000000006452991148_000.jpg
3220275522;24096;T181;PSP_EXTRATLEITIMPL_220526_0408_20000000001402996019_000.jpg
3220071862;0;NA;NA
3213788905;3101;NA;PSP_EXTRATLEITIMPL_220526_0408_20000000013352968598_000.jpg
3220630845;1523;NA;PSP_EXTRATLEITIMPL_220526_0408_20000000012202977211_000.jpg
3222036495;5736;NA;PSP_EXTRATLEITIMPL_220526_0408_20000000019802992585_000.jpg
3220636320;6768;L101;PSP_EXTRATLEITIMPL_220526_0408_20000000001352986539_000.jpg
5257959556/3230889081;99999;NA;PSP_EXTRATLEITIMPL_220526_0408_20000000001452979894_000.jpg
3241626872;9219;T181;PSP_EXTRATLEITIMPL_220526_0408_20000000007502965953_000.jpg
3220409421;12176;NA;PSP_EXTRATLEITIMPL_220526_0408_20000000008102991189_001.jpg
3220457523;46410;NA;PSP_EXTRATLEITIMPL_220526_0408_20000000014402960827_001.jpg
3230416272;12876;NA;PSP_EXTRATLEITIMPL_220526_0408_20000000016853000054_000.jpg
3222177510;8574;NA;PSP_EXTRATLEITIMPL_220526_0408_20000000014602986335_000.jpg
3222307677;99999;T111;PSP_EXTRATLEITIMPL_220526_0408_20000000014952954865_000.jpg
3220006718;15480;NA;NA
3214105089;4455;NA;NA
3220246409;27882;T181;PSP_EXTRATLEITIMPL_220526_0408_20000000002602977925_000.jpg
3241177490;6661;NA;NA
3220229865;6901;NA;PSP_EXTRATLEITIMPL_220526_0408_20000000007852969937_001.jpg
3203773675;26273;T181;PSP_EXTRATLEITIMPL_220526_0408_20000000004653001029_000.jpg
3223775160;452;NA;PSP_EXTRATLEITIMPL_220526_0408_20000000006202961993_000.jpg
3223532313;15;P111;NA
3223694283;3391;P111;PSP_EXTRATLEITIMPL_220526_0408_20000000002602996022_000.jpg
3222736934;16505;T181;PSP_EXTRATLEITIMPL_220526_0408_20000000014352950733_000.jpg
5257662308/3223875687;4797;T181;PSP_EXTRATLEITIMPL_220526_0408_20000000000002991463_000.jpg
3223080331;3327;NA;PSP_EXTRATLEITIMPL_220526_0408_20000000006252990347_000.jpg
3223195937;15067;NA;NA
3224062876;2996;NA;PSP_EXTRATLEITIMPL_220526_0408_20000000017952968825_000.jpg
3224097084;3041;NA;PSP_EXTRATLEITIMPL_220526_0408_20000000008402959748_000.jpg
3225582547;231;NA;PSP_EXTRATLEITIMPL_220526_0408_20000000007752978773_000.jpg
3230150779;7900;NA;PSP_EXTRATLEITIMPL_220526_0408_20000000010852953939_000.jpg
3241204960/3230085713;11600;NA;PSP_EXTRATLEITIMPL_220526_0408_20000000006552985634_002.jpg
3212675465;25026;NA;PSP_EXTRATLEITIMPL_220526_0408_20000000014852965583_001.jpg
3220924970;3131;NA;PSP_EXTRATLEITIMPL_220526_0408_20000000014202964464_000.jpg
3225397057;4292;NA;NA
3160277466;4410;NA;NA
3230335965;3;P111;PSP_EXTRATLEITIMPL_220526_0408_20000000018302965988_000.jpg
3224050878;20122;NA;PSP_EXTRATLEITIMPL_220526_0408_20000000003702969915_000.jpg
3223363171;2381;P111;PSP_EXTRATLEITIMPL_220526_0408_20000000017202984337_000.jpg
3224911903;2152;L131;PSP_EXTRATLEITIMPL_220526_0408_20000000015202980392_000.jpg
3230986621;11832;T181;PSP_EXTRATLEITIMPL_220526_0408_20000000006502997193_000.jpg
3224983173;2356;NA;PSP_EXTRATLEITIMPL_220526_0408_20000000014702950988_000.jpg
3242506072/3231064787;21366;T181;PSP_EXTRATLEITIMPL_220526_0408_20000000012402974185_000.jpg
3244986870;14346;NA;NA
3241449920;5735;NA;NA
3242302973/3231183816;4251;T181;PSP_EXTRATLEITIMPL_220526_0408_20000000010052992023_000.jpg
3231077153;2130;NA;PSP_EXTRATLEITIMPL_220526_0408_20000000012452952877_000.jpg
3231526985;3;P111;PSP_EXTRATLEITIMPL_220526_0408_20000000013202955930_000.jpg
3241072346;10114;T181;PSP_EXTRATLEITIMPL_220526_0408_20000000003552972985_000.jpg
3242670735;22963;T181;PSP_EXTRATLEITIMPL_220526_0408_20000000013402990286_000.jpg
3231596010;1254;NA;NA
3231112447;11579;T181;PSP_EXTRATLEITIMPL_220526_0408_20000000017253003040_000.jpg
3230523826;1;NA;NA
3232636369;21;P111;PSP_EXTRATLEITIMPL_220526_0408_20000000011452966648_000.jpg
3244276325/3230650658;4885;T181;PSP_EXTRATLEITIMPL_220526_0408_20000000016902998426_000.jpg
3211494840;0;NA;NA
3223280136;0;NA;PSP_EXTRATLEITIMPL_220526_0408_20000000017302999444_000.jpg
3232933223;5730;NA;PSP_EXTRATLEITIMPL_220526_0408_20000000005652982207_000.jpg
3220131814;19649;NA;NA
3231470394;704;B131;PSP_EXTRATLEITIMPL_220526_0408_20000000013202954931_000.jpg
5260374313/5256967318/3232989997;2138;NA;PSP_EXTRATLEITIMPL_220526_0408_20000000004002983038_000.jpg
3244295621;6107;NA;PSP_EXTRATLEITIMPL_220526_0408_20000000017353007390_000.jpg
3232302177;1310;NA;PSP_EXTRATLEITIMPL_220526_0408_20000000012252973613_000.jpg
3244009491;7125;T111;PSP_EXTRATLEITIMPL_220526_0408_20000000008152970666_000.jpg
3232691122;1158;NA;PSP_EXTRATLEITIMPL_220526_0408_20000000004902980656_000.jpg
3242528149;59602;T181;PSP_EXTRATLEITIMPL_220526_0408_20000000010952966585_000.jpg
3242046462;83;NA;PSP_EXTRATLEITIMPL_220526_0408_20000000018852972922_000.jpg
3241708429;3184;NA;NA
5257902929/3241706035;99999;NA;NA
3241705365;0;B111;PSP_EXTRATLEITIMPL_220526_0408_20000000004802994486_000.jpg
3241320048;420;NA;PSP_EXTRATLEITIMPL_220526_0408_20000000003852973815_000.jpg
3241199583;2701;NA;PSP_EXTRATLEITIMPL_220526_0408_20000000008752964806_000.jpg
3232759282;2636;NA;PSP_EXTRATLEITIMPL_220526_0408_20000000001302965983_000.jpg
3232447531;83;P111;PSP_EXTRATLEITIMPL_220526_0408_20000000009102979020_000.jpg
3232498543;1551;NA;PSP_EXTRATLEITIMPL_220526_0408_20000000013852960981_000.jpg
3242458434;4182;NA;PSP_EXTRATLEITIMPL_220526_0408_20000000013602953989_000.jpg
3241476498;1828;NA;PSP_EXTRATLEITIMPL_220526_0408_20000000014252973011_000.jpg
3231989314;2400;NA;PSP_EXTRATLEITIMPL_220526_0408_20000000018852967905_000.jpg
3241211966;639;T111;PSP_EXTRATLEITIMPL_220526_0408_20000000009402967311_000.jpg
3241287920;2074;NA;PSP_EXTRATLEITIMPL_220526_0408_20000000014952967311_000.jpg
3231137580;0;NA;NA
3171319845;2;NA;NA
5256216851/3245123646/3241376124;2605;T181;PSP_EXTRATLEITIMPL_220526_0408_20000000000702952828_000.jpg
3242228323;1738;NA;PSP_EXTRATLEITIMPL_220526_0408_20000000012502991033_000.jpg
3242096699;2334;NA;PSP_EXTRATLEITIMPL_220526_0408_20000000001502969909_000.jpg
3233178046;5560;NA;NA
3231645020;954;NA;NA
3244317110/3242419463;0;T161;PSP_EXTRATLEITIMPL_220526_0408_20000000015152977634_001.jpg
3242829939;383;NA;PSP_EXTRATLEITIMPL_220526_0408_20000000013002961179_000.jpg
3244813320;10441;NA;PSP_EXTRATLEITIMPL_220526_0408_20000000019952991125_000.jpg
3242541765;0;T181;PSP_EXTRATLEITIMPL_220526_0408_20000000005652965907_000.jpg
3244996182;2717;NA;NA
3242968564;3591;NA;NA
3243472643;3132;NA;PSP_EXTRATLEITIMPL_220526_0408_20000000005752959940_000.jpg
3245222253;2892;NA;NA
3244234959/3243319179;7103;T181;PSP_EXTRATLEITIMPL_220526_0408_20000000017702992444_000.jpg
3245028120;286;NA;PSP_EXTRATLEITIMPL_220526_0408_20000000014552967865_000.jpg
5250123460;874;NA;PSP_EXTRATLEITIMPL_220526_0408_20000000018952987230_000.jpg
5250040972;7110;NA;PSP_EXTRATLEITIMPL_220526_0408_20000000001502974808_000.jpg
3243640880;42925;NA;PSP_EXTRATLEITIMPL_220526_0408_20000000010802975081_000.jpg
3243446278;0;B111;PSP_EXTRATLEITIMPL_220526_0408_20000000013452974726_000.jpg
5256953180/3242430386;4138;T181;PSP_EXTRATLEITIMPL_220526_0408_20000000013752979041_000.jpg
3244808564;447;NA;PSP_EXTRATLEITIMPL_220526_0408_20000000000102965680_000.jpg
3242276824;228;NA;PSP_EXTRATLEITIMPL_220526_0408_20000000004552993078_000.jpg
3243626705;727;T111;PSP_EXTRATLEITIMPL_220526_0408_20000000016903002193_000.jpg
3243682680;711;NA;PSP_EXTRATLEITIMPL_220526_0408_20000000007402980242_000.jpg
3245281446;11;NA;NA
3244061418;50;NA;PSP_EXTRATLEITIMPL_220526_0408_20000000001502967898_000.jpg
5257672966;10592;NA;PSP_EXTRATLEITIMPL_220526_0408_20000000001502967899_000.jpg
3245184874;39002;M141;PSP_EXTRATLEITIMPL_220526_0408_20000000000852976079_000.jpg
5256772584;1695;NA;PSP_EXTRATLEITIMPL_220526_0408_20000000004302995028_000.jpg
5257646604;149;T111;PSP_EXTRATLEITIMPL_220526_0408_20000000002852976713_000.jpg
5256838828;9465;T181;PSP_EXTRATLEITIMPL_220526_0408_20000000008002965745_000.jpg
5256787824;817;NA;PSP_EXTRATLEITIMPL_220526_0408_20000000007302987002_000.jpg
5256551308;2999;NA;NA
3242428136;0;NA;PSP_EXTRATLEITIMPL_220526_0408_20000000019452972941_000.jpg
5256968063;22515;NA;PSP_EXTRATLEITIMPL_220526_0408_20000000004803000196_000.jpg
5257869239;1033;NA;PSP_EXTRATLEITIMPL_220526_0408_20000000014902970598_000.jpg
5257594906;322;NA;PSP_EXTRATLEITIMPL_220526_0408_20000000017652994464_000.jpg
3241584320;4910;NA;PSP_EXTRATLEITIMPL_220526_0408_20000000011752971423_000.jpg
5257780149;2351;NA;NA
5257616705;1407;NA;NA
5257148302;23081;NA;NA
5257896520;99999;NA;PSP_EXTRATLEITIMPL_220526_0408_20000000003902973674_000.jpg
6251138409;595;NA;PSP_EXTRATLEITIMPL_220526_0408_20000000002602991379_000.jpg
5257604243;99999;NA;PSP_EXTRATLEITIMPL_220526_0408_20000000013502973588_000.jpg
5257900284;3;T181;PSP_EXTRATLEITIMPL_220526_0408_20000000004402989045_000.jpg
6251132273;1395;NA;PSP_EXTRATLEITIMPL_220526_0408_20000000008452961730_000.jpg
6250961489;235;NA;PSP_EXTRATLEITIMPL_220526_0408_20000000010502966746_000.jpg
6251167727;383;NA;PSP_EXTRATLEITIMPL_220526_0408_20000000013502977200_000.jpg
6251934612;712;NA;NA
6251184486;67;NA;PSP_EXTRATLEITIMPL_220526_0408_20000000008902965605_000.jpg
6252401952;0;NA;PSP_EXTRATLEITIMPL_220526_0408_20000000008402961703_000.jpg
5257740252;99999;R111;PSP_EXTRATLEITIMPL_220526_0408_20000000017403001080_000.jpg
5257732845;99999;NA;PSP_EXTRATLEITIMPL_220526_0408_20000000016452989042_000.jpg
5257733493;99999;L131;PSP_EXTRATLEITIMPL_220526_0408_20000000004603013286_000.jpg
6252156877;99999;L131;PSP_EXTRATLEITIMPL_220526_0408_20000000016552977330_000.jpg
5257999000;19533;NA;PSP_EXTRATLEITIMPL_220526_0408_20000000016102937961_000.jpg
5260114524;0;NA;PSP_EXTRATLEITIMPL_220526_0408_20000000018452964973_000.jpg
5260261888;0;NA;PSP_EXTRATLEITIMPL_220526_0408_20000000016152970398_000.jpg
6252179656;99999;NA;PSP_EXTRATLEITIMPL_220526_0408_20000000018802972603_000.jpg
6252254127;0;T161;NA
6252173356;99999;NA;PSP_EXTRATLEITIMPL_220526_0408_20000000000902953949_000.jpg
5260163622;0;NA;PSP_EXTRATLEITIMPL_220526_0408_20000000007802961961_000.jpg
