Numero do medidor;Posicao do medidor lida;Nota de Leitura Atual;Foto do medidor
3213492267;6521;NA;PSP_EXTRATLEITIMPL_030726_0121_20000000012852988478_000.jpg
40482962;9729;L131;PSP_EXTRATLEITIMPL_030726_0121_20000000003053017019_000.jpg
30501853;24788;NA;PSP_EXTRATLEITIMPL_030726_0121_20000000006502995976_000.jpg
82861661;20512;NA;PSP_EXTRATLEITIMPL_030726_0121_20000000012552976989_000.jpg
3221134515;1698;NA;PSP_EXTRATLEITIMPL_030726_0121_20000000017102988986_000.jpg
82806814;14247;NA;PSP_EXTRATLEITIMPL_030726_0121_20000000018003004648_000.jpg
3241542741;15502;T181;PSP_EXTRATLEITIMPL_030726_0121_20000000002402990582_000.jpg
62109238;32070;L101;PSP_EXTRATLEITIMPL_030726_0121_20000000002303011287_000.jpg
3220820563;606;NA;PSP_EXTRATLEITIMPL_030726_0121_20000000000202980515_000.jpg
3172755150;23591;NA;NA
L23637;29997;NA;PSP_EXTRATLEITIMPL_030726_0121_20000000006602993796_000.jpg
3190041858;18407;P111;PSP_EXTRATLEITIMPL_030726_0121_20000000004653005508_000.jpg
3201867893;32174;NA;PSP_EXTRATLEITIMPL_030726_0121_20000000015502982528_000.jpg
70850397;13830;L101;PSP_EXTRATLEITIMPL_030726_0121_20000000000003008520_000.jpg
3242284592;7120;T181;PSP_EXTRATLEITIMPL_030726_0121_20000000012002989566_000.jpg
50628191;85044;NA;PSP_EXTRATLEITIMPL_030726_0121_20000000012053008152_000.jpg
80594658;4330;NA;PSP_EXTRATLEITIMPL_030726_0121_20000000013052996127_000.jpg
ME69492;44200;L101;PSP_EXTRATLEITIMPL_030726_0121_20000000016853014318_000.jpg
90554247;8004;NA;PSP_EXTRATLEITIMPL_030726_0121_20000000005653000347_000.jpg
IC60087;38521;NA;NA
30497350;17226;NA;NA
3171772655;94296;NA;PSP_EXTRATLEITIMPL_030726_0121_20000000001252992676_000.jpg
3231762760;1165;L101;PSP_EXTRATLEITIMPL_030726_0121_20000000016653023000_000.jpg
B93422;87883;NA;PSP_EXTRATLEITIMPL_030726_0121_20000000007902991515_000.jpg
3190151920;2214;NA;PSP_EXTRATLEITIMPL_030726_0121_20000000007452984648_000.jpg
MH32193;24687;L101;PSP_EXTRATLEITIMPL_030726_0121_20000000003452994486_000.jpg
NU13204;28613;L101;PSP_EXTRATLEITIMPL_030726_0121_20000000013052986479_000.jpg
50687228;54071;NA;PSP_EXTRATLEITIMPL_030726_0121_20000000015752990311_000.jpg
51601505;8;P111;PSP_EXTRATLEITIMPL_030726_0121_20000000017502990850_000.jpg
3245096207/3190410624;5747;T181;PSP_EXTRATLEITIMPL_030726_0121_20000000002952998707_000.jpg
90522370;22881;NA;PSP_EXTRATLEITIMPL_030726_0121_20000000008653012143_000.jpg
3214285281;117062;NA;NA
3181710895;383632;NA;NA
6252150569/70017946;0;T111;PSP_EXTRATLEITIMPL_030726_0121_20000000010152996068_000.jpg
30373804;13954;NA;PSP_EXTRATLEITIMPL_030726_0121_20000000012103000255_000.jpg
3202891607;14;P111;PSP_EXTRATLEITIMPL_030726_0121_20000000014752992380_000.jpg
3210071066;619;NA;PSP_EXTRATLEITIMPL_030726_0121_20000000004753028193_000.jpg
3241926523;1025;NA;PSP_EXTRATLEITIMPL_030726_0121_20000000001353010327_000.jpg
3225866340;5220;L101;PSP_EXTRATLEITIMPL_030726_0121_20000000009552996313_000.jpg
3010086010;11394;NA;PSP_EXTRATLEITIMPL_030726_0121_20000000013703001119_000.jpg
3204552486;3542;L131;PSP_EXTRATLEITIMPL_030726_0121_20000000014502987501_000.jpg
3223955230;998;T111;PSP_EXTRATLEITIMPL_030726_0121_20000000002402992545_000.jpg
41210125;29493;T111;PSP_EXTRATLEITIMPL_030726_0121_20000000008252976765_000.jpg
6252249727/3191280490;821;NA;NA
3241205397;19732;NA;NA
3192152223;118125;NA;PSP_EXTRATLEITIMPL_030726_0121_20000000002703015046_000.jpg
3190381497;15279;NA;PSP_EXTRATLEITIMPL_030726_0121_20000000001103002008_001.jpg
3193421023;24302;NA;PSP_EXTRATLEITIMPL_030726_0121_20000000000902978999_000.jpg
3212086125;1258;T181;PSP_EXTRATLEITIMPL_030726_0121_20000000011153001112_000.jpg
MB71801;28467;NA;PSP_EXTRATLEITIMPL_030726_0121_20000000004353022131_000.jpg
3212206449;5420;NA;PSP_EXTRATLEITIMPL_030726_0121_20000000004152992829_000.jpg
3011025226;2248;P111;PSP_EXTRATLEITIMPL_030726_0121_20000000015652988499_000.jpg
T51795;17568;NA;PSP_EXTRATLEITIMPL_030726_0121_20000000005302999756_000.jpg
3225420601;43642;T111;PSP_EXTRATLEITIMPL_030726_0121_20000000003353001002_000.jpg
3161420840;233093;NA;NA
3230620597;53;P111;PSP_EXTRATLEITIMPL_030726_0121_20000000012653006003_000.jpg
3223308910;20302;T181;PSP_EXTRATLEITIMPL_030726_0121_20000000013503005002_000.jpg
6252211312/Q73817;99999;NA;PSP_EXTRATLEITIMPL_030726_0121_20000000010302990659_000.jpg
3180658687;777398;NA;NA
91289474;5847;B111;PSP_EXTRATLEITIMPL_030726_0121_20000000009502986618_000.jpg
3211284144;30453;T181;PSP_EXTRATLEITIMPL_030726_0121_20000000011152996303_000.jpg
3011163856;2;P111;PSP_EXTRATLEITIMPL_030726_0121_20000000018303004342_000.jpg
5257083154;643;T111;PSP_EXTRATLEITIMPL_030726_0121_20000000017453013096_000.jpg
3205490816;378;NA;PSP_EXTRATLEITIMPL_030726_0121_20000000015753000071_000.jpg
3172417140;29296;T181;PSP_EXTRATLEITIMPL_030726_0121_20000000003703013149_000.jpg
3141417834;8726;NA;PSP_EXTRATLEITIMPL_030726_0121_20000000000952985565_000.jpg
3181692820;298285;NA;NA
81628327;114;P111;PSP_EXTRATLEITIMPL_030726_0121_20000000017353008976_000.jpg
3244186830/3192207923;59764;T181;PSP_EXTRATLEITIMPL_030726_0121_20000000014952971791_000.jpg
3212901988;3009;T111;PSP_EXTRATLEITIMPL_030726_0121_20000000013302992545_000.jpg
3242360701;54153;T181;PSP_EXTRATLEITIMPL_030726_0121_20000000015552974548_000.jpg
5257009027/3242976150;950;NA;PSP_EXTRATLEITIMPL_030726_0121_20000000002302995695_000.jpg
80808984;38702;T111;PSP_EXTRATLEITIMPL_030726_0121_20000000006053000342_000.jpg
3194025598;237154;T181;PSP_EXTRATLEITIMPL_030726_0121_20000000011403003497_000.jpg
3223309185;1011;NA;PSP_EXTRATLEITIMPL_030726_0121_20000000004753014655_001.jpg
3121377909;5155;T111;PSP_EXTRATLEITIMPL_030726_0121_20000000019303010301_000.jpg
3232527128;13244;NA;PSP_EXTRATLEITIMPL_030726_0121_20000000012903000170_000.jpg
3213595007;26214;NA;PSP_EXTRATLEITIMPL_030726_0121_20000000019003004183_000.jpg
3223151344;5918;T111;PSP_EXTRATLEITIMPL_030726_0121_20000000009452992327_000.jpg
3226032982;1666;T111;PSP_EXTRATLEITIMPL_030726_0121_20000000001553007392_000.jpg
3242667637;53048;T181;PSP_EXTRATLEITIMPL_030726_0121_20000000003702992794_000.jpg
3202371115;499;T111;PSP_EXTRATLEITIMPL_030726_0121_20000000012503005337_000.jpg
91382237;7991;NA;PSP_EXTRATLEITIMPL_030726_0121_20000000012653002022_000.jpg
3223595838;4545;L101;PSP_EXTRATLEITIMPL_030726_0121_20000000007902989540_000.jpg
5256490015/3010092212;5145;T181;PSP_EXTRATLEITIMPL_030726_0121_20000000005853003418_000.jpg
3242519883/3191037064;6245;T181;PSP_EXTRATLEITIMPL_030726_0121_20000000012802999378_000.jpg
3161420270;380195;NA;NA
3232883862;94556;NA;NA
80538740;1311;NA;PSP_EXTRATLEITIMPL_030726_0121_20000000015852982607_000.jpg
60860424;17151;NA;PSP_EXTRATLEITIMPL_030726_0121_20000000011752987526_000.jpg
3220367214;13487;T181;PSP_EXTRATLEITIMPL_030726_0121_20000000001653014156_000.jpg
3224092180;1866;L101;PSP_EXTRATLEITIMPL_030726_0121_20000000004002999339_000.jpg
3200728385;1061;NA;PSP_EXTRATLEITIMPL_030726_0121_20000000000602992328_000.jpg
3154182500;6001;NA;PSP_EXTRATLEITIMPL_030726_0121_20000000016202988519_000.jpg
3010263252;40049;NA;PSP_EXTRATLEITIMPL_030726_0121_20000000016052997539_000.jpg
3181229607;1684;NA;PSP_EXTRATLEITIMPL_030726_0121_20000000001953000699_000.jpg
50007642;8905;NA;PSP_EXTRATLEITIMPL_030726_0121_20000000018653002800_000.jpg
3224397762;3305;NA;PSP_EXTRATLEITIMPL_030726_0121_20000000004903015147_000.jpg
60750459;7902;NA;PSP_EXTRATLEITIMPL_030726_0121_20000000010452976767_000.jpg
50880354;22912;NA;PSP_EXTRATLEITIMPL_030726_0121_20000000009352999466_000.jpg
3205391672;117;B111;PSP_EXTRATLEITIMPL_030726_0121_20000000014252972784_000.jpg
3222510537;1;P111;PSP_EXTRATLEITIMPL_030726_0121_20000000014852976731_000.jpg
3211285540;54114;T181;PSP_EXTRATLEITIMPL_030726_0121_20000000003153017084_000.jpg
5256569860/3202982726;4876;T181;PSP_EXTRATLEITIMPL_030726_0121_20000000017003022368_000.jpg
3231597661;3995;NA;PSP_EXTRATLEITIMPL_030726_0121_20000000001303009403_000.jpg
3244950948/3233438900;54;NA;PSP_EXTRATLEITIMPL_030726_0121_20000000004202997854_000.jpg
3181691688;166321;NA;NA
3171746883;64136;NA;PSP_EXTRATLEITIMPL_030726_0121_20000000010102991445_000.jpg
3230077206;120313;NA;NA
51576667;6361;NA;PSP_EXTRATLEITIMPL_030726_0121_20000000017903008094_000.jpg
P09796;15712;NA;PSP_EXTRATLEITIMPL_030726_0121_20000000006402988618_000.jpg
MA73210;4659;NA;PSP_EXTRATLEITIMPL_030726_0121_20000000011552981725_000.jpg
3242048228;8101;L101;PSP_EXTRATLEITIMPL_030726_0121_20000000013202990550_000.jpg
83083778;26512;NA;PSP_EXTRATLEITIMPL_030726_0121_20000000016852999680_000.jpg
3223312330;20866;T181;PSP_EXTRATLEITIMPL_030726_0121_20000000003503013495_000.jpg
3200991469;3547;B111;PSP_EXTRATLEITIMPL_030726_0121_20000000009352995457_000.jpg
3202006280;8937;NA;PSP_EXTRATLEITIMPL_030726_0121_20000000010103001001_000.jpg
40729755;73379;NA;PSP_EXTRATLEITIMPL_030726_0121_20000000015802978531_000.jpg
MA74475;9788;NA;PSP_EXTRATLEITIMPL_030726_0121_20000000005502992791_000.jpg
MB50294;35;B111;PSP_EXTRATLEITIMPL_030726_0121_20000000016152994315_000.jpg
3152839471;343;L101;PSP_EXTRATLEITIMPL_030726_0121_20000000000752990491_000.jpg
3200055348;7394;T111;PSP_EXTRATLEITIMPL_030726_0121_20000000019602987674_000.jpg
3220270938;15987;T181;PSP_EXTRATLEITIMPL_030726_0121_20000000017152999951_000.jpg
3191125982;27139;NA;PSP_EXTRATLEITIMPL_030726_0121_20000000012652993525_000.jpg
3212929084;4660;NA;PSP_EXTRATLEITIMPL_030726_0121_20000000016453012172_000.jpg
5256802297/3221039342;22;T181;PSP_EXTRATLEITIMPL_030726_0121_20000000014802989763_000.jpg
3182556504;11496;L131;PSP_EXTRATLEITIMPL_030726_0121_20000000013852985723_000.jpg
61416374;5123;NA;PSP_EXTRATLEITIMPL_030726_0121_20000000004353017340_000.jpg
3180029086;4517;P111;PSP_EXTRATLEITIMPL_030726_0121_20000000017753009500_000.jpg
50818110;0;L101;PSP_EXTRATLEITIMPL_030726_0121_20000000017153016513_000.jpg
3201707004;3959;NA;PSP_EXTRATLEITIMPL_030726_0121_20000000013202991481_001.jpg
3242277901;175705;T181;PSP_EXTRATLEITIMPL_030726_0121_20000000001152997365_000.jpg
3242424246;2340;NA;PSP_EXTRATLEITIMPL_030726_0121_20000000018452999572_001.jpg
MD06917;34102;T111;PSP_EXTRATLEITIMPL_030726_0121_20000000009853009329_000.jpg
6252254410/61230556;582;L131;PSP_EXTRATLEITIMPL_030726_0121_20000000013202993444_000.jpg
3010162779;7253;NA;PSP_EXTRATLEITIMPL_030726_0121_20000000013753001122_000.jpg
3224129059;4261;NA;PSP_EXTRATLEITIMPL_030726_0121_20000000016402978704_000.jpg
3225711061;58;NA;PSP_EXTRATLEITIMPL_030726_0121_20000000008502991205_000.jpg
3131291948;1769;L101;PSP_EXTRATLEITIMPL_030726_0121_20000000015303017294_000.jpg
3171096722;9892;NA;PSP_EXTRATLEITIMPL_030726_0121_20000000005903009176_000.jpg
3180169295;14862;NA;PSP_EXTRATLEITIMPL_030726_0121_20000000015702990298_000.jpg
3172550320;3260;NA;PSP_EXTRATLEITIMPL_030726_0121_20000000016402992398_000.jpg
40679057;51526;L101;PSP_EXTRATLEITIMPL_030726_0121_20000000014252974688_000.jpg
3214027932;34558;NA;PSP_EXTRATLEITIMPL_030726_0121_20000000001002977626_000.jpg
6251571064/3141763953;768;T181;PSP_EXTRATLEITIMPL_030726_0121_20000000004902997742_000.jpg
3154668526;2703;NA;PSP_EXTRATLEITIMPL_030726_0121_20000000015952998017_000.jpg
3171997576;4284;NA;PSP_EXTRATLEITIMPL_030726_0121_20000000003703007350_000.jpg
3244191532/3241202843;1958;NA;PSP_EXTRATLEITIMPL_030726_0121_20000000017553000835_001.jpg
60022330;28169;NA;PSP_EXTRATLEITIMPL_030726_0121_20000000019702979833_000.jpg
3121221305;19667;NA;PSP_EXTRATLEITIMPL_030726_0121_20000000004453025412_000.jpg
3200955144;8092;NA;PSP_EXTRATLEITIMPL_030726_0121_20000000000102999091_000.jpg
61489770;34523;L101;PSP_EXTRATLEITIMPL_030726_0121_20000000002603013350_000.jpg
3202929558;12954;L101;PSP_EXTRATLEITIMPL_030726_0121_20000000005602982411_000.jpg
T03868;41519;L101;PSP_EXTRATLEITIMPL_030726_0121_20000000013302975926_000.jpg
6251273284/660060774;198;T181;PSP_EXTRATLEITIMPL_030726_0121_20000000009952966928_000.jpg
3131882075;114600;NA;PSP_EXTRATLEITIMPL_030726_0121_20000000003503024006_000.jpg
3150578468;11722;NA;PSP_EXTRATLEITIMPL_030726_0121_20000000019652985978_000.jpg
145579B;54405;NA;PSP_EXTRATLEITIMPL_030726_0121_20000000012802989566_000.jpg
81613940;56220;T111;PSP_EXTRATLEITIMPL_030726_0121_20000000012252980711_000.jpg
3212473501;117418;NA;PSP_EXTRATLEITIMPL_030726_0121_20000000005502998656_000.jpg
3201628082;134271;NA;PSP_EXTRATLEITIMPL_030726_0121_20000000019702988535_000.jpg
121707B;83295;NA;PSP_EXTRATLEITIMPL_030726_0121_20000000007852995562_000.jpg
3204609739;25981;T181;PSP_EXTRATLEITIMPL_030726_0121_20000000002803006516_000.jpg
3204220963;10595;NA;PSP_EXTRATLEITIMPL_030726_0121_20000000016402988512_000.jpg
3201590913;565730;NA;PSP_EXTRATLEITIMPL_030726_0121_20000000014352978384_000.jpg
3010098470;79228;NA;PSP_EXTRATLEITIMPL_030726_0121_20000000000353002501_000.jpg
3194028511;57132;T181;PSP_EXTRATLEITIMPL_030726_0121_20000000019153005501_000.jpg
3193427579;129817;NA;PSP_EXTRATLEITIMPL_030726_0121_20000000004603029544_000.jpg
3200436775;23564;T181;PSP_EXTRATLEITIMPL_030726_0121_20000000016002988355_000.jpg
81595470;19038;NA;PSP_EXTRATLEITIMPL_030726_0121_20000000019702980693_000.jpg
3193017656;594;NA;PSP_EXTRATLEITIMPL_030726_0121_20000000015352991541_000.jpg
3224889258;646;NA;PSP_EXTRATLEITIMPL_030726_0121_20000000008202984567_000.jpg
3010263912;28621;NA;PSP_EXTRATLEITIMPL_030726_0121_20000000008952989164_000.jpg
3154515274;5723;NA;PSP_EXTRATLEITIMPL_030726_0121_20000000009003007192_000.jpg
640146699;43582;NA;PSP_EXTRATLEITIMPL_030726_0121_20000000012352976635_000.jpg
3210549250;4753;NA;PSP_EXTRATLEITIMPL_030726_0121_20000000013902991545_000.jpg
ME49230;15617;NA;PSP_EXTRATLEITIMPL_030726_0121_20000000017753004644_000.jpg
3243980533;204;M141;PSP_EXTRATLEITIMPL_030726_0121_20000000004603040163_000.jpg
H92596;42392;NA;PSP_EXTRATLEITIMPL_030726_0121_20000000010903008119_000.jpg
H07072;8665;NA;PSP_EXTRATLEITIMPL_030726_0121_20000000011153001116_000.jpg
70964350;21724;NA;PSP_EXTRATLEITIMPL_030726_0121_20000000000852981532_000.jpg
3161394520;2183;NA;PSP_EXTRATLEITIMPL_030726_0121_20000000010252995127_000.jpg
5257796762/3233279373;99999;NA;PSP_EXTRATLEITIMPL_030726_0121_20000000017852996799_000.jpg
61864296;3073;NA;PSP_EXTRATLEITIMPL_030726_0121_20000000004403007257_000.jpg
3241630640;51442;T181;PSP_EXTRATLEITIMPL_030726_0121_20000000016252989567_000.jpg
81604525;1896;NA;PSP_EXTRATLEITIMPL_030726_0121_20000000007502994577_000.jpg
6252001806/3154776892;585;NA;PSP_EXTRATLEITIMPL_030726_0121_20000000010152993341_000.jpg
3150880377;285055;NA;PSP_EXTRATLEITIMPL_030726_0121_20000000003103022142_000.jpg
3171385058;74239;NA;PSP_EXTRATLEITIMPL_030726_0121_20000000015652999136_000.jpg
3191230379;9278;NA;NA
3231036295;13156;T181;PSP_EXTRATLEITIMPL_030726_0121_20000000005602970686_000.jpg
3141863362;96252;NA;PSP_EXTRATLEITIMPL_030726_0121_20000000003403007189_000.jpg
3212446814;38034;NA;PSP_EXTRATLEITIMPL_030726_0121_20000000004903008409_000.jpg
3200053213;7076;NA;PSP_EXTRATLEITIMPL_030726_0121_20000000000053007270_000.jpg
3193288072;52474;NA;PSP_EXTRATLEITIMPL_030726_0121_20000000014302999192_000.jpg
82952004;28621;T111;PSP_EXTRATLEITIMPL_030726_0121_20000000003003006335_000.jpg
3241203866;32579;NA;NA
3201339617;4305;NA;PSP_EXTRATLEITIMPL_030726_0121_20000000004103006153_000.jpg
3222793857;1857;L101;PSP_EXTRATLEITIMPL_030726_0121_20000000006603018125_000.jpg
X80312;10209;NA;PSP_EXTRATLEITIMPL_030726_0121_20000000006603008489_000.jpg
3213399453;11488;NA;PSP_EXTRATLEITIMPL_030726_0121_20000000004403006168_000.jpg
3131803230;132941;NA;PSP_EXTRATLEITIMPL_030726_0121_20000000015652997038_000.jpg
70002671;94810;NA;PSP_EXTRATLEITIMPL_030726_0121_20000000000052983929_000.jpg
N45528;31575;NA;PSP_EXTRATLEITIMPL_030726_0121_20000000001502986816_000.jpg
3211289790;84584;T181;PSP_EXTRATLEITIMPL_030726_0121_20000000010003004229_000.jpg
3202530868;3880;T111;PSP_EXTRATLEITIMPL_030726_0121_20000000001502988800_000.jpg
MV60936;12061;L101;PSP_EXTRATLEITIMPL_030726_0121_20000000018452990731_000.jpg
71224970;18771;L101;PSP_EXTRATLEITIMPL_030726_0121_20000000018852983943_000.jpg
81261768;59834;NA;PSP_EXTRATLEITIMPL_030726_0121_20000000010952992309_000.jpg
3213989935;2700;R111;PSP_EXTRATLEITIMPL_030726_0121_20000000006903009001_000.jpg
5256565317/3202844005;142;B111;PSP_EXTRATLEITIMPL_030726_0121_20000000018052981738_000.jpg
3223333302;8464;T181;PSP_EXTRATLEITIMPL_030726_0121_20000000007953008047_000.jpg
3204063787;365;P111;PSP_EXTRATLEITIMPL_030726_0121_20000000011352978507_000.jpg
3180077536;16572;NA;PSP_EXTRATLEITIMPL_030726_0121_20000000017853015182_000.jpg
3171835495;67368;NA;PSP_EXTRATLEITIMPL_030726_0121_20000000016502986453_000.jpg
3191127667;30516;NA;PSP_EXTRATLEITIMPL_030726_0121_20000000001502996500_000.jpg
Q26576;20539;NA;PSP_EXTRATLEITIMPL_030726_0121_20000000003602999509_000.jpg
3242349503/3232901445;0;NA;PSP_EXTRATLEITIMPL_030726_0121_20000000009352990542_000.jpg
90911112;48356;NA;PSP_EXTRATLEITIMPL_030726_0121_20000000004753011641_000.jpg
3132249848;97912;NA;PSP_EXTRATLEITIMPL_030726_0121_20000000008502966891_000.jpg
3220239380;43169;T181;PSP_EXTRATLEITIMPL_030726_0121_20000000004053022024_000.jpg
120963B;51890;NA;PSP_EXTRATLEITIMPL_030726_0121_20000000018202981963_000.jpg
3212587604;59862;T181;PSP_EXTRATLEITIMPL_030726_0121_20000000000302969896_000.jpg
6251975165;173;NA;PSP_EXTRATLEITIMPL_030726_0121_20000000015652997039_000.jpg
3245153723/3154879950;3396;NA;PSP_EXTRATLEITIMPL_030726_0121_20000000008653006395_000.jpg
3200429264;19461;T181;PSP_EXTRATLEITIMPL_030726_0121_20000000014452989330_000.jpg
71674401;21431;NA;PSP_EXTRATLEITIMPL_030726_0121_20000000006103005345_000.jpg
41348372;45811;NA;PSP_EXTRATLEITIMPL_030726_0121_20000000014902983693_000.jpg
3193475476;40242;NA;PSP_EXTRATLEITIMPL_030726_0121_20000000007452993585_000.jpg
3200653415;10829;NA;PSP_EXTRATLEITIMPL_030726_0121_20000000007452993586_000.jpg
132191B;81711;NA;PSP_EXTRATLEITIMPL_030726_0121_20000000008802992499_000.jpg
3011179396;46254;NA;PSP_EXTRATLEITIMPL_030726_0121_20000000016903008728_000.jpg
3203918282;191994;T181;PSP_EXTRATLEITIMPL_030726_0121_20000000017853000740_000.jpg
3130302830;158678;NA;PSP_EXTRATLEITIMPL_030726_0121_20000000000253009534_000.jpg
3231086527;8823;T181;PSP_EXTRATLEITIMPL_030726_0121_20000000017103006560_000.jpg
70292B;93940;NA;PSP_EXTRATLEITIMPL_030726_0121_20000000013302992550_000.jpg
6251971488/30533879;99999;NA;PSP_EXTRATLEITIMPL_030726_0121_20000000017952988588_000.jpg
3180730876;25448;NA;PSP_EXTRATLEITIMPL_030726_0121_20000000000952995141_000.jpg
3140839247;675229;NA;PSP_EXTRATLEITIMPL_030726_0121_20000000016152972852_000.jpg
3223332802;78271;NA;PSP_EXTRATLEITIMPL_030726_0121_20000000009652975994_000.jpg
3190402028;42488;NA;PSP_EXTRATLEITIMPL_030726_0121_20000000000152979771_000.jpg
3211279698;43300;T181;PSP_EXTRATLEITIMPL_030726_0121_20000000007003002576_000.jpg
135251B;5477;NA;PSP_EXTRATLEITIMPL_030726_0121_20000000001652991845_000.jpg
3130323048;144784;NA;PSP_EXTRATLEITIMPL_030726_0121_20000000009752982738_000.jpg
3225678412;844;NA;PSP_EXTRATLEITIMPL_030726_0121_20000000014552991519_000.jpg
3182387435;0;P111;PSP_EXTRATLEITIMPL_030726_0121_20000000016853001738_000.jpg
3225178185;10339;NA;PSP_EXTRATLEITIMPL_030726_0121_20000000019203003510_000.jpg
3190011770;63053;NA;PSP_EXTRATLEITIMPL_030726_0121_20000000005552992612_000.jpg
5257487816/3241200220;9468;NA;PSP_EXTRATLEITIMPL_030726_0121_20000000017553015496_000.jpg
3172764958;33982;NA;PSP_EXTRATLEITIMPL_030726_0121_20000000010552994446_001.jpg
3220284548;12133;T181;PSP_EXTRATLEITIMPL_030726_0121_20000000002303001601_000.jpg
3161007888;23524;NA;PSP_EXTRATLEITIMPL_030726_0121_20000000019953004524_000.jpg
3160038445;118656;NA;PSP_EXTRATLEITIMPL_030726_0121_20000000007103005128_000.jpg
3010252421;57719;NA;PSP_EXTRATLEITIMPL_030726_0121_20000000005053028155_000.jpg
3220951692;1;P111;PSP_EXTRATLEITIMPL_030726_0121_20000000012053009134_000.jpg
3170623940;10426;NA;NA
41045779;44655;NA;PSP_EXTRATLEITIMPL_030726_0121_20000000010352999371_000.jpg
3203911946;94313;L101;PSP_EXTRATLEITIMPL_030726_0121_20000000014202971771_000.jpg
3225739608;9369;M141;PSP_EXTRATLEITIMPL_030726_0121_20000000014303001143_000.jpg
6252092267/NF16379;99999;NA;PSP_EXTRATLEITIMPL_030726_0121_20000000019602983959_000.jpg
3223618307;16354;NA;PSP_EXTRATLEITIMPL_030726_0121_20000000007203018002_000.jpg
3230583632;1328;P111;PSP_EXTRATLEITIMPL_030726_0121_20000000004803014481_000.jpg
3151315304;1655;T111;PSP_EXTRATLEITIMPL_030726_0121_20000000011002998483_000.jpg
3231224458;3244;NA;PSP_EXTRATLEITIMPL_030726_0121_20000000009452990478_000.jpg
3225956870;15682;NA;PSP_EXTRATLEITIMPL_030726_0121_20000000001753001615_000.jpg
MB90220;199;P111;PSP_EXTRATLEITIMPL_030726_0121_20000000017553013608_000.jpg
6252206467/MG33850;99999;NA;PSP_EXTRATLEITIMPL_030726_0121_20000000004253015527_000.jpg
6252206386/MC06979;99999;NA;PSP_EXTRATLEITIMPL_030726_0121_20000000013202990553_000.jpg
3231065996;407;NA;PSP_EXTRATLEITIMPL_030726_0121_20000000009402986373_001.jpg
3225627656;502;P111;PSP_EXTRATLEITIMPL_030726_0121_20000000019403008310_000.jpg
3204604761;18253;T181;PSP_EXTRATLEITIMPL_030726_0121_20000000014952986291_000.jpg
3160934424;9934;NA;PSP_EXTRATLEITIMPL_030726_0121_20000000012952985356_000.jpg
30157346;30786;NA;PSP_EXTRATLEITIMPL_030726_0121_20000000008802995501_000.jpg
6251605910/50556298;11240;NA;PSP_EXTRATLEITIMPL_030726_0121_20000000003753002174_000.jpg
3214286890;4803;NA;NA
3211652240;91830;NA;PSP_EXTRATLEITIMPL_030726_0121_20000000016002990371_000.jpg
3204298555;42849;NA;PSP_EXTRATLEITIMPL_030726_0121_20000000003352998193_000.jpg
3181693176;190533;NA;NA
NF72897;442;NA;NA
81966540;498452;NA;NA
40623B;4;P111;PSP_EXTRATLEITIMPL_030726_0121_20000000006853021207_000.jpg
3244388913;22646;L101;PSP_EXTRATLEITIMPL_030726_0121_20000000008703003488_000.jpg
MG42120;14131;NA;PSP_EXTRATLEITIMPL_030726_0121_20000000016953017183_000.jpg
5260370652/3221604759;0;NA;PSP_EXTRATLEITIMPL_030726_0121_20000000006203005197_001.jpg
3245341449;1127;P111;PSP_EXTRATLEITIMPL_030726_0121_20000000011352986223_000.jpg
202446;4130;L101;PSP_EXTRATLEITIMPL_030726_0121_20000000007753010206_000.jpg
155797B;95634;NA;PSP_EXTRATLEITIMPL_030726_0121_20000000012603002222_000.jpg
3230982383;15712;T181;PSP_EXTRATLEITIMPL_030726_0121_20000000015952998019_000.jpg
3201262371;15;P111;PSP_EXTRATLEITIMPL_030726_0121_20000000009053000001_000.jpg
3161129789;13463;NA;PSP_EXTRATLEITIMPL_030726_0121_20000000017903013006_000.jpg
5257455108/201921;733;NA;NA
3224119568;5242;NA;PSP_EXTRATLEITIMPL_030726_0121_20000000013853001350_000.jpg
3212722161;41029;T181;PSP_EXTRATLEITIMPL_030726_0121_20000000014752992384_000.jpg
E78458;24373;NA;PSP_EXTRATLEITIMPL_030726_0121_20000000007353005466_000.jpg
MD11839;99322;NA;PSP_EXTRATLEITIMPL_030726_0121_20000000008303001400_000.jpg
MD69559;38266;NA;PSP_EXTRATLEITIMPL_030726_0121_20000000002803010402_000.jpg
3161133883;72157;NA;PSP_EXTRATLEITIMPL_030726_0121_20000000011952993363_000.jpg
F31620;2460;NA;PSP_EXTRATLEITIMPL_030726_0121_20000000017653004745_000.jpg
H52264;83107;NA;PSP_EXTRATLEITIMPL_030726_0121_20000000013202981746_000.jpg
3214283360;238886;NA;NA
78675B;88914;NA;PSP_EXTRATLEITIMPL_030726_0121_20000000014352974473_000.jpg
3192148463;95085;NA;PSP_EXTRATLEITIMPL_030726_0121_20000000015353005244_000.jpg
144818B;82759;NA;PSP_EXTRATLEITIMPL_030726_0121_20000000003603012172_000.jpg
3212580103;78944;T181;PSP_EXTRATLEITIMPL_030726_0121_20000000001703003193_000.jpg
70603276;0;P111;PSP_EXTRATLEITIMPL_030726_0121_20000000016603027188_000.jpg
3201980029;1005;NA;PSP_EXTRATLEITIMPL_030726_0121_20000000009753004180_000.jpg
3222661233;3814;NA;PSP_EXTRATLEITIMPL_030726_0121_20000000016002995154_000.jpg
3242353691;5443;T181;PSP_EXTRATLEITIMPL_030726_0121_20000000006202988681_000.jpg
3242510690;6153;T181;PSP_EXTRATLEITIMPL_030726_0121_20000000007952985757_000.jpg
3225742986;15680;NA;PSP_EXTRATLEITIMPL_030726_0121_20000000014752974704_000.jpg
3241254215;75;NA;PSP_EXTRATLEITIMPL_030726_0121_20000000004903012101_000.jpg
J72138;978947;NA;PSP_EXTRATLEITIMPL_030726_0121_20000000012952985352_000.jpg
3221534726;5101;NA;PSP_EXTRATLEITIMPL_030726_0121_20000000008103009369_000.jpg
3211096941;385;M141;PSP_EXTRATLEITIMPL_030726_0121_20000000014302982707_000.jpg
3180662269;18985;NA;NA
F71347;3572;L101;PSP_EXTRATLEITIMPL_030726_0121_20000000010702998545_000.jpg
NQ11659;26785;L101;PSP_EXTRATLEITIMPL_030726_0121_20000000005452982821_000.jpg
61427872;8420;NA;PSP_EXTRATLEITIMPL_030726_0121_20000000006052981885_000.jpg
18087B;96311;NA;PSP_EXTRATLEITIMPL_030726_0121_20000000001052991468_000.jpg
3211622716;242;NA;PSP_EXTRATLEITIMPL_030726_0121_20000000007103007011_000.jpg
6250636570/3244187128/3131905296;20090;NA;PSP_EXTRATLEITIMPL_030726_0121_20000000009802984588_000.jpg
3245095464/E78282;13360;T181;PSP_EXTRATLEITIMPL_030726_0121_20000000019452991771_000.jpg
3214285184;418190;NA;PSP_EXTRATLEITIMPL_030726_0121_20000000012303004349_000.jpg
3211548168;134350;M141;PSP_EXTRATLEITIMPL_030726_0121_20000000000053012071_000.jpg
3214285265;326908;NA;NA
3230078652;31837;NA;NA
MG42329;21322;NA;PSP_EXTRATLEITIMPL_030726_0121_20000000012802988596_000.jpg
3183087036;4451;NA;PSP_EXTRATLEITIMPL_030726_0121_20000000009102974767_000.jpg
3210879187;9021;NA;NA
3202937003;32940;NA;PSP_EXTRATLEITIMPL_030726_0121_20000000003303016332_000.jpg
3181054858;154339;NA;PSP_EXTRATLEITIMPL_030726_0121_20000000007252996678_000.jpg
3191206524;5414;NA;PSP_EXTRATLEITIMPL_030726_0121_20000000009802989495_000.jpg
3223967921;5678;NA;PSP_EXTRATLEITIMPL_030726_0121_20000000001553002658_000.jpg
3202379035;769;NA;PSP_EXTRATLEITIMPL_030726_0121_20000000008703001553_000.jpg
3190800775;17399;T111;PSP_EXTRATLEITIMPL_030726_0121_20000000005653009003_000.jpg
3221880993;865;NA;PSP_EXTRATLEITIMPL_030726_0121_20000000002303017005_000.jpg
3212294488;2391;NA;PSP_EXTRATLEITIMPL_030726_0121_20000000018353012007_000.jpg
3224632710;2010;NA;PSP_EXTRATLEITIMPL_030726_0121_20000000007302987690_000.jpg
5255956061/5256974934/5255956061/05168B;10459;NA;NA
MA06772;11858;NA;PSP_EXTRATLEITIMPL_030726_0121_20000000010902984814_000.jpg
3212731039;24108;T181;PSP_EXTRATLEITIMPL_030726_0121_20000000018653000834_000.jpg
90101439;19961;NA;PSP_EXTRATLEITIMPL_030726_0121_20000000009302982724_000.jpg
5257017470/MG36435;119;NA;PSP_EXTRATLEITIMPL_030726_0121_20000000015352997534_000.jpg
3190552674;3294;NA;PSP_EXTRATLEITIMPL_030726_0121_20000000002003009654_000.jpg
660067973;14441;NA;PSP_EXTRATLEITIMPL_030726_0121_20000000017952987514_000.jpg
660070281;19893;T111;PSP_EXTRATLEITIMPL_030726_0121_20000000008103002431_000.jpg
3180652778;162197;T181;PSP_EXTRATLEITIMPL_030726_0121_20000000017803011525_000.jpg
MG46112;648;T181;PSP_EXTRATLEITIMPL_030726_0121_20000000013502986475_000.jpg
3211284241;38229;T181;PSP_EXTRATLEITIMPL_030726_0121_20000000014852986458_000.jpg
3190267147;14115;NA;PSP_EXTRATLEITIMPL_030726_0121_20000000010802997164_000.jpg
640242663;14640;NA;PSP_EXTRATLEITIMPL_030726_0121_20000000003003009186_000.jpg
3201638487;38386;NA;PSP_EXTRATLEITIMPL_030726_0121_20000000002352995617_000.jpg
62365579;39;NA;PSP_EXTRATLEITIMPL_030726_0121_20000000010552989426_000.jpg
3214283998;426652;NA;NA
Q57137;53024;NA;PSP_EXTRATLEITIMPL_030726_0121_20000000009353008183_000.jpg
3201137763;6292;NA;PSP_EXTRATLEITIMPL_030726_0121_20000000013703002109_000.jpg
3202793788;7688;NA;NA
L87885;9901;L131;PSP_EXTRATLEITIMPL_030726_0121_20000000001002974710_000.jpg
3244219569;6248;T181;PSP_EXTRATLEITIMPL_030726_0121_20000000004453012749_000.jpg
3141187499;125;NA;PSP_EXTRATLEITIMPL_030726_0121_20000000009102994324_000.jpg
3224754298;2005;NA;NA
6252050785;99999;NA;PSP_EXTRATLEITIMPL_030726_0121_20000000016703002989_000.jpg
3181456867;2712;NA;PSP_EXTRATLEITIMPL_030726_0121_20000000013902991547_000.jpg
B92203;54523;NA;PSP_EXTRATLEITIMPL_030726_0121_20000000000552997142_000.jpg
3192843366;952;NA;PSP_EXTRATLEITIMPL_030726_0121_20000000001053005142_000.jpg
3220250236;25476;T181;PSP_EXTRATLEITIMPL_030726_0121_20000000000502994125_000.jpg
3170728377;52808;NA;PSP_EXTRATLEITIMPL_030726_0121_20000000002853010151_000.jpg
40663134;48796;NA;PSP_EXTRATLEITIMPL_030726_0121_20000000018753010168_000.jpg
3242470426/3220558664;3351;NA;PSP_EXTRATLEITIMPL_030726_0121_20000000003853009157_000.jpg
6251368927/3172487644;20363;NA;PSP_EXTRATLEITIMPL_030726_0121_20000000005602990139_000.jpg
3171304872;76424;NA;PSP_EXTRATLEITIMPL_030726_0121_20000000006403006152_000.jpg
3193746798;83806;NA;PSP_EXTRATLEITIMPL_030726_0121_20000000007552995519_000.jpg
3212576106;59623;T181;PSP_EXTRATLEITIMPL_030726_0121_20000000010402982520_000.jpg
3193212351;61004;T181;PSP_EXTRATLEITIMPL_030726_0121_20000000010402981422_000.jpg
3241137111;12842;NA;PSP_EXTRATLEITIMPL_030726_0121_20000000002552990589_000.jpg
3211548699;46264;T111;PSP_EXTRATLEITIMPL_030726_0121_20000000012352981472_000.jpg
650004582;16785;M141;PSP_EXTRATLEITIMPL_030726_0121_20000000001953004551_000.jpg
5256558400/MD94919;2851;T181;PSP_EXTRATLEITIMPL_030726_0121_20000000001402990835_000.jpg
3011011985;13148;NA;PSP_EXTRATLEITIMPL_030726_0121_20000000005602967757_000.jpg
V77923;19066;NA;PSP_EXTRATLEITIMPL_030726_0121_20000000016552986569_000.jpg
3230009553;18083;T181;PSP_EXTRATLEITIMPL_030726_0121_20000000010102973929_000.jpg
3224602536;463;NA;PSP_EXTRATLEITIMPL_030726_0121_20000000001202991624_000.jpg
3010001526;36375;L101;PSP_EXTRATLEITIMPL_030726_0121_20000000001853017003_000.jpg
3244221938;8960;T181;PSP_EXTRATLEITIMPL_030726_0121_20000000015853002003_000.jpg
81800804;74818;NA;PSP_EXTRATLEITIMPL_030726_0121_20000000019602987676_000.jpg
60886920;50265;NA;PSP_EXTRATLEITIMPL_030726_0121_20000000017753018138_000.jpg
3193499502;290840;NA;PSP_EXTRATLEITIMPL_030726_0121_20000000006203008138_000.jpg
91279550;34513;NA;PSP_EXTRATLEITIMPL_030726_0121_20000000019703004136_000.jpg
3245015592/3244901092;11415;NA;PSP_EXTRATLEITIMPL_030726_0121_20000000000852997177_000.jpg
3212088837;21028;NA;PSP_EXTRATLEITIMPL_030726_0121_20000000003653007564_000.jpg
3170646621;9160;NA;PSP_EXTRATLEITIMPL_030726_0121_20000000011702987545_000.jpg
62584530;11693;NA;PSP_EXTRATLEITIMPL_030726_0121_20000000018653009666_000.jpg
3203911601;87528;T181;PSP_EXTRATLEITIMPL_030726_0121_20000000011852979764_000.jpg
3181688172;320447;T181;PSP_EXTRATLEITIMPL_030726_0121_20000000004302994710_000.jpg
3211137125;68058;T181;PSP_EXTRATLEITIMPL_030726_0121_20000000000402990694_000.jpg
83540206;26963;NA;PSP_EXTRATLEITIMPL_030726_0121_20000000015303001656_000.jpg
3242616668;10362;T181;PSP_EXTRATLEITIMPL_030726_0121_20000000011602988453_000.jpg
3211289740;33788;T181;PSP_EXTRATLEITIMPL_030726_0121_20000000004053015536_000.jpg
3222481650;30492;T181;PSP_EXTRATLEITIMPL_030726_0121_20000000017303016503_000.jpg
3231752080;4225;NA;PSP_EXTRATLEITIMPL_030726_0121_20000000014053006062_000.jpg
MA19197;68841;T111;PSP_EXTRATLEITIMPL_030726_0121_20000000006402998302_000.jpg
3181752873;18995;NA;PSP_EXTRATLEITIMPL_030726_0121_20000000016852998829_000.jpg
3170084577;13274;NA;NA
3230090490;102069;NA;NA
3242521950;8872;T181;PSP_EXTRATLEITIMPL_030726_0121_20000000010753011003_000.jpg
3201002159;11139;NA;PSP_EXTRATLEITIMPL_030726_0121_20000000004553007158_000.jpg
3183575367;729;T111;PSP_EXTRATLEITIMPL_030726_0121_20000000001252991641_000.jpg
60579784;13387;NA;PSP_EXTRATLEITIMPL_030726_0121_20000000006402996489_000.jpg
3201252660;5924;NA;PSP_EXTRATLEITIMPL_030726_0121_20000000017253010517_000.jpg
3202464326;5214;NA;PSP_EXTRATLEITIMPL_030726_0121_20000000011152976756_000.jpg
3200452711;33100;T181;PSP_EXTRATLEITIMPL_030726_0121_20000000018753000512_000.jpg
3233493960;0;NA;NA
3223121186;1064;L101;PSP_EXTRATLEITIMPL_030726_0121_20000000012702978924_000.jpg
3181691548;625043;NA;NA
3121667842;27943;NA;PSP_EXTRATLEITIMPL_030726_0121_20000000007203017011_000.jpg
3204190762;7144;NA;PSP_EXTRATLEITIMPL_030726_0121_20000000016102987047_000.jpg
3011179806;93244;NA;PSP_EXTRATLEITIMPL_030726_0121_20000000012252975946_000.jpg
3220527300;2345;NA;PSP_EXTRATLEITIMPL_030726_0121_20000000000202984509_000.jpg
3220739448;6123;NA;PSP_EXTRATLEITIMPL_030726_0121_20000000003452979958_000.jpg
3223392449;12028;T181;PSP_EXTRATLEITIMPL_030726_0121_20000000012402981543_000.jpg
3170957449;6664;NA;PSP_EXTRATLEITIMPL_030726_0121_20000000002852989716_000.jpg
3152851781;9096;NA;PSP_EXTRATLEITIMPL_030726_0121_20000000005752981689_000.jpg
3193265862;1125;NA;PSP_EXTRATLEITIMPL_030726_0121_20000000010852980521_000.jpg
3121058129;12;P111;PSP_EXTRATLEITIMPL_030726_0121_20000000019452988928_000.jpg
3202414906;3584;T111;PSP_EXTRATLEITIMPL_030726_0121_20000000014352984152_000.jpg
3193844935;66333;NA;PSP_EXTRATLEITIMPL_030726_0121_20000000005303021179_000.jpg
40990402;3329;NA;PSP_EXTRATLEITIMPL_030726_0121_20000000010303007180_000.jpg
3230064368;12328;NA;PSP_EXTRATLEITIMPL_030726_0121_20000000013453005158_000.jpg
60506507;26171;NA;PSP_EXTRATLEITIMPL_030726_0121_20000000006903006182_000.jpg
3180469159;17621;NA;PSP_EXTRATLEITIMPL_030726_0121_20000000004603039165_000.jpg
3131758625;33722;NA;PSP_EXTRATLEITIMPL_030726_0121_20000000013653002172_000.jpg
3200344307;14468;NA;PSP_EXTRATLEITIMPL_030726_0121_20000000015402978643_000.jpg
6252190528/50742261;99999;NA;PSP_EXTRATLEITIMPL_030726_0121_20000000017353019570_000.jpg
3170242032;17229;NA;PSP_EXTRATLEITIMPL_030726_0121_20000000007502997502_000.jpg
6250629301/82095195;17315;NA;PSP_EXTRATLEITIMPL_030726_0121_20000000004603026714_000.jpg
3212356190;61151;NA;PSP_EXTRATLEITIMPL_030726_0121_20000000011252980612_000.jpg
3010208354;27212;NA;PSP_EXTRATLEITIMPL_030726_0121_20000000007253000562_000.jpg
3191267922;32076;NA;PSP_EXTRATLEITIMPL_030726_0121_20000000010302993565_000.jpg
3245144848/3243882957/91754967;16422;NA;PSP_EXTRATLEITIMPL_030726_0121_20000000007152999609_000.jpg
3150461668;804390;NA;PSP_EXTRATLEITIMPL_030726_0121_20000000011902981637_000.jpg
6251309076/3191378040;8979;NA;PSP_EXTRATLEITIMPL_030726_0121_00000000000211765824_000.jpg
5257763384/3172318672;2051;NA;PSP_EXTRATLEITIMPL_030726_0121_20000000008802984633_000.jpg
3242627864;7566;T181;PSP_EXTRATLEITIMPL_030726_0121_20000000000852990507_000.jpg
3231111122;15410;T181;PSP_EXTRATLEITIMPL_030726_0121_20000000014302995358_000.jpg
3201065347;5737;NA;PSP_EXTRATLEITIMPL_030726_0121_20000000015102982938_000.jpg
3222711320;36054;NA;PSP_EXTRATLEITIMPL_030726_0121_20000000008653003519_000.jpg
3244142922;288;L101;PSP_EXTRATLEITIMPL_030726_0121_20000000001403003562_000.jpg
3131807561;410118;NA;PSP_EXTRATLEITIMPL_030726_0121_20000000001652995714_000.jpg
3211125194;62013;T181;PSP_EXTRATLEITIMPL_030726_0121_20000000010402972680_000.jpg
3191133683;356;M141;PSP_EXTRATLEITIMPL_030726_0121_20000000000002998688_000.jpg
T15671;64950;NA;PSP_EXTRATLEITIMPL_030726_0121_20000000000902984679_000.jpg
50583880;71293;NA;PSP_EXTRATLEITIMPL_030726_0121_20000000004603017827_000.jpg
3172712443;12083;NA;PSP_EXTRATLEITIMPL_030726_0121_20000000019803001719_000.jpg
3205368573;24229;NA;PSP_EXTRATLEITIMPL_030726_0121_20000000012902993299_000.jpg
3161574570;366;M141;PSP_EXTRATLEITIMPL_030726_0121_20000000004503004348_000.jpg
3242279386;109071;NA;NA
3212309043;119090;NA;NA
3245076095;2858;NA;NA
3231031889;0;T161;PSP_EXTRATLEITIMPL_030726_0121_20000000005903010200_001.jpg
3171766280;104004;NA;PSP_EXTRATLEITIMPL_030726_0121_20000000004103005197_000.jpg
3132117046;14691;NA;PSP_EXTRATLEITIMPL_030726_0121_20000000001902997741_000.jpg
3220507890;2030;NA;PSP_EXTRATLEITIMPL_030726_0121_20000000019153012176_000.jpg
3191227440;8874;NA;PSP_EXTRATLEITIMPL_030726_0121_20000000007952993585_000.jpg
3151497267;14121;NA;PSP_EXTRATLEITIMPL_030726_0121_20000000016352985650_000.jpg
3245076818;9024;NA;NA
3193443370;156287;NA;PSP_EXTRATLEITIMPL_030726_0121_20000000004302995755_000.jpg
3230061741;20463;NA;PSP_EXTRATLEITIMPL_030726_0121_20000000004053006719_000.jpg
3180681948;124560;T181;PSP_EXTRATLEITIMPL_030726_0121_20000000001102972998_000.jpg
3011107193;22276;NA;PSP_EXTRATLEITIMPL_030726_0121_20000000002202988755_000.jpg
3161462852;93670;NA;PSP_EXTRATLEITIMPL_030726_0121_20000000019252984979_000.jpg
3172416941;246697;T181;PSP_EXTRATLEITIMPL_030726_0121_20000000011403010020_000.jpg
5255955774/5256973873/5255955774/60236798;9787;NA;NA
3191133390;153198;NA;PSP_EXTRATLEITIMPL_030726_0121_20000000001653012061_000.jpg
3192623684;7;P111;PSP_EXTRATLEITIMPL_030726_0121_20000000017953003039_000.jpg
180644;7587;L101;PSP_EXTRATLEITIMPL_030726_0121_20000000016553007000_000.jpg
MG68060;50079;NA;PSP_EXTRATLEITIMPL_030726_0121_20000000002203009141_000.jpg
40748636;46680;NA;PSP_EXTRATLEITIMPL_030726_0121_20000000018952985975_000.jpg
5257637443/3223382907;3339;T181;NA
3222750490;24316;T181;NA
6251614430/3232650043;415;R111;NA
3194028279;43053;T181;NA
ME49936;15151;L101;PSP_EXTRATLEITIMPL_030726_0121_20000000005303009552_000.jpg
61515410;20426;NA;PSP_EXTRATLEITIMPL_030726_0121_20000000007853007118_000.jpg
30060652;22728;NA;PSP_EXTRATLEITIMPL_030726_0121_20000000015952988437_000.jpg
630051819;31007;NA;PSP_EXTRATLEITIMPL_030726_0121_20000000003902995545_000.jpg
3226133770;7074;NA;PSP_EXTRATLEITIMPL_030726_0121_20000000019353015425_000.jpg
3212401381;268816;NA;NA
3204760828;24117;B111;PSP_EXTRATLEITIMPL_030726_0121_20000000001953019159_000.jpg
6251617099/3243083213;106;NA;PSP_EXTRATLEITIMPL_030726_0121_20000000006402981744_000.jpg
3204941067;24117;L101;PSP_EXTRATLEITIMPL_030726_0121_20000000004603017825_000.jpg
3203452879;7596;NA;PSP_EXTRATLEITIMPL_030726_0121_20000000010952993280_000.jpg
91248484;18376;L101;PSP_EXTRATLEITIMPL_030726_0121_20000000014603008287_000.jpg
3172025004;80688;NA;NA
3231350976;687;NA;PSP_EXTRATLEITIMPL_030726_0121_20000000001053004182_000.jpg
3223690547;2039;NA;PSP_EXTRATLEITIMPL_030726_0121_20000000016603002980_000.jpg
3010005415;5;P111;PSP_EXTRATLEITIMPL_030726_0121_20000000009452980701_000.jpg
3210990193;3213;NA;PSP_EXTRATLEITIMPL_030726_0121_20000000013802984632_000.jpg
3152077326;2578;B111;PSP_EXTRATLEITIMPL_030726_0121_20000000007503008003_000.jpg
3245074289;109678;NA;NA
40749942;13267;L101;PSP_EXTRATLEITIMPL_030726_0121_20000000001303017092_000.jpg
71055230;12931;NA;PSP_EXTRATLEITIMPL_030726_0121_20000000018003005559_000.jpg
3203770307;20672;T181;PSP_EXTRATLEITIMPL_030726_0121_20000000011052978747_000.jpg
50535215;0;NA;PSP_EXTRATLEITIMPL_030726_0121_20000000010402986369_000.jpg
3245074386;19369;NA;NA
3171370875;442382;NA;NA
3200804120;979;NA;NA
3160125615;191724;NA;PSP_EXTRATLEITIMPL_030726_0121_20000000007153003515_000.jpg
3203755499;69347;NA;NA
70186160;2182;T111;PSP_EXTRATLEITIMPL_030726_0121_20000000006203000422_000.jpg
3183460179;43;L101;PSP_EXTRATLEITIMPL_030726_0121_20000000006303002539_000.jpg
NF01252;39634;NA;PSP_EXTRATLEITIMPL_030726_0121_20000000010952993278_000.jpg
3222812673;9353;L101;PSP_EXTRATLEITIMPL_030726_0121_20000000008303004095_000.jpg
3190775266;5648;L101;PSP_EXTRATLEITIMPL_030726_0121_20000000008102991811_000.jpg
3210051227;33367;NA;PSP_EXTRATLEITIMPL_030726_0121_20000000001803007765_000.jpg
3192201429;36723;NA;PSP_EXTRATLEITIMPL_030726_0121_20000000015702985567_000.jpg
3171752832;183157;NA;PSP_EXTRATLEITIMPL_030726_0121_20000000014402999118_000.jpg
NF10984;54092;NA;PSP_EXTRATLEITIMPL_030726_0121_20000000011352989062_000.jpg
5255958013/5256974446/5255958013/3232891369;43591;NA;NA
157804B;11630;NA;PSP_EXTRATLEITIMPL_030726_0121_20000000002603018078_000.jpg
3211863080;2218;NA;PSP_EXTRATLEITIMPL_030726_0121_20000000001052990552_000.jpg
3133140130;97;P111;PSP_EXTRATLEITIMPL_030726_0121_20000000000902990621_000.jpg
3245073266;22826;NA;NA
3171171317;4702;NA;PSP_EXTRATLEITIMPL_030726_0121_20000000003802989993_000.jpg
71202305;2190;NA;PSP_EXTRATLEITIMPL_030726_0121_20000000017053002576_000.jpg
3193493563;1034;NA;PSP_EXTRATLEITIMPL_030726_0121_20000000010652978519_001.jpg
MV33249;74248;NA;PSP_EXTRATLEITIMPL_030726_0121_20000000017602991597_000.jpg
5257869760/3130273113;22;T181;PSP_EXTRATLEITIMPL_030726_0121_20000000006402994469_000.jpg
3200208390;4116;P111;PSP_EXTRATLEITIMPL_030726_0121_20000000003703004480_000.jpg
3231728243/3210001785;12153;NA;NA
3232570791;1208;NA;NA
3204450810;165;P111;PSP_EXTRATLEITIMPL_030726_0121_20000000011302991431_000.jpg
3212308233;295323;NA;NA
3205284612;72444;NA;NA
3230086477;228648;NA;NA
200072B;20479;B111;PSP_EXTRATLEITIMPL_030726_0121_20000000003052992783_000.jpg
H73397;9837;NA;PSP_EXTRATLEITIMPL_030726_0121_20000000011252991116_000.jpg
50470610;4496;B111;PSP_EXTRATLEITIMPL_030726_0121_20000000018903014147_000.jpg
3231098363;10134;T181;PSP_EXTRATLEITIMPL_030726_0121_20000000013803001119_000.jpg
3181495420;29951;NA;PSP_EXTRATLEITIMPL_030726_0121_20000000009652984663_000.jpg
E79441;35858;L101;PSP_EXTRATLEITIMPL_030726_0121_20000000007002994759_000.jpg
3220353060;10568;T181;PSP_EXTRATLEITIMPL_030726_0121_20000000013452987750_000.jpg
3241742716;31721;L101;PSP_EXTRATLEITIMPL_030726_0121_20000000003402992787_000.jpg
3223327183;90518;T181;NA
3220408603;58609;T111;PSP_EXTRATLEITIMPL_030726_0121_20000000009652996444_000.jpg
NU09963;88;P111;PSP_EXTRATLEITIMPL_030726_0121_20000000017903005338_000.jpg
3160879571;21643;NA;PSP_EXTRATLEITIMPL_030726_0121_20000000011252989327_000.jpg
40714120;17215;T111;PSP_EXTRATLEITIMPL_030726_0121_20000000015702988467_000.jpg
3154841457;8796;NA;PSP_EXTRATLEITIMPL_030726_0121_20000000006753001516_000.jpg
62573678;41823;NA;PSP_EXTRATLEITIMPL_030726_0121_20000000019253012170_000.jpg
3120714405;3620;B111;PSP_EXTRATLEITIMPL_030726_0121_20000000017902986908_000.jpg
3182746893;13306;NA;NA
3243303108/3241077771;8674;T181;PSP_EXTRATLEITIMPL_030726_0121_20000000019753011010_000.jpg
3140711275;14924;L101;PSP_EXTRATLEITIMPL_030726_0121_20000000006603018127_000.jpg
3171718065;272439;NA;PSP_EXTRATLEITIMPL_030726_0121_20000000005803008171_000.jpg
3182748780;2837;NA;NA
3204755263;4705;NA;PSP_EXTRATLEITIMPL_030726_0121_20000000016703011775_000.jpg
3152315731;30875;NA;NA
3220075876;44805;T181;PSP_EXTRATLEITIMPL_030726_0121_20000000012352991264_000.jpg
3203906063;76290;T181;PSP_EXTRATLEITIMPL_030726_0121_20000000015103008160_000.jpg
3192376520;18162;NA;PSP_EXTRATLEITIMPL_030726_0121_20000000013252989356_000.jpg
3180676260;182268;NA;NA
81165130;18615;B111;PSP_EXTRATLEITIMPL_030726_0121_20000000008853008002_000.jpg
3224707516;164376;NA;NA
3201719525;53389;NA;PSP_EXTRATLEITIMPL_030726_0121_20000000001303018009_000.jpg
70782774;71470;NA;PSP_EXTRATLEITIMPL_030726_0121_20000000010402982523_000.jpg
3183082433;10472;NA;PSP_EXTRATLEITIMPL_030726_0121_20000000006653010334_000.jpg
3241584657;8124;NA;PSP_EXTRATLEITIMPL_030726_0121_20000000017903000551_000.jpg
82647856;55564;NA;PSP_EXTRATLEITIMPL_030726_0121_20000000016803009528_000.jpg
60340080;36021;NA;PSP_EXTRATLEITIMPL_030726_0121_20000000019303009226_000.jpg
3161794146;899;NA;PSP_EXTRATLEITIMPL_030726_0121_20000000009702977703_000.jpg
3141168150;7205;NA;PSP_EXTRATLEITIMPL_030726_0121_20000000018402980988_000.jpg
3202304647;5341;NA;PSP_EXTRATLEITIMPL_030726_0121_20000000010152969958_000.jpg
61671021;12670;NA;PSP_EXTRATLEITIMPL_030726_0121_20000000007102996520_000.jpg
3223076091;9044;NA;PSP_EXTRATLEITIMPL_030726_0121_20000000018103005460_000.jpg
3204251311;9714;NA;PSP_EXTRATLEITIMPL_030726_0121_20000000003902989614_000.jpg
3212310076;297905;NA;NA
B37203;75099;NA;PSP_EXTRATLEITIMPL_030726_0121_20000000016053007029_000.jpg
3172761908;46990;NA;PSP_EXTRATLEITIMPL_030726_0121_20000000006053004055_000.jpg
3180584500;14218;NA;NA
3180581625;19567;NA;NA
3203789644;18740;T181;PSP_EXTRATLEITIMPL_030726_0121_20000000015353003284_000.jpg
3245073053;64952;NA;NA
3220232831;36307;T181;PSP_EXTRATLEITIMPL_030726_0121_20000000005902995529_000.jpg
3200527630;14540;NA;PSP_EXTRATLEITIMPL_030726_0121_20000000005053012592_000.jpg
6251401851/6251266741/3242288130;24;P111;PSP_EXTRATLEITIMPL_030726_0121_20000000000802992348_000.jpg
3170019082;105964;NA;NA
3201452715;10614;NA;NA
3231744826;71122;NA;NA
3172415791;458315;NA;NA
3142888288;431398;NA;NA
3180660614;122463;NA;NA
40030948;1745;B111;PSP_EXTRATLEITIMPL_030726_0121_20000000007302992567_000.jpg
3152662750;13554;NA;NA
3244188949;10726;NA;NA
3152666577;11719;NA;NA
3154105890;19660;NA;NA
3152667638;16368;NA;NA
3170655159;12907;L131;PSP_EXTRATLEITIMPL_030726_0121_20000000009952970830_000.jpg
3192219670;25044;NA;NA
3192229382;8166;NA;NA
90004697;337482;NA;NA
30444930;9496;NA;PSP_EXTRATLEITIMPL_030726_0121_20000000006502993973_000.jpg
5260159242/3011169715;342;NA;PSP_EXTRATLEITIMPL_030726_0121_20000000009552998069_000.jpg
3133010890;1994;B111;PSP_EXTRATLEITIMPL_030726_0121_20000000004453003979_000.jpg
NF07354;5;L101;PSP_EXTRATLEITIMPL_030726_0121_20000000007803013027_000.jpg
R12700;40882;NA;PSP_EXTRATLEITIMPL_030726_0121_20000000001703004023_000.jpg
3241920100;71;B111;PSP_EXTRATLEITIMPL_030726_0121_20000000017253018059_000.jpg
E95923;251;NA;PSP_EXTRATLEITIMPL_030726_0121_20000000002702997660_000.jpg
3213204504;198;L101;PSP_EXTRATLEITIMPL_030726_0121_20000000009152989642_000.jpg
3160839030;358;B111;PSP_EXTRATLEITIMPL_030726_0121_20000000005153012736_000.jpg
3190708283;4946;NA;PSP_EXTRATLEITIMPL_030726_0121_20000000011302983694_000.jpg
62518316;16420;L101;PSP_EXTRATLEITIMPL_030726_0121_20000000011752988583_000.jpg
41268654;20132;NA;PSP_EXTRATLEITIMPL_030726_0121_20000000019203000547_000.jpg
51072774;14132;NA;PSP_EXTRATLEITIMPL_030726_0121_20000000014352975492_000.jpg
3011019726;7612;NA;PSP_EXTRATLEITIMPL_030726_0121_20000000018952997627_000.jpg
3010036074;2170;NA;PSP_EXTRATLEITIMPL_030726_0121_20000000010252981471_000.jpg
T91784;2016;NA;PSP_EXTRATLEITIMPL_030726_0121_20000000002152984615_000.jpg
3172762289;73957;NA;PSP_EXTRATLEITIMPL_030726_0121_20000000005802988763_000.jpg
3201633949;79874;NA;PSP_EXTRATLEITIMPL_030726_0121_20000000008402979548_000.jpg
3241628484;28244;T181;PSP_EXTRATLEITIMPL_030726_0121_20000000012852997277_000.jpg
30615573;17431;NA;PSP_EXTRATLEITIMPL_030726_0121_20000000006453009328_000.jpg
3172482642;3587;L101;NA
3231025323;17234;T181;PSP_EXTRATLEITIMPL_030726_0121_20000000014252992231_000.jpg
5256218161/3245140559/D95901;5357;T181;PSP_EXTRATLEITIMPL_030726_0121_20000000009802992244_000.jpg
3181688750;565625;T181;PSP_EXTRATLEITIMPL_030726_0121_20000000001903011317_000.jpg
3121847549;0;P111;PSP_EXTRATLEITIMPL_030726_0121_20000000012202992503_000.jpg
3204598184;26141;T181;PSP_EXTRATLEITIMPL_030726_0121_20000000001102990540_000.jpg
3194021223;61545;T181;PSP_EXTRATLEITIMPL_030726_0121_20000000013652993513_000.jpg
3222179164;1546;NA;PSP_EXTRATLEITIMPL_030726_0121_20000000014952984490_000.jpg
3201201062;1863;P111;PSP_EXTRATLEITIMPL_030726_0121_20000000018903004525_000.jpg
3243312387;12575;T181;PSP_EXTRATLEITIMPL_030726_0121_20000000014302979743_000.jpg
3009015622;4435;L131;PSP_EXTRATLEITIMPL_030726_0121_20000000005103024361_000.jpg
3190944831;38017;NA;PSP_EXTRATLEITIMPL_030726_0121_20000000006952987980_000.jpg
3220312401;538;T181;PSP_EXTRATLEITIMPL_030726_0121_20000000017402999899_000.jpg
3243305933;6923;T181;PSP_EXTRATLEITIMPL_030726_0121_20000000017402999900_000.jpg
3211176538;820;T181;PSP_EXTRATLEITIMPL_030726_0121_20000000003152995965_000.jpg
3191499882;32448;NA;PSP_EXTRATLEITIMPL_030726_0121_20000000000102976737_000.jpg
6251109913/3010079827;8569;NA;PSP_EXTRATLEITIMPL_030726_0121_20000000013952995166_000.jpg
3244244628;4311;T181;PSP_EXTRATLEITIMPL_030726_0121_20000000003103021182_000.jpg
3231070450;10265;T181;PSP_EXTRATLEITIMPL_030726_0121_20000000019153012178_000.jpg
3153690293;301951;NA;PSP_EXTRATLEITIMPL_030726_0121_20000000016753006362_000.jpg
3204847664;7337;NA;PSP_EXTRATLEITIMPL_030726_0121_20000000015402988364_000.jpg
3205515770;74;P111;PSP_EXTRATLEITIMPL_030726_0121_20000000016402994235_000.jpg
3190888931;1007;P111;PSP_EXTRATLEITIMPL_030726_0121_20000000002203000300_000.jpg
3242538292/3230071933;29294;T181;PSP_EXTRATLEITIMPL_030726_0121_20000000001503001405_000.jpg
40345973;37221;NA;PSP_EXTRATLEITIMPL_030726_0121_20000000015953000007_000.jpg
J29680;9092;B111;PSP_EXTRATLEITIMPL_030726_0121_20000000000302978543_000.jpg
3223304914;8039;T181;PSP_EXTRATLEITIMPL_030726_0121_20000000006752996487_000.jpg
3202535908;70217;NA;PSP_EXTRATLEITIMPL_030726_0121_20000000006302990630_000.jpg
148049B;71081;T111;PSP_EXTRATLEITIMPL_030726_0121_20000000018103005459_000.jpg
3194025210;160279;T181;PSP_EXTRATLEITIMPL_030726_0121_20000000007253015166_000.jpg
MG46891;14640;NA;PSP_EXTRATLEITIMPL_030726_0121_20000000008103014158_000.jpg
40256660;8198;T111;PSP_EXTRATLEITIMPL_030726_0121_20000000005802997543_000.jpg
L11342;2619;B111;PSP_EXTRATLEITIMPL_030726_0121_20000000010553001200_000.jpg
3245359151;1889;NA;PSP_EXTRATLEITIMPL_030726_0121_20000000006152990628_000.jpg
3211542410;19264;NA;PSP_EXTRATLEITIMPL_030726_0121_20000000018452994641_000.jpg
3243804603/3241334278;16216;NA;PSP_EXTRATLEITIMPL_030726_0121_20000000010452974800_000.jpg
3192965950;5661;NA;PSP_EXTRATLEITIMPL_030726_0121_20000000007902998527_000.jpg
61819533;5070;NA;PSP_EXTRATLEITIMPL_030726_0121_20000000010852981521_000.jpg
3223838129;75028;NA;NA
3161870586;542049;NA;NA
5259915947/3232909004;15726;NA;NA
50497186;4799;T111;PSP_EXTRATLEITIMPL_030726_0121_20000000019653005454_000.jpg
3181687770;334381;NA;NA
3212581150;65287;T181;PSP_EXTRATLEITIMPL_030726_0121_20000000000752994137_000.jpg
3161866120;58615;NA;PSP_EXTRATLEITIMPL_030726_0121_20000000019303009228_000.jpg
3132035619;52977;NA;PSP_EXTRATLEITIMPL_030726_0121_20000000017203003327_000.jpg
61288163;28680;NA;PSP_EXTRATLEITIMPL_030726_0121_20000000008303004098_000.jpg
3204136059;5294;NA;PSP_EXTRATLEITIMPL_030726_0121_20000000017603000123_000.jpg
3220259454;12381;T181;PSP_EXTRATLEITIMPL_030726_0121_20000000016353006004_000.jpg
3181689101;126097;NA;NA
3200448447;28761;T181;PSP_EXTRATLEITIMPL_030726_0121_20000000016603016595_000.jpg
3160026250;77805;NA;PSP_EXTRATLEITIMPL_030726_0121_20000000009052975712_000.jpg
3182284547;904;NA;PSP_EXTRATLEITIMPL_030726_0121_20000000008852996497_000.jpg
3245102347/3192472392;7365;T181;PSP_EXTRATLEITIMPL_030726_0121_20000000004203018231_001.jpg
3230668468;5248;NA;PSP_EXTRATLEITIMPL_030726_0121_20000000015552987171_000.jpg
3223412628;12157;T181;PSP_EXTRATLEITIMPL_030726_0121_20000000003802989998_000.jpg
3160366825;60400;NA;PSP_EXTRATLEITIMPL_030726_0121_20000000004453005984_000.jpg
NQ29020;18372;M141;PSP_EXTRATLEITIMPL_030726_0121_20000000001152979838_000.jpg
3222735555;65696;T181;PSP_EXTRATLEITIMPL_030726_0121_20000000002702998700_000.jpg
5257395512/3243051435;2784;T181;PSP_EXTRATLEITIMPL_030726_0121_20000000018852994751_000.jpg
3211099061;16790;NA;PSP_EXTRATLEITIMPL_030726_0121_20000000011902983601_000.jpg
3233461090;5049;NA;PSP_EXTRATLEITIMPL_030726_0121_20000000005403015368_000.jpg
81968276;770917;NA;NA
3212310793;200807;NA;NA
5255961995/5256226598/5255961995/3212735433;14246;NA;NA
3226209270;4177;NA;PSP_EXTRATLEITIMPL_030726_0121_20000000005752981690_000.jpg
3210893376;3347;NA;PSP_EXTRATLEITIMPL_030726_0121_20000000001652998704_000.jpg
3181692005;227450;NA;NA
3181698577;405255;NA;NA
3220505277;13047;NA;PSP_EXTRATLEITIMPL_030726_0121_20000000018153005164_000.jpg
3191730967;17048;NA;PSP_EXTRATLEITIMPL_030726_0121_20000000003653018205_000.jpg
6250628380/3205124380;7929;T181;PSP_EXTRATLEITIMPL_030726_0121_20000000014603014005_000.jpg
3150861585;21011;NA;PSP_EXTRATLEITIMPL_030726_0121_20000000006702992722_000.jpg
3172031667;13722;NA;PSP_EXTRATLEITIMPL_030726_0121_20000000003002994797_000.jpg
3222123045;15459;L101;PSP_EXTRATLEITIMPL_030726_0121_20000000012452973717_000.jpg
3225974984;6326;T181;PSP_EXTRATLEITIMPL_030726_0121_20000000015603003258_000.jpg
3200423860;29452;T181;PSP_EXTRATLEITIMPL_030726_0121_20000000007603000366_000.jpg
3241543942;15264;T181;PSP_EXTRATLEITIMPL_030726_0121_20000000019552998981_000.jpg
50687902;0;P111;PSP_EXTRATLEITIMPL_030726_0121_20000000019902999760_000.jpg
3243087391;36302;P111;PSP_EXTRATLEITIMPL_030726_0121_20000000007803002515_000.jpg
3192995352;70000;L101;PSP_EXTRATLEITIMPL_030726_0121_20000000008102996536_000.jpg
N72799;9317;NA;PSP_EXTRATLEITIMPL_030726_0121_20000000019202987816_000.jpg
D37344;5124;L101;PSP_EXTRATLEITIMPL_030726_0121_20000000018152982810_000.jpg
3241842621;5558;NA;PSP_EXTRATLEITIMPL_030726_0121_20000000015852988398_000.jpg
3181689292;119605;NA;PSP_EXTRATLEITIMPL_030726_0121_20000000015352992661_000.jpg
91265478;31658;NA;NA
71341577;655558;NA;NA
3205646565;5838;NA;PSP_EXTRATLEITIMPL_030726_0121_20000000002202990683_000.jpg
3011106868;60246;NA;PSP_EXTRATLEITIMPL_030726_0121_20000000007002996627_000.jpg
5255958510/5256973695/5255958510/3232950462;25767;NA;NA
3193952452;134797;NA;PSP_EXTRATLEITIMPL_030726_0121_20000000009552996316_000.jpg
3193912604;4371;NA;PSP_EXTRATLEITIMPL_030726_0121_20000000002253011320_000.jpg
3242745263;42674;NA;NA
5257992960/3213647945;24351;NA;PSP_EXTRATLEITIMPL_030726_0121_20000000006603011341_000.jpg
60431043;45731;NA;NA
5255961855/3245176197/5255961855/3161531897;47521;NA;NA
6251160064/3201472970;2652;NA;PSP_EXTRATLEITIMPL_030726_0121_20000000013552994308_000.jpg
3172769739/5257484485/3172769739/3245154622/119504B;49958;NA;NA
3243164850;11401;NA;NA
3220233749;42333;NA;NA
MH27563;85760;NA;NA
3193960048;21571;NA;PSP_EXTRATLEITIMPL_030726_0121_20000000018753002433_000.jpg
3225032946;19009;NA;PSP_EXTRATLEITIMPL_030726_0121_20000000012002995401_000.jpg
3213177523;10718;NA;PSP_EXTRATLEITIMPL_030726_0121_20000000018303012008_000.jpg
3221121286;5431;NA;PSP_EXTRATLEITIMPL_030726_0121_20000000012552976995_000.jpg
5257349286/71264823;167;NA;PSP_EXTRATLEITIMPL_030726_0121_20000000008602985944_000.jpg
3161490732;128545;NA;PSP_EXTRATLEITIMPL_030726_0121_20000000011752991485_000.jpg
6251154820/3190368636;0;T161;PSP_EXTRATLEITIMPL_030726_0121_20000000012652996407_000.jpg
640313102;90703;NA;PSP_EXTRATLEITIMPL_030726_0121_20000000006053000350_000.jpg
50428010;30001;NA;PSP_EXTRATLEITIMPL_030726_0121_20000000011752991486_000.jpg
3172759610;9302;NA;PSP_EXTRATLEITIMPL_030726_0121_20000000012752974780_001.jpg
3193081095;32263;NA;PSP_EXTRATLEITIMPL_030726_0121_20000000004803005628_000.jpg
3243672723;2983;NA;PSP_EXTRATLEITIMPL_030726_0121_20000000016402995153_000.jpg
3210714927;9746;NA;PSP_EXTRATLEITIMPL_030726_0121_20000000011802987965_000.jpg
5256636842/81345368;1022;NA;PSP_EXTRATLEITIMPL_030726_0121_20000000006553006534_000.jpg
3230086809;34359;NA;NA
3220353744;17977;T181;PSP_EXTRATLEITIMPL_030726_0121_20000000002703008335_000.jpg
3192395592;2766;NA;NA
3192395606;9886;NA;NA
3192395657;2333;NA;NA
3203889932;27927;P111;PSP_EXTRATLEITIMPL_030726_0121_20000000002903008431_000.jpg
3223326802;84294;T181;PSP_EXTRATLEITIMPL_030726_0121_20000000006903007132_000.jpg
3152234138;12028;NA;NA
3152231490;85740;NA;NA
3230037301;20054;T181;PSP_EXTRATLEITIMPL_030726_0121_20000000017153019371_000.jpg
3153830052;32637;NA;NA
3152228499;8528;NA;NA
3152228529;167699;NA;NA
3212583838;84561;T181;PSP_EXTRATLEITIMPL_030726_0121_20000000001853007442_000.jpg
3191731084;27072;NA;PSP_EXTRATLEITIMPL_030726_0121_20000000008653004509_000.jpg
3221283847;11179;NA;PSP_EXTRATLEITIMPL_030726_0121_20000000012902990513_000.jpg
60008280;70339;NA;PSP_EXTRATLEITIMPL_030726_0121_20000000009052987505_000.jpg
3131158571;0;B101;PSP_EXTRATLEITIMPL_030726_0121_20000000016102984265_000.jpg
91029650;12831;NA;PSP_EXTRATLEITIMPL_030726_0121_20000000011653004154_000.jpg
3223250490;59527;NA;PSP_EXTRATLEITIMPL_030726_0121_20000000005803008173_000.jpg
M30751;40297;L101;PSP_EXTRATLEITIMPL_030726_0121_20000000005803008176_000.jpg
3191776304;4777;NA;PSP_EXTRATLEITIMPL_030726_0121_20000000011853003007_000.jpg
3212321710;275509;NA;PSP_EXTRATLEITIMPL_030726_0121_20000000006002993659_000.jpg
6251441810/3241522350;1667;T181;PSP_EXTRATLEITIMPL_030726_0121_20000000000202975711_000.jpg
3224425898;10815;NA;PSP_EXTRATLEITIMPL_030726_0121_20000000016102977563_000.jpg
3203629477;38386;NA;PSP_EXTRATLEITIMPL_030726_0121_20000000000352987707_000.jpg
3220353108;20195;T181;PSP_EXTRATLEITIMPL_030726_0121_20000000005802990683_000.jpg
3182076170;57559;L101;PSP_EXTRATLEITIMPL_030726_0121_20000000001903015111_000.jpg
3142887702;842436;NA;NA
3171269643;80075;NA;PSP_EXTRATLEITIMPL_030726_0121_20000000013603001096_000.jpg
5256564825/3230021430;7819;T181;PSP_EXTRATLEITIMPL_030726_0121_20000000006102998567_000.jpg
3150588706;53627;NA;PSP_EXTRATLEITIMPL_030726_0121_20000000001902994817_000.jpg
80788096;83486;NA;PSP_EXTRATLEITIMPL_030726_0121_20000000011602997001_000.jpg
3201327406;2179;NA;PSP_EXTRATLEITIMPL_030726_0121_20000000014652974954_000.jpg
5257921303/3141281231;81;NA;PSP_EXTRATLEITIMPL_030726_0121_20000000000852998030_000.jpg
3242529137/3244337707;7404;T181;PSP_EXTRATLEITIMPL_030726_0121_20000000009003000485_000.jpg
82027505;13;P111;PSP_EXTRATLEITIMPL_030726_0121_20000000004203015454_000.jpg
5256697183/5250091305/5250099462/3210348300;11197;T181;PSP_EXTRATLEITIMPL_030726_0121_20000000017253010523_000.jpg
P28144;4;P111;PSP_EXTRATLEITIMPL_030726_0121_20000000009502998427_000.jpg
3172731332;34469;NA;PSP_EXTRATLEITIMPL_030726_0121_20000000019103004429_000.jpg
3244311309/3181260938;6907;T181;PSP_EXTRATLEITIMPL_030726_0121_20000000008902992294_000.jpg
3151714276;18054;NA;PSP_EXTRATLEITIMPL_030726_0121_20000000014653004086_000.jpg
3201891549;10127;NA;PSP_EXTRATLEITIMPL_030726_0121_20000000009253000210_000.jpg
3192958198;12959;L101;PSP_EXTRATLEITIMPL_030726_0121_20000000004753023340_000.jpg
3245074831;19087;NA;NA
3212397961;55636;NA;NA
3010197263;737740;NA;NA
3181689225;347156;NA;NA
3180667791;204515;T181;PSP_EXTRATLEITIMPL_030726_0121_20000000017653004751_000.jpg
3243673908;1585;NA;NA
3201565978;100498;NA;NA
NQ30675;82219;NA;PSP_EXTRATLEITIMPL_030726_0121_20000000008703004351_000.jpg
NQ27079;24413;NA;PSP_EXTRATLEITIMPL_030726_0121_20000000011102970949_000.jpg
3182216304;46975;NA;NA
3202312720;4065;NA;PSP_EXTRATLEITIMPL_030726_0121_20000000013252969958_000.jpg
6252096378/MD90704;34;NA;PSP_EXTRATLEITIMPL_030726_0121_20000000019052983845_000.jpg
3241898783;6586;NA;PSP_EXTRATLEITIMPL_030726_0121_20000000015252990830_000.jpg
3154629563;25415;NA;NA
3181015704;3169;L101;PSP_EXTRATLEITIMPL_030726_0121_20000000001102994322_000.jpg
3183692533;6650;NA;NA
82878262;9;P111;PSP_EXTRATLEITIMPL_030726_0121_20000000009003001379_000.jpg
X49364;62963;L101;PSP_EXTRATLEITIMPL_030726_0121_20000000013103002388_000.jpg
5256797790/3202082156;0;NA;PSP_EXTRATLEITIMPL_030726_0121_20000000002952996646_000.jpg
3205114377;1156;NA;PSP_EXTRATLEITIMPL_030726_0121_20000000019202994541_000.jpg
5256797706/3202605612;0;NA;PSP_EXTRATLEITIMPL_030726_0121_20000000008202984575_000.jpg
3204467837;10723;NA;PSP_EXTRATLEITIMPL_030726_0121_20000000005852993657_000.jpg
70498197;1711;NA;PSP_EXTRATLEITIMPL_030726_0121_20000000014952977630_000.jpg
3224682009;1085;NA;NA
Q37760;30003;L101;PSP_EXTRATLEITIMPL_030726_0121_20000000003503001768_000.jpg
3183691707;8144;NA;NA
3224682335;0;NA;NA
3243784726;3908;T181;PSP_EXTRATLEITIMPL_030726_0121_20000000007152993720_000.jpg
MV56047;17356;L101;PSP_EXTRATLEITIMPL_030726_0121_20000000009802990372_000.jpg
3213165460;3298;L101;PSP_EXTRATLEITIMPL_030726_0121_20000000016453005328_000.jpg
3142628510;13789;NA;PSP_EXTRATLEITIMPL_030726_0121_20000000019803014380_000.jpg
3203772016;5172;T181;PSP_EXTRATLEITIMPL_030726_0121_20000000001703007008_000.jpg
3182739960;13417;NA;NA
3242972928;643;NA;PSP_EXTRATLEITIMPL_030726_0121_20000000008952989167_000.jpg
3232552068;6878;NA;PSP_EXTRATLEITIMPL_030726_0121_20000000001102999191_000.jpg
3212698457;21145;T181;PSP_EXTRATLEITIMPL_030726_0121_20000000011902998169_000.jpg
3010208279;2282;NA;PSP_EXTRATLEITIMPL_030726_0121_20000000003553006519_000.jpg
3154907695;968;NA;PSP_EXTRATLEITIMPL_030726_0121_20000000017253004755_000.jpg
J66875;28634;NA;PSP_EXTRATLEITIMPL_030726_0121_20000000001753014006_000.jpg
3244634841/V53127;372;NA;PSP_EXTRATLEITIMPL_030726_0121_20000000009002981961_000.jpg
3171603055;75;NA;PSP_EXTRATLEITIMPL_030726_0121_20000000013703004007_000.jpg
3009006885;7210;NA;PSP_EXTRATLEITIMPL_030726_0121_20000000018402998548_000.jpg
6251429306/3242621858;0;P111;PSP_EXTRATLEITIMPL_030726_0121_20000000009102983605_000.jpg
5256533750/156053;1638;T181;PSP_EXTRATLEITIMPL_030726_0121_20000000012303005353_000.jpg
3131983165;1764;NA;PSP_EXTRATLEITIMPL_030726_0121_20000000001903008405_000.jpg
3204184452;10685;T111;PSP_EXTRATLEITIMPL_030726_0121_20000000009003002356_000.jpg
3232317840;6477;NA;PSP_EXTRATLEITIMPL_030726_0121_20000000005003020306_000.jpg
3242668455;20270;T181;PSP_EXTRATLEITIMPL_030726_0121_20000000008952990180_000.jpg
60134162;34865;NA;PSP_EXTRATLEITIMPL_030726_0121_20000000008353009356_000.jpg
3205316794;29152;NA;PSP_EXTRATLEITIMPL_030726_0121_20000000004903016010_000.jpg
3151132021;2145;NA;PSP_EXTRATLEITIMPL_030726_0121_20000000016903027005_000.jpg
3244233375/3213229981;4910;T181;PSP_EXTRATLEITIMPL_030726_0121_20000000007652992527_000.jpg
3182540985;12254;NA;PSP_EXTRATLEITIMPL_030726_0121_20000000013002974565_000.jpg
3180662714;67172;NA;NA
3161427500;99515;NA;NA
3220428949;739573;NA;PSP_EXTRATLEITIMPL_030726_0121_20000000007552994454_000.jpg
3010051050;80997;NA;PSP_EXTRATLEITIMPL_030726_0121_20000000013002970513_000.jpg
3010237477;36074;NA;PSP_EXTRATLEITIMPL_030726_0121_20000000007852997498_000.jpg
3213149937;18557;NA;PSP_EXTRATLEITIMPL_030726_0121_20000000015002983457_000.jpg
3152118545;39464;NA;PSP_EXTRATLEITIMPL_030726_0121_20000000016703006751_000.jpg
50655350;67978;NA;PSP_EXTRATLEITIMPL_030726_0121_20000000005003019217_000.jpg
3010100925;51857;NA;PSP_EXTRATLEITIMPL_030726_0121_20000000015752994174_000.jpg
3010101958;94330;NA;PSP_EXTRATLEITIMPL_030726_0121_20000000006703011118_000.jpg
3245085728;4297;T181;PSP_EXTRATLEITIMPL_030726_0121_20000000009952987168_000.jpg
5257271112;6;P111;PSP_EXTRATLEITIMPL_030726_0121_20000000004253016475_000.jpg
3010034511;40681;NA;PSP_EXTRATLEITIMPL_030726_0121_20000000017003023391_000.jpg
3232468539;284;NA;PSP_EXTRATLEITIMPL_030726_0121_20000000011502998396_000.jpg
3223374637;14847;T181;PSP_EXTRATLEITIMPL_030726_0121_20000000006603013258_000.jpg
3212685398;69161;NA;PSP_EXTRATLEITIMPL_030726_0121_20000000006902997480_001.jpg
3131851013;14702;NA;PSP_EXTRATLEITIMPL_030726_0121_20000000008152983663_000.jpg
3010098746;23257;NA;PSP_EXTRATLEITIMPL_030726_0121_20000000002252995672_000.jpg
3010005227;22;P111;PSP_EXTRATLEITIMPL_030726_0121_20000000010402975546_000.jpg
3160714890;12370;NA;PSP_EXTRATLEITIMPL_030726_0121_20000000008152984748_000.jpg
5250030381;1005;NA;PSP_EXTRATLEITIMPL_030726_0121_20000000014252972794_000.jpg
3010052885;4746;T111;PSP_EXTRATLEITIMPL_030726_0121_20000000006853017313_000.jpg
3141402748;9275;NA;PSP_EXTRATLEITIMPL_030726_0121_20000000007252990783_000.jpg
3242736361;4903;T111;PSP_EXTRATLEITIMPL_030726_0121_20000000002703004548_000.jpg
3232466463;431;NA;PSP_EXTRATLEITIMPL_030726_0121_20000000003352988585_000.jpg
3243829614;5347;T111;PSP_EXTRATLEITIMPL_030726_0121_20000000017853010443_000.jpg
3211284136;163509;T181;PSP_EXTRATLEITIMPL_030726_0121_20000000018752998587_000.jpg
3220270504;64854;T181;PSP_EXTRATLEITIMPL_030726_0121_20000000011352967692_000.jpg
3194035283;183138;T181;PSP_EXTRATLEITIMPL_030726_0121_20000000004903013179_000.jpg
3213423672;2931;NA;PSP_EXTRATLEITIMPL_030726_0121_20000000009153007156_000.jpg
3211801769;22023;NA;PSP_EXTRATLEITIMPL_030726_0121_20000000004553012185_000.jpg
70517272;35718;NA;PSP_EXTRATLEITIMPL_030726_0121_20000000019553022175_000.jpg
3191277804;1986;NA;PSP_EXTRATLEITIMPL_030726_0121_20000000009452985479_000.jpg
3140654280;565;NA;PSP_EXTRATLEITIMPL_030726_0121_20000000009702981436_000.jpg
3131317424;1229;NA;PSP_EXTRATLEITIMPL_030726_0121_20000000007252997539_000.jpg
3171043491;19690;T111;PSP_EXTRATLEITIMPL_030726_0121_20000000006702997524_000.jpg
L84164;14615;L101;PSP_EXTRATLEITIMPL_030726_0121_20000000010202986633_000.jpg
3130658694;1504;P111;PSP_EXTRATLEITIMPL_030726_0121_20000000005403001733_000.jpg
3180217931;22062;T111;PSP_EXTRATLEITIMPL_030726_0121_20000000011602972664_000.jpg
3245303458/3161421170;24821;NA;NA
3180669190;282833;NA;NA
3180669794;108931;NA;NA
3242275216;41812;NA;NA
3183679677;16;NA;NA
3180541020;6144;NA;NA
3180493947;462255;NA;NA
3183693815;6796;NA;NA
3183673644;9455;NA;NA
3183679332;5631;NA;NA
3223435784;80127;NA;NA
5256219540/5255955383/3212582297;23781;T181;PSP_EXTRATLEITIMPL_030726_0121_20000000010202987687_000.jpg
3172748502;14680;NA;PSP_EXTRATLEITIMPL_030726_0121_20000000016302999202_000.jpg
3010153760;67575;NA;PSP_EXTRATLEITIMPL_030726_0121_20000000005203023181_000.jpg
3152965663;0;NA;PSP_EXTRATLEITIMPL_030726_0121_20000000007752992602_000.jpg
3203756223;123573;NA;NA
D64489;5583;NA;PSP_EXTRATLEITIMPL_030726_0121_20000000001102983763_000.jpg
3212718296;43983;T181;PSP_EXTRATLEITIMPL_030726_0121_20000000008802990600_000.jpg
5256493219/3203928784;5429;T181;PSP_EXTRATLEITIMPL_030726_0121_20000000004453032140_000.jpg
3170790820;807;NA;PSP_EXTRATLEITIMPL_030726_0121_20000000013252972721_000.jpg
3203799437;19759;T181;PSP_EXTRATLEITIMPL_030726_0121_20000000002153005004_000.jpg
3220258113;31141;T181;PSP_EXTRATLEITIMPL_030726_0121_20000000000752988377_000.jpg
T09079;8;P111;PSP_EXTRATLEITIMPL_030726_0121_20000000013352988434_000.jpg
3244300137;8558;T181;PSP_EXTRATLEITIMPL_030726_0121_20000000000152995283_000.jpg
3212545928;44162;T181;PSP_EXTRATLEITIMPL_030726_0121_20000000002102987864_000.jpg
6251199858/3200453866;1653;T181;PSP_EXTRATLEITIMPL_030726_0121_20000000016252980725_000.jpg
3211947461;32147;NA;PSP_EXTRATLEITIMPL_030726_0121_20000000005702985999_000.jpg
X66399;89492;NA;PSP_EXTRATLEITIMPL_030726_0121_20000000017803024014_000.jpg
5255953305/3203918096;5534;NA;NA
E81375;68141;L101;PSP_EXTRATLEITIMPL_030726_0121_20000000001552991808_000.jpg
3131650220;2918;NA;PSP_EXTRATLEITIMPL_030726_0121_20000000001803026210_000.jpg
3224987985;8812;NA;PSP_EXTRATLEITIMPL_030726_0121_20000000014653002134_000.jpg
3220361569;13215;T181;PSP_EXTRATLEITIMPL_030726_0121_20000000003353000152_000.jpg
3223411745;11847;T181;PSP_EXTRATLEITIMPL_030726_0121_20000000011403005354_000.jpg
3203919106;77339;T181;PSP_EXTRATLEITIMPL_030726_0121_20000000011252989328_000.jpg
3190481904;37808;NA;PSP_EXTRATLEITIMPL_030726_0121_20000000001953011401_000.jpg
5256886385/3241634573/5256886385/3245076532;30426;NA;NA
5261792305/3202354440;64;NA;NA
3194032551;104612;T181;PSP_EXTRATLEITIMPL_030726_0121_20000000001952999717_000.jpg
40408193;27706;NA;PSP_EXTRATLEITIMPL_030726_0121_20000000010652988484_000.jpg
3171721775;233418;NA;PSP_EXTRATLEITIMPL_030726_0121_20000000009752979970_000.jpg
3211049501;66589;NA;PSP_EXTRATLEITIMPL_030726_0121_20000000008552979971_000.jpg
3232939094;31620;NA;PSP_EXTRATLEITIMPL_030726_0121_20000000008752974978_000.jpg
3244316556/3212723796;17494;NA;PSP_EXTRATLEITIMPL_030726_0121_20000000011702978654_000.jpg
3212620504;77500;NA;PSP_EXTRATLEITIMPL_030726_0121_20000000005303001787_000.jpg
3121034149;51569;NA;PSP_EXTRATLEITIMPL_030726_0121_20000000010602978699_000.jpg
3120401440;6611;NA;PSP_EXTRATLEITIMPL_030726_0121_20000000010602978700_000.jpg
3242692577;12148;NA;PSP_EXTRATLEITIMPL_030726_0121_20000000012252993543_000.jpg
MD70530;12;P111;NA
30144198;81895;NA;PSP_EXTRATLEITIMPL_030726_0121_20000000010402987358_000.jpg
004676B;284214;B111;PSP_EXTRATLEITIMPL_030726_0121_20000000014452999003_000.jpg
3181693052;759798;NA;NA
3121739223;7867;NA;PSP_EXTRATLEITIMPL_030726_0121_20000000010402964999_000.jpg
L45804;29968;NA;PSP_EXTRATLEITIMPL_030726_0121_20000000008202988615_000.jpg
3241072699;9318;T181;PSP_EXTRATLEITIMPL_030726_0121_20000000013202993448_000.jpg
3212737665;28010;NA;PSP_EXTRATLEITIMPL_030726_0121_20000000004102982814_000.jpg
3224351231;8645;NA;PSP_EXTRATLEITIMPL_030726_0121_20000000005852985853_000.jpg
3243419181;13319;T181;PSP_EXTRATLEITIMPL_030726_0121_20000000017202993718_000.jpg
3211170521;24664;T181;PSP_EXTRATLEITIMPL_030726_0121_20000000015502992308_000.jpg
3212557950;8940;T181;PSP_EXTRATLEITIMPL_030726_0121_20000000006902999356_000.jpg
3230966906;14182;T181;PSP_EXTRATLEITIMPL_030726_0121_20000000019103006285_000.jpg
3150715848;24492;NA;PSP_EXTRATLEITIMPL_030726_0121_20000000010402986370_000.jpg
3193201880;60896;T181;PSP_EXTRATLEITIMPL_030726_0121_20000000003703015001_000.jpg
3225714370;3400;L101;PSP_EXTRATLEITIMPL_030726_0121_20000000009102998026_000.jpg
3223410269;15992;T181;PSP_EXTRATLEITIMPL_030726_0121_20000000004453003980_000.jpg
3233341443;674;T181;PSP_EXTRATLEITIMPL_030726_0121_20000000017003027061_000.jpg
3194011830;129530;T181;PSP_EXTRATLEITIMPL_030726_0121_20000000018003002801_000.jpg
3205310290;20362;NA;PSP_EXTRATLEITIMPL_030726_0121_20000000007853007123_000.jpg
3190400530;137109;NA;PSP_EXTRATLEITIMPL_030726_0121_20000000005403024008_000.jpg
3190400084;45429;NA;PSP_EXTRATLEITIMPL_030726_0121_20000000019603010008_000.jpg
3190401072;3721;NA;PSP_EXTRATLEITIMPL_030726_0121_20000000000103002006_000.jpg
3220474517;5897;NA;PSP_EXTRATLEITIMPL_030726_0121_20000000010103001017_000.jpg
3220474479;12946;L131;PSP_EXTRATLEITIMPL_030726_0121_20000000018753012005_000.jpg
3171405024;265117;NA;PSP_EXTRATLEITIMPL_030726_0121_00000000000211788229_000.jpg
3242933485;10547;T181;PSP_EXTRATLEITIMPL_030726_0121_20000000001053007010_000.jpg
3232887167;12443;NA;PSP_EXTRATLEITIMPL_030726_0121_20000000009253004006_000.jpg
3220474720;29438;NA;NA
3242651129;15221;NA;PSP_EXTRATLEITIMPL_030726_0121_20000000018003025010_000.jpg
91400731;11205;NA;PSP_EXTRATLEITIMPL_030726_0121_20000000015002996005_000.jpg
3222409003;23772;T111;PSP_EXTRATLEITIMPL_030726_0121_20000000001953021010_000.jpg
NQ22517;35048;NA;PSP_EXTRATLEITIMPL_030726_0121_20000000013952998007_000.jpg
3194024621;59182;T181;PSP_EXTRATLEITIMPL_030726_0121_20000000016803022003_000.jpg
3193278034;89991;NA;PSP_EXTRATLEITIMPL_030726_0121_20000000016253004008_000.jpg
3220229997;22494;T181;PSP_EXTRATLEITIMPL_030726_0121_20000000018153009010_000.jpg
MG47983;64138;NA;PSP_EXTRATLEITIMPL_030726_0121_20000000019753012003_000.jpg
3212496196;14672;NA;PSP_EXTRATLEITIMPL_030726_0121_20000000014503002007_000.jpg
3201616360;53369;NA;PSP_EXTRATLEITIMPL_030726_0121_20000000003353001014_000.jpg
3212496978;12128;NA;PSP_EXTRATLEITIMPL_030726_0121_20000000011403015010_000.jpg
3220249998;28118;T181;PSP_EXTRATLEITIMPL_030726_0121_20000000011503008006_000.jpg
3203909119;53324;T181;PSP_EXTRATLEITIMPL_030726_0121_20000000001102997145_000.jpg
3221516230;9019;NA;NA
3153696518;219451;NA;PSP_EXTRATLEITIMPL_030726_0121_20000000010753003224_000.jpg
3203786807;22172;T181;PSP_EXTRATLEITIMPL_030726_0121_20000000018052998179_000.jpg
3220229962;8377;T181;PSP_EXTRATLEITIMPL_030726_0121_20000000016252995157_000.jpg
3223350991;29444;T181;PSP_EXTRATLEITIMPL_030726_0121_20000000009853007200_000.jpg
112271B;53080;NA;PSP_EXTRATLEITIMPL_030726_0121_20000000014053006068_000.jpg
3170271938;92231;NA;PSP_EXTRATLEITIMPL_030726_0121_20000000013502999151_000.jpg
3193356477;24236;NA;PSP_EXTRATLEITIMPL_030726_0121_20000000001603013215_000.jpg
3191037811;108257;NA;PSP_EXTRATLEITIMPL_030726_0121_20000000006003006129_000.jpg
3204369096;16627;NA;PSP_EXTRATLEITIMPL_030726_0121_20000000012103004276_000.jpg
3223840212;145815;NA;NA
40311211;48888;NA;PSP_EXTRATLEITIMPL_030726_0121_20000000017602998359_000.jpg
3170846094;37517;NA;PSP_EXTRATLEITIMPL_030726_0121_20000000016953014318_000.jpg
90658913;77422;NA;PSP_EXTRATLEITIMPL_030726_0121_20000000008902992298_000.jpg
3220258148;38301;T181;PSP_EXTRATLEITIMPL_030726_0121_20000000019903018256_000.jpg
3220960284;26919;NA;PSP_EXTRATLEITIMPL_030726_0121_20000000008853001278_000.jpg
3212365342;69224;NA;PSP_EXTRATLEITIMPL_030726_0121_20000000007703008282_000.jpg
3242528513;7206;T181;PSP_EXTRATLEITIMPL_030726_0121_20000000004953025482_000.jpg
3220250384;98791;T181;PSP_EXTRATLEITIMPL_030726_0121_20000000018253001301_000.jpg
3193224503;84316;NA;PSP_EXTRATLEITIMPL_030726_0121_20000000018253001297_000.jpg
3212432279;24053;NA;PSP_EXTRATLEITIMPL_030726_0121_20000000001703000319_000.jpg
3201702339;36158;NA;PSP_EXTRATLEITIMPL_030726_0121_20000000005353014274_000.jpg
3201702312;53054;NA;PSP_EXTRATLEITIMPL_030726_0121_20000000016402996275_000.jpg
3212496277;22971;NA;PSP_EXTRATLEITIMPL_030726_0121_20000000006303009222_000.jpg
6251127423/3220242616;26046;T181;PSP_EXTRATLEITIMPL_030726_0121_20000000009853007199_000.jpg
5259102687/3171404966;2495;NA;PSP_EXTRATLEITIMPL_030726_0121_20000000018503004183_000.jpg
E76661;10750;NA;PSP_EXTRATLEITIMPL_030726_0121_20000000002903010208_000.jpg
91251892;58359;NA;PSP_EXTRATLEITIMPL_030726_0121_20000000004303009213_000.jpg
3212502331;32294;NA;PSP_EXTRATLEITIMPL_030726_0121_20000000014452993082_000.jpg
3161427429;181945;NA;NA
3203909542;72454;T181;PSP_EXTRATLEITIMPL_030726_0121_20000000012203000052_000.jpg
3212431400;48797;NA;PSP_EXTRATLEITIMPL_030726_0121_20000000007703010142_000.jpg
3211549261;18639;NA;PSP_EXTRATLEITIMPL_030726_0121_20000000007553003100_000.jpg
3211130422;76211;T181;PSP_EXTRATLEITIMPL_030726_0121_20000000008703007182_000.jpg
630037891;19069;NA;PSP_EXTRATLEITIMPL_030726_0121_20000000009003004204_000.jpg
60345252;51087;NA;PSP_EXTRATLEITIMPL_030726_0121_20000000001803024129_000.jpg
51662229;82687;NA;PSP_EXTRATLEITIMPL_030726_0121_20000000004853026362_000.jpg
26152B;36195;NA;PSP_EXTRATLEITIMPL_030726_0121_20000000004353016220_000.jpg
3131699025;38391;NA;NA
3241532371;18396;T181;NA
3233314985;100;M141;NA
3182332053;6038;M141;PSP_EXTRATLEITIMPL_030726_0121_20000000011752973963_000.jpg
3120362878;58691;M141;NA
3180985807;24921;NA;PSP_EXTRATLEITIMPL_030726_0121_20000000016002970936_000.jpg
3130337421;189387;NA;PSP_EXTRATLEITIMPL_030726_0121_20000000001103002012_000.jpg
3211144911;75110;T181;PSP_EXTRATLEITIMPL_030726_0121_20000000009353007190_000.jpg
127525B;12123;NA;PSP_EXTRATLEITIMPL_030726_0121_20000000011102983508_000.jpg
3192842084;29;NA;PSP_EXTRATLEITIMPL_030726_0121_20000000016603017537_000.jpg
3224271858;5007;NA;PSP_EXTRATLEITIMPL_030726_0121_20000000000202982542_000.jpg
3211130961;30869;T181;PSP_EXTRATLEITIMPL_030726_0121_20000000019303003560_000.jpg
3222395452;493;P111;PSP_EXTRATLEITIMPL_030726_0121_20000000009302991539_000.jpg
3171266822;628998;NA;PSP_EXTRATLEITIMPL_030726_0121_20000000002352998566_000.jpg
B68368;31132;NA;NA
62543035;11077;NA;PSP_EXTRATLEITIMPL_030726_0121_20000000016202985548_000.jpg
3171375273;148739;NA;PSP_EXTRATLEITIMPL_030726_0121_20000000007853000537_000.jpg
6251217830/6251365561;4329;NA;NA
3181705999;228298;T181;NA
3172776743/5257485872/3172776743/3245116828/018180B;18767;NA;NA
3225110645;36104;NA;PSP_EXTRATLEITIMPL_030726_0121_20000000017853012446_000.jpg
3243692066/51346483;14672;L101;PSP_EXTRATLEITIMPL_030726_0121_20000000015402990365_000.jpg
3192208911;116906;T181;PSP_EXTRATLEITIMPL_030726_0121_20000000019002999343_000.jpg
3190400416;115726;NA;PSP_EXTRATLEITIMPL_030726_0121_20000000006553001679_000.jpg
62544260;73653;NA;PSP_EXTRATLEITIMPL_030726_0121_20000000009852987792_000.jpg
3121333634;89239;NA;NA
3190357715;45149;NA;NA
3200696602;7384;B131;PSP_EXTRATLEITIMPL_030726_0121_20000000015252994605_000.jpg
3241194549;3950;NA;PSP_EXTRATLEITIMPL_030726_0121_20000000002552986712_000.jpg
3211538855;185801;NA;PSP_EXTRATLEITIMPL_030726_0121_20000000010002990650_000.jpg
3193278115;63075;NA;PSP_EXTRATLEITIMPL_030726_0121_20000000010352990579_000.jpg
3193749410;11995;NA;PSP_EXTRATLEITIMPL_030726_0121_20000000018402990714_000.jpg
3225123240;30204;NA;NA
6251214725/3132319447;4267;NA;PSP_EXTRATLEITIMPL_030726_0121_20000000007252994691_000.jpg
3241580716;687521;NA;NA
3223325156;28373;T181;PSP_EXTRATLEITIMPL_030726_0121_20000000001202991629_000.jpg
B52822;18686;NA;PSP_EXTRATLEITIMPL_030726_0121_20000000009502986627_000.jpg
3150168286;499950;NA;PSP_EXTRATLEITIMPL_030726_0121_20000000013252978564_000.jpg
3242541129;6026;R111;PSP_EXTRATLEITIMPL_030726_0121_20000000004703013732_000.jpg
3212590257;24945;T181;PSP_EXTRATLEITIMPL_030726_0121_20000000018452998448_000.jpg
3243424550;40270;NA;NA
3244283844;6165;T181;PSP_EXTRATLEITIMPL_030726_0121_20000000016152984601_000.jpg
3244191630/82094270;39980;NA;NA
3212500789;121035;NA;PSP_EXTRATLEITIMPL_030726_0121_20000000004502989875_000.jpg
3242541650;39868;T181;PSP_EXTRATLEITIMPL_030726_0121_20000000000702971687_000.jpg
3220373109;30227;T181;PSP_EXTRATLEITIMPL_030726_0121_20000000006552994747_000.jpg
3193405214;66661;NA;PSP_EXTRATLEITIMPL_030726_0121_20000000001403011300_000.jpg
3120374523;15533;NA;PSP_EXTRATLEITIMPL_030726_0121_20000000002303012273_000.jpg
3225153930;34245;NA;PSP_EXTRATLEITIMPL_030726_0121_20000000003952999325_000.jpg
L16749;85835;NA;PSP_EXTRATLEITIMPL_030726_0121_20000000018903012249_000.jpg
3182514950;78352;NA;PSP_EXTRATLEITIMPL_030726_0121_20000000018453006274_000.jpg
3220249793;148499;T181;PSP_EXTRATLEITIMPL_030726_0121_20000000001803004862_000.jpg
3010165298;45856;NA;PSP_EXTRATLEITIMPL_030726_0121_20000000019802997828_000.jpg
3150465388;84624;NA;PSP_EXTRATLEITIMPL_030726_0121_20000000007752987875_000.jpg
3191079689;92543;NA;PSP_EXTRATLEITIMPL_030726_0121_20000000018352985864_000.jpg
3161860378;156;M141;PSP_EXTRATLEITIMPL_030726_0121_20000000012402974789_000.jpg
3191782347;46530;NA;PSP_EXTRATLEITIMPL_030726_0121_20000000005652982861_000.jpg
3171416492;224570;NA;NA
3191779516;7770;NA;PSP_EXTRATLEITIMPL_030726_0121_20000000000952986504_000.jpg
3231107230;21319;T181;PSP_EXTRATLEITIMPL_030726_0121_20000000019303005493_000.jpg
3193749541;4515;NA;PSP_EXTRATLEITIMPL_030726_0121_20000000016302993548_000.jpg
3212246700;756;P111;PSP_EXTRATLEITIMPL_030726_0121_20000000005153019544_000.jpg
30432290;11500;NA;PSP_EXTRATLEITIMPL_030726_0121_20000000017303020395_000.jpg
3190358843;31906;NA;PSP_EXTRATLEITIMPL_030726_0121_20000000010102994360_000.jpg
3233465053;35442;NA;PSP_EXTRATLEITIMPL_030726_0121_20000000014652999244_000.jpg
3212590109;63446;T181;PSP_EXTRATLEITIMPL_030726_0121_20000000008303005205_000.jpg
41329238;4430;NA;NA
91303876;28109;NA;NA
3010099966;62425;NA;NA
6250636871/3232907605;20056;M141;NA
48185B;72698;NA;NA
3245109619/3242651099;9541;T161;PSP_EXTRATLEITIMPL_030726_0121_20000000006502993974_001.jpg
3140867151;454485;NA;PSP_EXTRATLEITIMPL_030726_0121_20000000012552999059_000.jpg
3010056726;69575;T111;PSP_EXTRATLEITIMPL_030726_0121_20000000002853009022_000.jpg
3132252741;322755;NA;PSP_EXTRATLEITIMPL_030726_0121_20000000018902986965_000.jpg
6251215624/3120426493;1587;NA;NA
139163B;88137;T111;NA
62544457;11560;NA;NA
138785B;52852;NA;NA
3194021770;114150;T181;NA
3192462982;75652;NA;NA
3220579297;1413;NA;NA
3160993528;230036;NA;NA
61691022;32531;NA;NA
3140636796;277371;NA;NA
116597B;24077;NA;NA
3190376361;77485;NA;NA
3230367093;24725;NA;NA
3191114026;312050;NA;NA
3171822814;143286;NA;NA
3225331749;4094;NA;NA
60226733;33205;NA;NA
3225068770;34241;NA;PSP_EXTRATLEITIMPL_030726_0121_20000000015952996154_000.jpg
3190386049;104648;NA;NA
3212576734;34352;T181;PSP_EXTRATLEITIMPL_030726_0121_20000000009353009136_000.jpg
3223325270;10060;T181;PSP_EXTRATLEITIMPL_030726_0121_20000000004553014155_000.jpg
3122014800;26811;NA;PSP_EXTRATLEITIMPL_030726_0121_20000000015952997094_000.jpg
3190633798;2266;NA;PSP_EXTRATLEITIMPL_030726_0121_20000000004453031158_000.jpg
61933263;89357;NA;PSP_EXTRATLEITIMPL_030726_0121_20000000010602999079_000.jpg
37315B;46606;T111;PSP_EXTRATLEITIMPL_030726_0121_20000000015952997095_000.jpg
3210598668;22502;NA;PSP_EXTRATLEITIMPL_030726_0121_20000000017602996400_000.jpg
3212308780;315668;NA;NA
3221418890;3604;NA;NA
40503382;62028;NA;PSP_EXTRATLEITIMPL_030726_0121_20000000017752995807_000.jpg
3180659080;86821;T181;PSP_EXTRATLEITIMPL_030726_0121_20000000000353005311_000.jpg
3223435938;82248;NA;NA
3245110501/3172759490;4043;T181;PSP_EXTRATLEITIMPL_030726_0121_20000000000202984516_000.jpg
3190921890;30790;NA;PSP_EXTRATLEITIMPL_030726_0121_20000000016552994534_000.jpg
3192209314;121815;T181;PSP_EXTRATLEITIMPL_030726_0121_20000000012702993509_000.jpg
3203788338;6744;T181;PSP_EXTRATLEITIMPL_030726_0121_20000000000452968982_000.jpg
3193462706;14912;L101;PSP_EXTRATLEITIMPL_030726_0121_20000000019952995682_000.jpg
3212308772;389095;NA;NA
3230085276;206298;NA;NA
3161428808;611017;NA;NA
3171368420;559388;NA;NA
3011122264;10986;NA;PSP_EXTRATLEITIMPL_030726_0121_20000000018103010290_000.jpg
3142463635;500;NA;PSP_EXTRATLEITIMPL_030726_0121_20000000004403003384_000.jpg
3154225853;40222;NA;PSP_EXTRATLEITIMPL_030726_0121_20000000001303008431_000.jpg
3230855357;17820;NA;NA
3222965208;1987;NA;PSP_EXTRATLEITIMPL_030726_0121_20000000014452994235_000.jpg
3203909356;129986;T181;PSP_EXTRATLEITIMPL_030726_0121_20000000012452971850_000.jpg
3190186988;925;NA;PSP_EXTRATLEITIMPL_030726_0121_20000000000102976740_000.jpg
3245109562/3245172701/3241338761;12400;T181;PSP_EXTRATLEITIMPL_030726_0121_20000000006752987902_000.jpg
3214295945;61627;T181;PSP_EXTRATLEITIMPL_030726_0121_20000000011002991617_000.jpg
3232614187;43018;NA;PSP_EXTRATLEITIMPL_030726_0121_20000000012302988735_000.jpg
3242541722/3220478377;13567;T181;PSP_EXTRATLEITIMPL_030726_0121_20000000012802999384_000.jpg
3221418793;3506;NA;PSP_EXTRATLEITIMPL_030726_0121_20000000008402989353_000.jpg
80169876;45363;NA;PSP_EXTRATLEITIMPL_030726_0121_20000000003553011370_000.jpg
3221244264;2748;NA;PSP_EXTRATLEITIMPL_030726_0121_20000000005353008525_000.jpg
5257800409/61346791;1349;NA;PSP_EXTRATLEITIMPL_030726_0121_20000000019753002409_000.jpg
3224709136;96739;T181;NA
3181692218;573986;NA;NA
3181697783;320319;T181;PSP_EXTRATLEITIMPL_030726_0121_20000000013103010092_000.jpg
3181697791;301287;NA;NA
3194016777;116681;T181;PSP_EXTRATLEITIMPL_030726_0121_20000000008902999140_000.jpg
3194034007;106262;T181;PSP_EXTRATLEITIMPL_030726_0121_20000000014952986295_000.jpg
NF61568;29860;NA;PSP_EXTRATLEITIMPL_030726_0121_20000000010053009250_000.jpg
80377029;1544;NA;PSP_EXTRATLEITIMPL_030726_0121_20000000012402991455_000.jpg
3242530895;19015;T181;NA
3242321579;8038;T181;PSP_EXTRATLEITIMPL_030726_0121_20000000004102988729_000.jpg
70055651;41745;NA;PSP_EXTRATLEITIMPL_030726_0121_20000000000152979775_000.jpg
3180852580;3158;NA;PSP_EXTRATLEITIMPL_030726_0121_20000000012503012144_000.jpg
3161353239;8435;NA;PSP_EXTRATLEITIMPL_030726_0121_20000000008653006401_000.jpg
3181686129;654254;NA;NA
3231746306;140675;NA;NA
3152228405;290399;NA;NA
3152230965;48581;NA;NA
40024069;21321;NA;PSP_EXTRATLEITIMPL_030726_0121_20000000000602996134_000.jpg
50010457;15;P111;PSP_EXTRATLEITIMPL_030726_0121_20000000012103008137_000.jpg
3170728148;7932;L101;PSP_EXTRATLEITIMPL_030726_0121_20000000011902989446_000.jpg
3244202836/3242810154;3863;T181;PSP_EXTRATLEITIMPL_030726_0121_20000000016152991465_000.jpg
5257821716/60939560;464;NA;PSP_EXTRATLEITIMPL_030726_0121_20000000015952985568_000.jpg
660078401;1365;NA;PSP_EXTRATLEITIMPL_030726_0121_20000000000102988531_000.jpg
3221116746;1879;NA;PSP_EXTRATLEITIMPL_030726_0121_20000000007702992597_000.jpg
3120909729;7735;NA;PSP_EXTRATLEITIMPL_030726_0121_20000000009952993004_000.jpg
61590862;13749;NA;PSP_EXTRATLEITIMPL_030726_0121_20000000011202999349_000.jpg
3152228383;5249;NA;NA
5256225028/3212680175;16368;NA;PSP_EXTRATLEITIMPL_030726_0121_20000000005003017399_000.jpg
3190446068;18486;NA;PSP_EXTRATLEITIMPL_030726_0121_20000000017803014378_000.jpg
3181695390;207332;NA;NA
E84390;296142;NA;PSP_EXTRATLEITIMPL_030726_0121_20000000017453004348_000.jpg
3192989816;33367;NA;PSP_EXTRATLEITIMPL_030726_0121_20000000006803007312_000.jpg
3191553917;7238;NA;PSP_EXTRATLEITIMPL_030726_0121_20000000006853016490_000.jpg
3211907435;6;P111;PSP_EXTRATLEITIMPL_030726_0121_20000000017703009570_000.jpg
3220335800;24717;T181;PSP_EXTRATLEITIMPL_030726_0121_20000000014402991391_000.jpg
3244190633;13282;NA;NA
3231115705;11061;T181;PSP_EXTRATLEITIMPL_030726_0121_20000000019453012270_000.jpg
3204272009;24401;T181;PSP_EXTRATLEITIMPL_030726_0121_20000000005552979965_000.jpg
3140241902;11012;NA;NA
3214299177;220196;NA;NA
5255958390/5256973148/5255958390/3220261270;33609;NA;NA
3152200233;37433;NA;NA
3244195384/3154672930;8450;T181;PSP_EXTRATLEITIMPL_030726_0121_20000000000402991542_000.jpg
3190365670;88198;T181;PSP_EXTRATLEITIMPL_030726_0121_20000000008352992648_000.jpg
90002066;867606;NA;NA
3182976740;6352;NA;PSP_EXTRATLEITIMPL_030726_0121_20000000003352985562_000.jpg
5260097433;450;NA;PSP_EXTRATLEITIMPL_030726_0121_20000000011402995620_000.jpg
3130462919;108;P111;PSP_EXTRATLEITIMPL_030726_0121_20000000002502997743_000.jpg
3180503683;76485;T181;PSP_EXTRATLEITIMPL_030726_0121_20000000015152990702_000.jpg
3170587951;21416;L101;PSP_EXTRATLEITIMPL_030726_0121_20000000007402987656_000.jpg
3242302620/3230559863;5388;T181;PSP_EXTRATLEITIMPL_030726_0121_20000000017503000661_000.jpg
3202542270;1389;L101;PSP_EXTRATLEITIMPL_030726_0121_20000000015002978663_000.jpg
3180661874;214323;NA;NA
3244186873/3180659047;40450;NA;NA
3160335091;286706;NA;NA
3171415461;340602;NA;NA
3230089247;123023;NA;NA
3223431088;180060;T181;PSP_EXTRATLEITIMPL_030726_0121_20000000013502994457_000.jpg
3181708785;115209;NA;NA
3223437051;55543;NA;NA
3223839915;75456;NA;NA
3245076303;79267;NA;NA
3212269050;3529;L101;PSP_EXTRATLEITIMPL_030726_0121_20000000011252975756_000.jpg
6251618516/3121657057;20721;NA;PSP_EXTRATLEITIMPL_030726_0121_20000000000102978745_000.jpg
5257903682/3193631214;9095;NA;PSP_EXTRATLEITIMPL_030726_0121_20000000019852989754_000.jpg
3131314751;17077;L101;PSP_EXTRATLEITIMPL_030726_0121_20000000001603001735_000.jpg
3190766712;11928;B111;PSP_EXTRATLEITIMPL_030726_0121_20000000000952979618_000.jpg
5256670196/3221669400;3399;T181;PSP_EXTRATLEITIMPL_030726_0121_20000000019152994678_000.jpg
3233366853;2163;NA;PSP_EXTRATLEITIMPL_030726_0121_20000000003452998539_000.jpg
3211129742;57623;T181;PSP_EXTRATLEITIMPL_030726_0121_20000000012402998039_000.jpg
3151548988;0;P111;PSP_EXTRATLEITIMPL_030726_0121_20000000015253000533_000.jpg
80160984;13813;NA;PSP_EXTRATLEITIMPL_030726_0121_20000000001603000612_000.jpg
3244192377;114363;NA;NA
3140806535;31960;NA;PSP_EXTRATLEITIMPL_030726_0121_20000000016102990156_000.jpg
3154757324;27328;L131;PSP_EXTRATLEITIMPL_030726_0121_20000000003802996724_000.jpg
3150807580;186496;NA;PSP_EXTRATLEITIMPL_030726_0121_20000000005453003257_000.jpg
3225142601;17298;NA;PSP_EXTRATLEITIMPL_030726_0121_20000000018103006529_000.jpg
6251245051;917;NA;PSP_EXTRATLEITIMPL_030726_0121_20000000009902996528_000.jpg
3243918447;9320;NA;NA
3190305677;27251;NA;NA
3193213277;171793;T181;PSP_EXTRATLEITIMPL_030726_0121_20000000009102996209_000.jpg
3220369918;30890;T181;PSP_EXTRATLEITIMPL_030726_0121_20000000002353007221_000.jpg
3220351733;21714;T181;NA
3132324181;199276;NA;NA
5260379102/3201792150;1764;NA;PSP_EXTRATLEITIMPL_030726_0121_20000000006902993493_000.jpg
3192464535;123498;NA;PSP_EXTRATLEITIMPL_030726_0121_20000000017303011527_000.jpg
3241590479;9170;NA;PSP_EXTRATLEITIMPL_030726_0121_20000000008402976600_000.jpg
6251407930;299;NA;NA
3160876890;5910;L101;PSP_EXTRATLEITIMPL_030726_0121_20000000005003017398_000.jpg
5257566627/60467781;3885;P111;PSP_EXTRATLEITIMPL_030726_0121_20000000008653007342_000.jpg
6251612143/3243774518;1831;T181;PSP_EXTRATLEITIMPL_030726_0121_20000000012902983553_000.jpg
3211173369;46622;T181;PSP_EXTRATLEITIMPL_030726_0121_20000000017253005575_000.jpg
3244262804/3241074047;8058;T181;PSP_EXTRATLEITIMPL_030726_0121_20000000005902995537_000.jpg
3204986540;199;L131;PSP_EXTRATLEITIMPL_030726_0121_20000000001403000506_000.jpg
3200318152;18015;NA;NA
5252367936/3133192955;717;NA;NA
3133163769;1174;T181;NA
6251125501/3243904101/3221160656;1352;T181;PSP_EXTRATLEITIMPL_030726_0121_20000000002852995611_000.jpg
630014468;61714;NA;PSP_EXTRATLEITIMPL_030726_0121_20000000016603017539_000.jpg
3153534828;7547;NA;PSP_EXTRATLEITIMPL_030726_0121_20000000012702994483_000.jpg
3226106072;6954;NA;PSP_EXTRATLEITIMPL_030726_0121_20000000019002987586_000.jpg
5255953291/3245127471/5255953291/40172130;16767;NA;NA
136941B;76227;NA;PSP_EXTRATLEITIMPL_030726_0121_20000000012202988528_000.jpg
3211173482;17467;T181;PSP_EXTRATLEITIMPL_030726_0121_20000000005452985653_000.jpg
91025434;1937;P111;PSP_EXTRATLEITIMPL_030726_0121_20000000006352998491_000.jpg
3154648398;56247;NA;PSP_EXTRATLEITIMPL_030726_0121_20000000000952965962_000.jpg
3204719143;4755;NA;PSP_EXTRATLEITIMPL_030726_0121_20000000009553001087_000.jpg
3214296356;40924;T181;PSP_EXTRATLEITIMPL_030726_0121_20000000001052982754_000.jpg
3220284505;11325;T181;PSP_EXTRATLEITIMPL_030726_0121_20000000018152982814_000.jpg
91429144;18820;L101;PSP_EXTRATLEITIMPL_030726_0121_20000000014502975809_000.jpg
3223264084;1483;NA;PSP_EXTRATLEITIMPL_030726_0121_20000000005202998803_000.jpg
3130003876;252125;NA;PSP_EXTRATLEITIMPL_030726_0121_20000000005153005881_000.jpg
3230087163;14296;NA;NA
3245306333/3171702010;30007;NA;NA
3161428638;181502;NA;NA
3182502722;3886;NA;PSP_EXTRATLEITIMPL_030726_0121_20000000003152995968_000.jpg
60468842;70546;NA;NA
3180662749;282694;NA;NA
3172731448;60998;NA;PSP_EXTRATLEITIMPL_030726_0121_20000000013152995421_000.jpg
40192891;64578;NA;NA
MG59043;32234;NA;PSP_EXTRATLEITIMPL_030726_0121_20000000004653000730_000.jpg
3223434478;455294;NA;NA
3192853671;6887;NA;PSP_EXTRATLEITIMPL_030726_0121_20000000003952999324_000.jpg
3214282614;207939;NA;NA
3192545462;544598;NA;NA
3214299932;38108;NA;NA
3231109853;33759;T181;PSP_EXTRATLEITIMPL_030726_0121_20000000013752999167_000.jpg
3223436381;240781;NA;NA
3245303105;54730;NA;NA
3193461289;15860;NA;PSP_EXTRATLEITIMPL_030726_0121_20000000001353013285_000.jpg
3180653154;246262;NA;NA
3224707834;102484;NA;NA
5260135360/3151825701;206;T181;NA
3152003292;26296;NA;NA
3241067555;10016;T181;PSP_EXTRATLEITIMPL_030726_0121_20000000010152994236_000.jpg
3230982812;14900;T181;PSP_EXTRATLEITIMPL_030726_0121_20000000007502984706_000.jpg
3152196759;19334;NA;NA
3152181700;0;NA;NA
3203795822;12273;T181;PSP_EXTRATLEITIMPL_030726_0121_20000000009302992532_000.jpg
3233143978;603;L101;PSP_EXTRATLEITIMPL_030726_0121_20000000013352999140_000.jpg
5260315619/30649974;21;NA;PSP_EXTRATLEITIMPL_030726_0121_20000000006953002538_000.jpg
3161525080;282371;NA;PSP_EXTRATLEITIMPL_030726_0121_20000000019752994614_000.jpg
50414264;20149;NA;PSP_EXTRATLEITIMPL_030726_0121_20000000017803021172_000.jpg
3193399702;444309;NA;PSP_EXTRATLEITIMPL_030726_0121_20000000019153014113_000.jpg
3212912696;105;L101;PSP_EXTRATLEITIMPL_030726_0121_20000000011952998157_000.jpg
3192478480;119234;NA;PSP_EXTRATLEITIMPL_030726_0121_20000000003853010128_000.jpg
3231063551;26972;T181;PSP_EXTRATLEITIMPL_030726_0121_20000000009702994140_000.jpg
3160375298;139358;NA;PSP_EXTRATLEITIMPL_030726_0121_20000000004203015456_000.jpg
3230082145;48180;T181;PSP_EXTRATLEITIMPL_030726_0121_20000000018003025012_000.jpg
3220444332;200468;NA;PSP_EXTRATLEITIMPL_030726_0121_20000000018003024042_000.jpg
83040432;28530;NA;PSP_EXTRATLEITIMPL_030726_0121_20000000016002970937_000.jpg
3212427780;72578;NA;PSP_EXTRATLEITIMPL_030726_0121_20000000004652992979_000.jpg
3242517694/41201B;8978;T181;PSP_EXTRATLEITIMPL_030726_0121_20000000017202985978_000.jpg
3232895569;73826;NA;PSP_EXTRATLEITIMPL_030726_0121_20000000011853004005_001.jpg
3193416526;160333;NA;PSP_EXTRATLEITIMPL_030726_0121_20000000004903012106_000.jpg
3205285244;209508;NA;NA
3181690266;243993;NA;NA
3203764994;10973;T181;PSP_EXTRATLEITIMPL_030726_0121_20000000002653005549_000.jpg
3201658879;44512;NA;PSP_EXTRATLEITIMPL_030726_0121_20000000003402993685_000.jpg
90610066;87275;NA;PSP_EXTRATLEITIMPL_030726_0121_20000000009552977587_000.jpg
3172782808/6251185571/3172782808/3154863949;34884;NA;NA
3231063853;34789;T181;PSP_EXTRATLEITIMPL_030726_0121_20000000002702993683_000.jpg
6252230899/3244327566;0;NA;PSP_EXTRATLEITIMPL_030726_0121_20000000017153000777_001.jpg
3203753569;164794;NA;NA
3191675826;16108;NA;PSP_EXTRATLEITIMPL_030726_0121_20000000013852998497_000.jpg
3204692695;6822;NA;PSP_EXTRATLEITIMPL_030726_0121_20000000015652979566_000.jpg
3172508889;37298;NA;PSP_EXTRATLEITIMPL_030726_0121_20000000006952994631_000.jpg
3232747837;961;NA;PSP_EXTRATLEITIMPL_030726_0121_20000000012902985601_000.jpg
3241485420;11951;P111;PSP_EXTRATLEITIMPL_030726_0121_20000000004902998723_000.jpg
3200034383;4476;NA;PSP_EXTRATLEITIMPL_030726_0121_20000000012752989510_000.jpg
3192946599;62113;NA;PSP_EXTRATLEITIMPL_030726_0121_20000000015752988524_000.jpg
3230224411;10475;NA;PSP_EXTRATLEITIMPL_030726_0121_20000000000702969631_000.jpg
3242085441;3640;NA;PSP_EXTRATLEITIMPL_030726_0121_20000000009952968763_000.jpg
3202873986;26934;NA;PSP_EXTRATLEITIMPL_030726_0121_20000000016202977653_000.jpg
3211495056;37030;NA;NA
30174704;51972;NA;PSP_EXTRATLEITIMPL_030726_0121_20000000002303009364_000.jpg
3172764940;61327;T181;PSP_EXTRATLEITIMPL_030726_0121_20000000012252992487_000.jpg
3211495420;12607;NA;NA
078191B;92452;NA;PSP_EXTRATLEITIMPL_030726_0121_20000000015952990464_000.jpg
3172354237;232021;T181;PSP_EXTRATLEITIMPL_030726_0121_20000000009002993580_000.jpg
3153177081;14442;NA;PSP_EXTRATLEITIMPL_030726_0121_20000000001953014167_000.jpg
3202871843;0;NA;PSP_EXTRATLEITIMPL_030726_0121_20000000014202990043_000.jpg
3172790266;37519;NA;PSP_EXTRATLEITIMPL_030726_0121_20000000001452994898_000.jpg
5257831282/82972145;99999;NA;PSP_EXTRATLEITIMPL_030726_0121_20000000004953023528_000.jpg
3200912615;1144;L101;PSP_EXTRATLEITIMPL_030726_0121_20000000007703006378_000.jpg
3151113191;3802;L101;PSP_EXTRATLEITIMPL_030726_0121_20000000004152998738_000.jpg
3190927228;6607;L101;PSP_EXTRATLEITIMPL_030726_0121_20000000007252994692_000.jpg
3231100341;9969;T181;PSP_EXTRATLEITIMPL_030726_0121_20000000013352977773_000.jpg
5256613591/30751442;37;NA;PSP_EXTRATLEITIMPL_030726_0121_20000000006952991746_000.jpg
M34499;87124;NA;PSP_EXTRATLEITIMPL_030726_0121_20000000014602998546_000.jpg
3181690533;562967;NA;NA
3170335553;8677;NA;PSP_EXTRATLEITIMPL_030726_0121_20000000015452980777_000.jpg
3170495054;1507;NA;PSP_EXTRATLEITIMPL_030726_0121_20000000009652980719_000.jpg
3223946053;9427;NA;PSP_EXTRATLEITIMPL_030726_0121_20000000017253003689_000.jpg
3130325881;25745;NA;PSP_EXTRATLEITIMPL_030726_0121_20000000008052987579_000.jpg
3153399270;46351;NA;PSP_EXTRATLEITIMPL_030726_0121_20000000015352989698_000.jpg
3193474860;44922;NA;PSP_EXTRATLEITIMPL_030726_0121_20000000008452980697_000.jpg
OT64301;84279;NA;PSP_EXTRATLEITIMPL_030726_0121_20000000012852998298_000.jpg
3203927567;11667;T181;PSP_EXTRATLEITIMPL_030726_0121_20000000009153006199_000.jpg
3213196196;32405;L101;PSP_EXTRATLEITIMPL_030726_0121_20000000000302987399_000.jpg
81799296;81154;NA;PSP_EXTRATLEITIMPL_030726_0121_20000000006503003582_000.jpg
3201568209;57782;NA;NA
3190750077;16290;NA;PSP_EXTRATLEITIMPL_030726_0121_20000000015902984973_000.jpg
3131007042;9950;NA;PSP_EXTRATLEITIMPL_030726_0121_20000000011553006006_000.jpg
3132776112;64169;NA;PSP_EXTRATLEITIMPL_030726_0121_20000000000402984969_000.jpg
3194029356;58121;T181;PSP_EXTRATLEITIMPL_030726_0121_20000000012452993051_000.jpg
3180997090;9671;NA;NA
5252383214/3130249425;0;P111;NA
3241807419;75;NA;PSP_EXTRATLEITIMPL_030726_0121_20000000000252991996_000.jpg
61255052;49;P111;PSP_EXTRATLEITIMPL_030726_0121_20000000013652992541_000.jpg
40278133;269;P111;PSP_EXTRATLEITIMPL_030726_0121_20000000007302994538_000.jpg
3223839133;161125;NA;NA
3225261899;2423;NA;PSP_EXTRATLEITIMPL_030726_0121_20000000010603000012_000.jpg
3203750268;12281;L131;PSP_EXTRATLEITIMPL_030726_0121_20000000016252980728_000.jpg
3171726238;12085;L101;PSP_EXTRATLEITIMPL_030726_0121_20000000007302987698_000.jpg
3172655695;11483;L101;PSP_EXTRATLEITIMPL_030726_0121_20000000009253004011_000.jpg
3214131799;11710;NA;NA
3230883857;24748;T181;PSP_EXTRATLEITIMPL_030726_0121_20000000003503022191_000.jpg
3231261337;8140;NA;PSP_EXTRATLEITIMPL_030726_0121_20000000008203004152_000.jpg
3232911149;33147;NA;PSP_EXTRATLEITIMPL_030726_0121_20000000019203014008_000.jpg
3243772540;7050;T181;PSP_EXTRATLEITIMPL_030726_0121_20000000007802986981_000.jpg
3204217024;2165;NA;PSP_EXTRATLEITIMPL_030726_0121_20000000019952988952_000.jpg
3200320220;1661;L101;NA
3009013555;27249;NA;NA
5256885710/5256973237/5256885710/3201579553;3990;NA;NA
70133261;175;P111;PSP_EXTRATLEITIMPL_030726_0121_20000000003152996855_000.jpg
3220352713;19817;T181;PSP_EXTRATLEITIMPL_030726_0121_20000000005752977785_000.jpg
3242276441;47182;NA;NA
3232910894;93918;L131;PSP_EXTRATLEITIMPL_030726_0121_20000000003952998392_000.jpg
3231063896;29285;T181;PSP_EXTRATLEITIMPL_030726_0121_20000000002603013360_000.jpg
3193471306;211643;L131;PSP_EXTRATLEITIMPL_030726_0121_20000000015253007377_000.jpg
3220319740;26050;T181;PSP_EXTRATLEITIMPL_030726_0121_20000000001002990338_000.jpg
3192105772;0;NA;NA
3192250500;0;NA;NA
MB85317;21021;NA;PSP_EXTRATLEITIMPL_030726_0121_20000000006052988649_000.jpg
3153792266;10133;NA;PSP_EXTRATLEITIMPL_030726_0121_20000000010652981592_000.jpg
3191596934;1185;NA;PSP_EXTRATLEITIMPL_030726_0121_20000000001553001642_000.jpg
3242959913;1842;NA;PSP_EXTRATLEITIMPL_030726_0121_20000000011652991610_000.jpg
3244862232;0;L101;PSP_EXTRATLEITIMPL_030726_0121_20000000000002998694_000.jpg
3010220174;13712;NA;PSP_EXTRATLEITIMPL_030726_0121_20000000011403005356_000.jpg
3200494333;1931;NA;PSP_EXTRATLEITIMPL_030726_0121_20000000007502995534_000.jpg
3210955118;10498;NA;PSP_EXTRATLEITIMPL_030726_0121_20000000013952987502_000.jpg
3191855948;4677;L101;PSP_EXTRATLEITIMPL_030726_0121_20000000005802988768_000.jpg
3211818874;24152;L101;PSP_EXTRATLEITIMPL_030726_0121_20000000006153007337_000.jpg
51526740;61393;NA;PSP_EXTRATLEITIMPL_030726_0121_20000000011653000403_000.jpg
71472310;50369;L101;PSP_EXTRATLEITIMPL_030726_0121_20000000015303016202_000.jpg
3010162214;13516;L101;PSP_EXTRATLEITIMPL_030726_0121_20000000016703014568_000.jpg
3210955550;7242;L101;PSP_EXTRATLEITIMPL_030726_0121_20000000008152987634_000.jpg
6251241900;3482;NA;PSP_EXTRATLEITIMPL_030726_0121_20000000005053022374_000.jpg
3200901737;1;P111;PSP_EXTRATLEITIMPL_030726_0121_20000000018802999294_000.jpg
3210233384;25152;NA;PSP_EXTRATLEITIMPL_030726_0121_20000000015752995265_000.jpg
3202216160;9624;NA;PSP_EXTRATLEITIMPL_030726_0121_20000000001102995390_000.jpg
91088720;42580;NA;PSP_EXTRATLEITIMPL_030726_0121_20000000011203003046_000.jpg
3141803483;24140;NA;NA
3211761066;2632;L101;NA
5256885680/5256973245/5256885680/3242536567;18818;NA;NA
3241185795;0;NA;PSP_EXTRATLEITIMPL_030726_0121_20000000019103004433_001.jpg
3230604427;11244;NA;PSP_EXTRATLEITIMPL_030726_0121_20000000009203004142_000.jpg
3223384519;14012;T181;PSP_EXTRATLEITIMPL_030726_0121_20000000008952982442_000.jpg
3244188230;10730;NA;NA
3214294043;50142;T181;PSP_EXTRATLEITIMPL_030726_0121_20000000011752987532_000.jpg
3131203011;9974;NA;NA
NQ21828;44061;NA;PSP_EXTRATLEITIMPL_030726_0121_20000000002702994720_000.jpg
3241065005;10881;T181;PSP_EXTRATLEITIMPL_030726_0121_20000000014252972795_000.jpg
3161521816;12708;NA;PSP_EXTRATLEITIMPL_030726_0121_20000000013352985606_000.jpg
3230873827;16359;T181;PSP_EXTRATLEITIMPL_030726_0121_20000000018703006378_000.jpg
60350159;50801;NA;PSP_EXTRATLEITIMPL_030726_0121_20000000003903005114_000.jpg
3212589470;44683;T181;PSP_EXTRATLEITIMPL_030726_0121_20000000009253003163_000.jpg
3220452360;20199;NA;PSP_EXTRATLEITIMPL_030726_0121_20000000019752987671_000.jpg
3223276155;2197;NA;PSP_EXTRATLEITIMPL_030726_0121_20000000006902996539_000.jpg
3210370080;6396;NA;PSP_EXTRATLEITIMPL_030726_0121_20000000000202983506_000.jpg
3182136203;48011;NA;PSP_EXTRATLEITIMPL_030726_0121_20000000009302976979_000.jpg
3225008492;27949;T181;PSP_EXTRATLEITIMPL_030726_0121_20000000007252988977_000.jpg
3244681971/3153895855;13428;NA;PSP_EXTRATLEITIMPL_030726_0121_20000000003952977967_000.jpg
3011013893;64708;NA;PSP_EXTRATLEITIMPL_030726_0121_20000000005753002169_000.jpg
3230006996;23331;T181;PSP_EXTRATLEITIMPL_030726_0121_20000000018053001154_000.jpg
3203904354;115030;T181;NA
3201580993;311928;NA;PSP_EXTRATLEITIMPL_030726_0121_20000000013902994541_000.jpg
3223431959;191058;NA;PSP_EXTRATLEITIMPL_030726_0121_20000000018302998584_000.jpg
3183047956;3619;L101;PSP_EXTRATLEITIMPL_030726_0121_20000000003703001592_000.jpg
3132316022;270705;NA;PSP_EXTRATLEITIMPL_030726_0121_20000000012652991577_000.jpg
3193461882;44580;NA;PSP_EXTRATLEITIMPL_030726_0121_20000000009503007010_000.jpg
3245162587;9053;NA;PSP_EXTRATLEITIMPL_030726_0121_20000000006002983975_000.jpg
3192481944;32550;NA;PSP_EXTRATLEITIMPL_030726_0121_20000000019302998553_000.jpg
3150656221;31081;NA;NA
30272242;15248;NA;PSP_EXTRATLEITIMPL_030726_0121_20000000003652999727_000.jpg
3011178165;61297;NA;PSP_EXTRATLEITIMPL_030726_0121_20000000012703005007_000.jpg
5261798109/3161597600;40784;NA;PSP_EXTRATLEITIMPL_030726_0121_20000000015903013012_000.jpg
3190103462;73852;NA;PSP_EXTRATLEITIMPL_030726_0121_20000000009002984855_000.jpg
3212315825;74241;NA;PSP_EXTRATLEITIMPL_030726_0121_20000000015852974814_000.jpg
3225205786;3270;NA;PSP_EXTRATLEITIMPL_030726_0121_20000000014652979810_000.jpg
3201167204;35213;NA;PSP_EXTRATLEITIMPL_030726_0121_20000000009952969851_000.jpg
3170435582;34302;NA;PSP_EXTRATLEITIMPL_030726_0121_20000000017202995704_000.jpg
3205592171;10058;NA;PSP_EXTRATLEITIMPL_030726_0121_20000000004803011548_000.jpg
3242820885;1713;NA;PSP_EXTRATLEITIMPL_030726_0121_20000000005752990582_000.jpg
3191086472;164766;NA;PSP_EXTRATLEITIMPL_030726_0121_20000000002803005572_000.jpg
3192544776;557009;NA;NA
3181076240;98768;NA;PSP_EXTRATLEITIMPL_030726_0121_20000000000452993171_000.jpg
3211547269;78023;NA;PSP_EXTRATLEITIMPL_030726_0121_20000000000253015160_000.jpg
3233465789;8388;NA;PSP_EXTRATLEITIMPL_030726_0121_20000000002152980695_000.jpg
3233422397;15098;NA;PSP_EXTRATLEITIMPL_030726_0121_20000000005253014647_000.jpg
3214039752;10;P111;PSP_EXTRATLEITIMPL_030726_0121_20000000010802982655_000.jpg
3180891721;25558;NA;PSP_EXTRATLEITIMPL_030726_0121_20000000008252979574_000.jpg
3244813142;3532;NA;PSP_EXTRATLEITIMPL_030726_0121_20000000008902983637_000.jpg
3231064060;36102;T181;PSP_EXTRATLEITIMPL_030726_0121_20000000012352979588_000.jpg
3223281175;9210;NA;PSP_EXTRATLEITIMPL_030726_0121_20000000014752996172_000.jpg
3194012607;68015;NA;PSP_EXTRATLEITIMPL_030726_0121_20000000003203017192_000.jpg
3205639879;14725;NA;NA
3241197696;19094;NA;PSP_EXTRATLEITIMPL_030726_0121_20000000002752997633_000.jpg
3225011213;26322;T181;PSP_EXTRATLEITIMPL_030726_0121_20000000014402987402_000.jpg
3181963262;19411;NA;PSP_EXTRATLEITIMPL_030726_0121_20000000002653008466_000.jpg
5256705607/MC32493;10137;NA;PSP_EXTRATLEITIMPL_030726_0121_20000000018903016015_000.jpg
3242671553;5177;T181;PSP_EXTRATLEITIMPL_030726_0121_20000000001753015010_000.jpg
3221832263;3212;L101;PSP_EXTRATLEITIMPL_030726_0121_20000000019953017013_000.jpg
3200763415;4119;NA;PSP_EXTRATLEITIMPL_030726_0121_20000000008203006013_000.jpg
3211290195;36827;T181;PSP_EXTRATLEITIMPL_030726_0121_20000000016903027009_000.jpg
3170832506;2481;L131;PSP_EXTRATLEITIMPL_030726_0121_20000000009203012007_000.jpg
3193743217;24997;NA;PSP_EXTRATLEITIMPL_030726_0121_20000000007803003522_000.jpg
30644859;3;P111;PSP_EXTRATLEITIMPL_030726_0121_20000000013652993516_000.jpg
6251539934/82993924;2846;NA;PSP_EXTRATLEITIMPL_030726_0121_20000000010902996517_000.jpg
3244858715;42012;NA;PSP_EXTRATLEITIMPL_030726_0121_20000000002602996787_000.jpg
3200247220;28814;NA;PSP_EXTRATLEITIMPL_030726_0121_20000000010252972761_000.jpg
3011043447;81152;NA;PSP_EXTRATLEITIMPL_030726_0121_20000000017653004760_000.jpg
3172239918;28;P111;PSP_EXTRATLEITIMPL_030726_0121_20000000012052988730_000.jpg
3172763579;188629;T181;PSP_EXTRATLEITIMPL_030726_0121_20000000007003009332_000.jpg
3202169332;9;NA;PSP_EXTRATLEITIMPL_030726_0121_20000000002753011360_000.jpg
3171475596;202608;NA;PSP_EXTRATLEITIMPL_030726_0121_20000000018303004351_000.jpg
6251544148/3182039194;168;NA;PSP_EXTRATLEITIMPL_030726_0121_20000000005552998428_000.jpg
3011039858;14450;L101;PSP_EXTRATLEITIMPL_030726_0121_20000000019252984986_000.jpg
3150111780;53510;NA;PSP_EXTRATLEITIMPL_030726_0121_20000000017703019072_000.jpg
81398372;64870;NA;NA
3232941145;14568;NA;NA
J74906;42513;NA;NA
3212311951;472234;NA;NA
3220415286;64411;NA;PSP_EXTRATLEITIMPL_030726_0121_20000000006203005206_000.jpg
3171211149;149074;NA;PSP_EXTRATLEITIMPL_030726_0121_20000000000202993164_000.jpg
3232701551;3079;NA;PSP_EXTRATLEITIMPL_030726_0121_20000000004503010199_000.jpg
3210020240;16376;NA;PSP_EXTRATLEITIMPL_030726_0121_20000000004203012515_000.jpg
3010233590;25044;NA;PSP_EXTRATLEITIMPL_030726_0121_20000000001753004533_000.jpg
82965793;20540;NA;PSP_EXTRATLEITIMPL_030726_0121_20000000003203010539_000.jpg
3011200017;1557;NA;PSP_EXTRATLEITIMPL_030726_0121_20000000009552990487_000.jpg
40181652;35027;NA;PSP_EXTRATLEITIMPL_030726_0121_20000000006153004508_000.jpg
3223418499;28663;T181;PSP_EXTRATLEITIMPL_030726_0121_20000000007353003522_000.jpg
3150092603;41513;NA;PSP_EXTRATLEITIMPL_030726_0121_20000000011052979705_000.jpg
60235660;38380;NA;PSP_EXTRATLEITIMPL_030726_0121_20000000009552976787_000.jpg
3011200020;78754;NA;PSP_EXTRATLEITIMPL_030726_0121_20000000016452991726_000.jpg
3224284860;43;P111;PSP_EXTRATLEITIMPL_030726_0121_20000000006352992714_000.jpg
3180007899;59941;NA;PSP_EXTRATLEITIMPL_030726_0121_20000000011102973716_000.jpg
3193546292;10261;T111;PSP_EXTRATLEITIMPL_030726_0121_20000000013652982743_000.jpg
3214292474;99799;T181;PSP_EXTRATLEITIMPL_030726_0121_20000000015103002235_000.jpg
3192158477;76343;NA;PSP_EXTRATLEITIMPL_030726_0121_20000000007003013117_000.jpg
3161465150;88123;NA;PSP_EXTRATLEITIMPL_030726_0121_20000000001753012170_000.jpg
40426264;40461;NA;PSP_EXTRATLEITIMPL_030726_0121_20000000009653004108_000.jpg
3242007505;16822;NA;PSP_EXTRATLEITIMPL_030726_0121_20000000014053005230_000.jpg
3011192122;15273;NA;PSP_EXTRATLEITIMPL_030726_0121_20000000014852976740_000.jpg
3203903781;194056;T181;PSP_EXTRATLEITIMPL_030726_0121_20000000013202981756_000.jpg
3202500888;1524;NA;PSP_EXTRATLEITIMPL_030726_0121_20000000017902992807_000.jpg
MD84433;544;P111;PSP_EXTRATLEITIMPL_030726_0121_20000000012602987715_000.jpg
6251158477/3121038527;5651;NA;PSP_EXTRATLEITIMPL_030726_0121_20000000016552988634_000.jpg
90972600;22957;NA;PSP_EXTRATLEITIMPL_030726_0121_20000000001102997146_000.jpg
3242350960/3211554745;4637;P111;PSP_EXTRATLEITIMPL_030726_0121_20000000001253003521_000.jpg
60694133;4247;NA;PSP_EXTRATLEITIMPL_030726_0121_20000000003302995832_000.jpg
3223432793;75936;NA;NA
3181686625;167250;NA;NA
3180675980;371450;NA;NA
3225889073;5382;NA;PSP_EXTRATLEITIMPL_030726_0121_20000000004503009033_000.jpg
MV64876;37154;NA;PSP_EXTRATLEITIMPL_030726_0121_20000000014352979329_000.jpg
50826023;44959;NA;PSP_EXTRATLEITIMPL_030726_0121_20000000002503013235_000.jpg
41138386;8172;T111;PSP_EXTRATLEITIMPL_030726_0121_20000000017553015503_000.jpg
5257392513/90360531;4302;T181;PSP_EXTRATLEITIMPL_030726_0121_20000000003203009549_000.jpg
3170173324;1080;NA;PSP_EXTRATLEITIMPL_030726_0121_20000000005303004777_000.jpg
3244029115/MC05569;2988;NA;PSP_EXTRATLEITIMPL_030726_0121_20000000002502999730_000.jpg
3194024893;94596;T181;PSP_EXTRATLEITIMPL_030726_0121_20000000015552971739_000.jpg
3200173480;90081;NA;PSP_EXTRATLEITIMPL_030726_0121_20000000010552982734_000.jpg
MG47115;13127;NA;PSP_EXTRATLEITIMPL_030726_0121_20000000012302989730_000.jpg
3193255417;130016;NA;PSP_EXTRATLEITIMPL_030726_0121_20000000004303001483_000.jpg
6251957370/3212641234;441;NA;PSP_EXTRATLEITIMPL_030726_0121_20000000014603006355_000.jpg
3181066058;44925;NA;PSP_EXTRATLEITIMPL_030726_0121_20000000003153012407_000.jpg
90123793;91427;NA;PSP_EXTRATLEITIMPL_030726_0121_20000000003303013394_000.jpg
3171250756;302820;NA;PSP_EXTRATLEITIMPL_030726_0121_20000000015203002364_000.jpg
3213402063;3424;T111;PSP_EXTRATLEITIMPL_030726_0121_20000000001653015099_000.jpg
3190403822;64284;NA;PSP_EXTRATLEITIMPL_030726_0121_20000000003553013237_000.jpg
3212623325;23218;NA;PSP_EXTRATLEITIMPL_030726_0121_20000000017503008430_000.jpg
3171764466;472878;NA;PSP_EXTRATLEITIMPL_030726_0121_20000000017602995537_000.jpg
3225592917;10556;NA;PSP_EXTRATLEITIMPL_030726_0121_20000000014502993388_000.jpg
3191582615;3940;NA;PSP_EXTRATLEITIMPL_030726_0121_20000000003203005739_000.jpg
3160028652;95963;NA;PSP_EXTRATLEITIMPL_030726_0121_20000000006902995508_000.jpg
3180668720;252678;NA;NA
90005863;153472;NA;NA
3181693125;375856;NA;NA
3150156881;40710;NA;PSP_EXTRATLEITIMPL_030726_0121_20000000003753001186_000.jpg
30181247;56542;NA;PSP_EXTRATLEITIMPL_030726_0121_20000000000253016186_000.jpg
3225600839;1764;P111;PSP_EXTRATLEITIMPL_030726_0121_20000000001153004138_000.jpg
5256679630/3191118331;3157;NA;PSP_EXTRATLEITIMPL_030726_0121_20000000015752976764_000.jpg
3212471185;40461;NA;PSP_EXTRATLEITIMPL_030726_0121_20000000001152985727_000.jpg
3203427378;23323;NA;PSP_EXTRATLEITIMPL_030726_0121_20000000000003010534_000.jpg
6251029995/40402365;102;NA;PSP_EXTRATLEITIMPL_030726_0121_20000000008502966897_000.jpg
3153711975;101324;NA;PSP_EXTRATLEITIMPL_030726_0121_20000000008353015023_000.jpg
3220339628;16674;T181;PSP_EXTRATLEITIMPL_030726_0121_20000000005053019382_000.jpg
6251110040/3243842254/3211101333;5392;P111;PSP_EXTRATLEITIMPL_030726_0121_20000000006902991492_000.jpg
3220344494;17353;T181;PSP_EXTRATLEITIMPL_030726_0121_20000000018052988444_000.jpg
3241086061/3241083291;16487;NA;PSP_EXTRATLEITIMPL_030726_0121_20000000016903006663_000.jpg
3172414884;2280;NA;PSP_EXTRATLEITIMPL_030726_0121_20000000010202998349_000.jpg
51255119;11149;NA;PSP_EXTRATLEITIMPL_030726_0121_20000000010652989412_000.jpg
51256310;11390;NA;PSP_EXTRATLEITIMPL_030726_0121_20000000003103016405_000.jpg
51256352;18477;NA;PSP_EXTRATLEITIMPL_030726_0121_20000000016502989349_000.jpg
51257740;19057;NA;PSP_EXTRATLEITIMPL_030726_0121_20000000013502995414_000.jpg
3191973355;3677;NA;PSP_EXTRATLEITIMPL_030726_0121_20000000017503006559_000.jpg
3180719627;5134;NA;PSP_EXTRATLEITIMPL_030726_0121_20000000013052980740_000.jpg
40950753;6684;T111;PSP_EXTRATLEITIMPL_030726_0121_20000000007752989744_000.jpg
3180670067;901818;NA;NA
3212551707;16966;NA;PSP_EXTRATLEITIMPL_030726_0121_20000000018853001528_000.jpg
3230079217;102334;NA;NA
015123B;57987;NA;PSP_EXTRATLEITIMPL_030726_0121_20000000005403007507_000.jpg
3223991652;411;NA;PSP_EXTRATLEITIMPL_030726_0121_20000000007952991620_000.jpg
3222590182;5748;T111;PSP_EXTRATLEITIMPL_030726_0121_20000000008952976582_000.jpg
81260885;77757;L101;PSP_EXTRATLEITIMPL_030726_0121_20000000011552987546_000.jpg
3243005794;1953;T181;PSP_EXTRATLEITIMPL_030726_0121_20000000001252994560_000.jpg
3120345280;63305;NA;PSP_EXTRATLEITIMPL_030726_0121_20000000018653009678_000.jpg
3245137825/3225411858;6686;NA;PSP_EXTRATLEITIMPL_030726_0121_20000000008652994697_000.jpg
3011177262;72240;NA;PSP_EXTRATLEITIMPL_030726_0121_20000000010202979997_000.jpg
3193500381;55801;NA;PSP_EXTRATLEITIMPL_030726_0121_20000000016302977973_000.jpg
5256869464/L72116;3026;T181;PSP_EXTRATLEITIMPL_030726_0121_20000000011752999174_000.jpg
3120364161;75870;NA;PSP_EXTRATLEITIMPL_030726_0121_20000000018453013016_000.jpg
3171415852;175242;NA;NA
3183603387;2478;L101;PSP_EXTRATLEITIMPL_030726_0121_20000000007653005008_000.jpg
3171663783;2044;NA;PSP_EXTRATLEITIMPL_030726_0121_20000000007903003138_000.jpg
3181248172;4878;L101;PSP_EXTRATLEITIMPL_030726_0121_20000000012602997524_000.jpg
3200798391;2284;NA;PSP_EXTRATLEITIMPL_030726_0121_20000000011453001165_000.jpg
61919198;14044;NA;PSP_EXTRATLEITIMPL_030726_0121_20000000011952993375_000.jpg
3131756223;5427;L101;PSP_EXTRATLEITIMPL_030726_0121_20000000008552994515_000.jpg
3222258200;31663;NA;PSP_EXTRATLEITIMPL_030726_0121_20000000002953014191_000.jpg
3181688997;400644;NA;NA
3190377104;83932;NA;PSP_EXTRATLEITIMPL_030726_0121_20000000000653000087_000.jpg
3181075189;228859;NA;NA
3230672279;20600;L101;PSP_EXTRATLEITIMPL_030726_0121_20000000016902997956_000.jpg
5257048960/3193376184;1334;NA;PSP_EXTRATLEITIMPL_030726_0121_20000000008353015024_000.jpg
3221261754;40560;L101;PSP_EXTRATLEITIMPL_030726_0121_20000000014152988273_000.jpg
3154883532;121108;NA;PSP_EXTRATLEITIMPL_030726_0121_20000000002603014298_000.jpg
3245075102;16041;NA;NA
6250638750/153130B;4075;L101;PSP_EXTRATLEITIMPL_030726_0121_20000000016653013377_000.jpg
61077472;20796;NA;PSP_EXTRATLEITIMPL_030726_0121_20000000008653003537_000.jpg
3242338625;11383;T181;PSP_EXTRATLEITIMPL_030726_0121_20000000013702993509_000.jpg
3210284230;1339;L101;PSP_EXTRATLEITIMPL_030726_0121_20000000016453002568_000.jpg
3201369117;19892;L101;PSP_EXTRATLEITIMPL_030726_0121_20000000013252968968_000.jpg
5257208798;19876;NA;PSP_EXTRATLEITIMPL_030726_0121_20000000010652996023_000.jpg
3201078830;533579;NA;PSP_EXTRATLEITIMPL_030726_0121_20000000003703001597_000.jpg
3151456196;32209;NA;PSP_EXTRATLEITIMPL_030726_0121_20000000019502984831_000.jpg
3244289320/90583310;3645;T181;PSP_EXTRATLEITIMPL_030726_0121_20000000016653012531_000.jpg
3210005454;0;NA;PSP_EXTRATLEITIMPL_030726_0121_20000000013752979753_000.jpg
5257228748/90490648;3811;L101;PSP_EXTRATLEITIMPL_030726_0121_20000000017602986721_000.jpg
3151147622;25769;NA;PSP_EXTRATLEITIMPL_030726_0121_20000000004502992737_000.jpg
3204601304;19076;T181;PSP_EXTRATLEITIMPL_030726_0121_20000000012852997286_000.jpg
3204878691;9036;L101;PSP_EXTRATLEITIMPL_030726_0121_20000000003752994367_000.jpg
3200210882;9162;NA;PSP_EXTRATLEITIMPL_030726_0121_20000000006953006336_000.jpg
61662782;21410;L101;PSP_EXTRATLEITIMPL_030726_0121_20000000011552996415_000.jpg
6252139247/3120870016;23564;NA;PSP_EXTRATLEITIMPL_030726_0121_20000000002553001377_000.jpg
3172479935;4140;L101;PSP_EXTRATLEITIMPL_030726_0121_20000000017803020048_000.jpg
3233130159;10530;NA;PSP_EXTRATLEITIMPL_030726_0121_20000000004853032142_000.jpg
3160488980;24367;NA;PSP_EXTRATLEITIMPL_030726_0121_20000000009752985616_000.jpg
MC31388;70060;NA;PSP_EXTRATLEITIMPL_030726_0121_20000000010752989702_000.jpg
3194027183;102356;T181;PSP_EXTRATLEITIMPL_030726_0121_20000000010402993023_000.jpg
3222737124;17608;T181;PSP_EXTRATLEITIMPL_030726_0121_20000000000602996138_000.jpg
3223757838;394;L101;PSP_EXTRATLEITIMPL_030726_0121_20000000011102994189_000.jpg
3211142153;36578;T181;PSP_EXTRATLEITIMPL_030726_0121_20000000006602998584_000.jpg
3212587140;57400;T181;PSP_EXTRATLEITIMPL_030726_0121_20000000012302992605_000.jpg
3191698699;16997;NA;PSP_EXTRATLEITIMPL_030726_0121_20000000000552990385_000.jpg
3220351857;37352;T181;PSP_EXTRATLEITIMPL_030726_0121_20000000013652987704_000.jpg
3243499800/W27378;4734;L101;PSP_EXTRATLEITIMPL_030726_0121_20000000015903001431_000.jpg
3171476746;264501;NA;PSP_EXTRATLEITIMPL_030726_0121_20000000001002988469_000.jpg
3121846399;10406;NA;PSP_EXTRATLEITIMPL_030726_0121_20000000002303007507_000.jpg
71596052;8398;NA;PSP_EXTRATLEITIMPL_030726_0121_20000000001152999175_000.jpg
3243649896/3190529397;857;P111;PSP_EXTRATLEITIMPL_030726_0121_20000000004903009209_000.jpg
3180912648;98;NA;PSP_EXTRATLEITIMPL_030726_0121_20000000004703032158_000.jpg
3213606300;5613;NA;PSP_EXTRATLEITIMPL_030726_0121_20000000003553016153_000.jpg
3224178394;1289;NA;NA
70330881;41691;NA;PSP_EXTRATLEITIMPL_030726_0121_20000000014902981568_000.jpg
3211160640;32265;NA;PSP_EXTRATLEITIMPL_030726_0121_20000000006952994634_000.jpg
3181710623;268919;NA;NA
3244313751;2810;T181;PSP_EXTRATLEITIMPL_030726_0121_20000000002203009147_000.jpg
3193428702;85663;NA;PSP_EXTRATLEITIMPL_030726_0121_20000000000903005142_000.jpg
3190997056;36090;NA;PSP_EXTRATLEITIMPL_030726_0121_20000000010652997159_000.jpg
3241599352;2501;NA;PSP_EXTRATLEITIMPL_030726_0121_20000000015702981464_000.jpg
G57851;53851;NA;PSP_EXTRATLEITIMPL_030726_0121_20000000015452992371_000.jpg
158766B;65834;NA;PSP_EXTRATLEITIMPL_030726_0121_20000000008502986322_000.jpg
3191065327;258541;NA;PSP_EXTRATLEITIMPL_030726_0121_20000000010602992321_000.jpg
3212607389;142678;NA;PSP_EXTRATLEITIMPL_030726_0121_20000000013952990328_000.jpg
3203600797;58349;NA;PSP_EXTRATLEITIMPL_030726_0121_20000000017503008429_000.jpg
3225068541;37455;NA;PSP_EXTRATLEITIMPL_030726_0121_20000000015502992315_000.jpg
3011204272;59721;NA;PSP_EXTRATLEITIMPL_030726_0121_20000000016202976712_000.jpg
3161821119;16668;NA;PSP_EXTRATLEITIMPL_030726_0121_20000000004153012115_000.jpg
3232427433;1183;NA;PSP_EXTRATLEITIMPL_030726_0121_20000000000152984544_000.jpg
3150172410;141051;NA;PSP_EXTRATLEITIMPL_030726_0121_20000000006402981752_000.jpg
3193288269;157130;NA;PSP_EXTRATLEITIMPL_030726_0121_20000000019052986756_000.jpg
17022B;372648;NA;PSP_EXTRATLEITIMPL_030726_0121_20000000010452978708_000.jpg
3009024201;23141;NA;PSP_EXTRATLEITIMPL_030726_0121_00000000000211770854_000.jpg
3192172275;32921;NA;PSP_EXTRATLEITIMPL_030726_0121_20000000018003001767_000.jpg
83047275;59902;NA;PSP_EXTRATLEITIMPL_030726_0121_20000000011702988520_000.jpg
3211287836;60407;T181;PSP_EXTRATLEITIMPL_030726_0121_20000000005452989695_000.jpg
3221471660;28052;NA;PSP_EXTRATLEITIMPL_030726_0121_20000000007552989585_000.jpg
3221252143;2019;NA;PSP_EXTRATLEITIMPL_030726_0121_20000000010902987700_000.jpg
3242536192;5125;T181;PSP_EXTRATLEITIMPL_030726_0121_20000000008452980702_000.jpg
3172114457;37116;NA;PSP_EXTRATLEITIMPL_030726_0121_20000000011552984685_000.jpg
70330938;65993;NA;PSP_EXTRATLEITIMPL_030726_0121_20000000004203006648_000.jpg
3213461400;42532;NA;PSP_EXTRATLEITIMPL_030726_0121_20000000009952976582_000.jpg
3232898576;43691;NA;PSP_EXTRATLEITIMPL_030726_0121_20000000003902991580_000.jpg
H85391;18583;NA;PSP_EXTRATLEITIMPL_030726_0121_20000000018452995680_000.jpg
3190244031;1123;M141;PSP_EXTRATLEITIMPL_030726_0121_20000000005852985855_000.jpg
3193888703;15028;NA;PSP_EXTRATLEITIMPL_030726_0121_20000000018703006382_000.jpg
3192177200;115464;NA;PSP_EXTRATLEITIMPL_030726_0121_20000000005602982421_000.jpg
V43107;6;P111;PSP_EXTRATLEITIMPL_030726_0121_20000000012852979779_000.jpg
3172348857;31787;NA;NA
3220385972;4780;B131;PSP_EXTRATLEITIMPL_030726_0121_20000000003452986636_000.jpg
3242605046;19527;NA;PSP_EXTRATLEITIMPL_030726_0121_20000000013102986673_000.jpg
3241630772;8041;T181;PSP_EXTRATLEITIMPL_030726_0121_20000000016753010294_000.jpg
3245185072/3194025792;41628;P111;PSP_EXTRATLEITIMPL_030726_0121_20000000016153000014_000.jpg
MC10144;73;P111;PSP_EXTRATLEITIMPL_030726_0121_20000000013052998164_000.jpg
3180669093;496586;NA;NA
3223435369;143191;NA;NA
3222740877;38596;T181;PSP_EXTRATLEITIMPL_030726_0121_20000000010152974830_000.jpg
3212542368;22342;T181;PSP_EXTRATLEITIMPL_030726_0121_20000000018402986834_000.jpg
630012082;8407;NA;PSP_EXTRATLEITIMPL_030726_0121_20000000001653013210_000.jpg
3243263637;301354;NA;NA
3161542597;119496;L101;PSP_EXTRATLEITIMPL_030726_0121_20000000005353000710_000.jpg
3212887551;47084;NA;PSP_EXTRATLEITIMPL_030726_0121_20000000001052996476_000.jpg
3203600207;173250;NA;PSP_EXTRATLEITIMPL_030726_0121_20000000007102997504_000.jpg
3220268747;77564;T181;PSP_EXTRATLEITIMPL_030726_0121_20000000012702996425_000.jpg
3224398530;4645;NA;NA
3212804079;675;NA;PSP_EXTRATLEITIMPL_030726_0121_20000000015702998079_000.jpg
3243763982;7999;R111;PSP_EXTRATLEITIMPL_030726_0121_20000000018052997340_000.jpg
NF80399;215;P111;PSP_EXTRATLEITIMPL_030726_0121_20000000013152999386_000.jpg
3193455521;70071;NA;PSP_EXTRATLEITIMPL_030726_0121_20000000004353004784_000.jpg
3010038272;53176;NA;PSP_EXTRATLEITIMPL_030726_0121_20000000015702976715_000.jpg
3193388611;62580;NA;PSP_EXTRATLEITIMPL_030726_0121_20000000009602988822_000.jpg
3212726329;33986;T181;PSP_EXTRATLEITIMPL_030726_0121_20000000002003006787_000.jpg
3224922832;2765;NA;PSP_EXTRATLEITIMPL_030726_0121_20000000004102986753_000.jpg
3230088801;27119;NA;NA
3244589129;37;NA;PSP_EXTRATLEITIMPL_030726_0121_20000000011952988528_000.jpg
3222475553;18575;T181;PSP_EXTRATLEITIMPL_030726_0121_20000000016202986454_000.jpg
3245143795/81705810;9555;NA;PSP_EXTRATLEITIMPL_030726_0121_20000000004002992552_000.jpg
3220365637;15748;T181;PSP_EXTRATLEITIMPL_030726_0121_20000000016053006241_000.jpg
30744098;32258;NA;PSP_EXTRATLEITIMPL_030726_0121_20000000016703007800_000.jpg
3211140339;38332;T181;PSP_EXTRATLEITIMPL_030726_0121_20000000007853003511_000.jpg
5257995528/3220246824;2150;T181;PSP_EXTRATLEITIMPL_030726_0121_20000000003602990869_000.jpg
MG15876;52;P111;PSP_EXTRATLEITIMPL_030726_0121_20000000007452986755_000.jpg
3241173460/3214298901;13414;T181;PSP_EXTRATLEITIMPL_030726_0121_20000000003453009007_000.jpg
6251625113/3203395360;1818;NA;PSP_EXTRATLEITIMPL_030726_0121_20000000013502998263_000.jpg
3242338315;6730;T181;PSP_EXTRATLEITIMPL_030726_0121_20000000006202990577_000.jpg
630022061;2230;P111;PSP_EXTRATLEITIMPL_030726_0121_20000000003452986637_000.jpg
3190167932;2069;NA;PSP_EXTRATLEITIMPL_030726_0121_20000000015402978659_000.jpg
3214195614;53058;NA;PSP_EXTRATLEITIMPL_030726_0121_20000000003902985622_000.jpg
3161862320;50059;NA;PSP_EXTRATLEITIMPL_030726_0121_20000000000602999011_000.jpg
3220246476;83324;T181;PSP_EXTRATLEITIMPL_030726_0121_20000000008903001013_000.jpg
3245103092/3160366884;77201;T111;PSP_EXTRATLEITIMPL_030726_0121_20000000003752978782_000.jpg
3242511360;6775;T181;PSP_EXTRATLEITIMPL_030726_0121_20000000018002997829_000.jpg
3212583277;25453;T181;PSP_EXTRATLEITIMPL_030726_0121_20000000011452973951_000.jpg
3220278580;33978;T181;PSP_EXTRATLEITIMPL_030726_0121_20000000003703004487_000.jpg
3171760169;79536;NA;PSP_EXTRATLEITIMPL_030726_0121_20000000015552993014_000.jpg
3232900848;4076;L131;PSP_EXTRATLEITIMPL_030726_0121_20000000001453021011_000.jpg
3010099312;38825;NA;PSP_EXTRATLEITIMPL_030726_0121_20000000000602999012_000.jpg
3201856387;4046;T111;PSP_EXTRATLEITIMPL_030726_0121_20000000005253035161_000.jpg
3225141443;20600;NA;PSP_EXTRATLEITIMPL_030726_0121_20000000013853005138_000.jpg
N889695;66249;L101;PSP_EXTRATLEITIMPL_030726_0121_20000000015352995629_000.jpg
3241173339;9753;T181;PSP_EXTRATLEITIMPL_030726_0121_20000000003253027177_000.jpg
3152422856;192;P111;PSP_EXTRATLEITIMPL_030726_0121_20000000015903012162_000.jpg
3191279467;38625;NA;PSP_EXTRATLEITIMPL_030726_0121_20000000002352991676_000.jpg
3193942031;2667;NA;PSP_EXTRATLEITIMPL_030726_0121_20000000003202999750_000.jpg
3194028287;94838;T181;PSP_EXTRATLEITIMPL_030726_0121_20000000016352989570_000.jpg
3231120628;17743;T181;PSP_EXTRATLEITIMPL_030726_0121_20000000005653009012_000.jpg
44890B;37628;NA;PSP_EXTRATLEITIMPL_030726_0121_20000000014952976626_000.jpg
3181688822;427994;NA;NA
3212311897;103208;NA;NA
3230077362;77852;NA;NA
3160863640;40053;NA;PSP_EXTRATLEITIMPL_030726_0121_20000000010553005021_000.jpg
3242356089/3220230480;11220;T181;PSP_EXTRATLEITIMPL_030726_0121_20000000006452992793_000.jpg
3171416360;309491;NA;NA
3161420157;422740;NA;NA
3220229784;16544;T181;PSP_EXTRATLEITIMPL_030726_0121_20000000008302981986_000.jpg
3224718623;27363;NA;NA
3225641217;83;NA;PSP_EXTRATLEITIMPL_030726_0121_20000000004753017577_000.jpg
3223515990;3215;NA;PSP_EXTRATLEITIMPL_030726_0121_20000000007652992537_000.jpg
3172371182;16052;NA;PSP_EXTRATLEITIMPL_030726_0121_20000000009702971730_000.jpg
3192542684;214381;NA;NA
X79412;16904;T111;PSP_EXTRATLEITIMPL_030726_0121_20000000014052999487_000.jpg
3161422230;25229;NA;NA
3223435709;22091;NA;NA
62198524;116957;NA;NA
3230425433;0;P111;PSP_EXTRATLEITIMPL_030726_0121_20000000000003015339_000.jpg
104193B;73960;NA;PSP_EXTRATLEITIMPL_030726_0121_20000000014752979585_000.jpg
3171261600;191410;NA;PSP_EXTRATLEITIMPL_030726_0121_20000000002102990726_000.jpg
90803000;305;T111;PSP_EXTRATLEITIMPL_030726_0121_20000000018052993525_000.jpg
50091570;13179;T111;PSP_EXTRATLEITIMPL_030726_0121_20000000015203002368_000.jpg
3223595676;1774;NA;PSP_EXTRATLEITIMPL_030726_0121_20000000007752987882_000.jpg
3191448498;10290;NA;PSP_EXTRATLEITIMPL_030726_0121_20000000004002984733_000.jpg
3201251540;1793;NA;PSP_EXTRATLEITIMPL_030726_0121_20000000005253025525_000.jpg
3160915390;13149;NA;PSP_EXTRATLEITIMPL_030726_0121_20000000017753009508_000.jpg
3010233296;16584;NA;PSP_EXTRATLEITIMPL_030726_0121_20000000009752995531_000.jpg
3213579176;3540;NA;PSP_EXTRATLEITIMPL_030726_0121_20000000001853004557_000.jpg
3225181933;7358;NA;PSP_EXTRATLEITIMPL_030726_0121_20000000019403004540_000.jpg
3210180922;117;NA;PSP_EXTRATLEITIMPL_030726_0121_20000000017653012562_000.jpg
3242362003;35181;T181;PSP_EXTRATLEITIMPL_030726_0121_20000000012002986653_000.jpg
3183127402;9155;T111;PSP_EXTRATLEITIMPL_030726_0121_20000000007652984708_000.jpg
3242782789;296;NA;PSP_EXTRATLEITIMPL_030726_0121_20000000008652990828_000.jpg
3241949205;1203;NA;PSP_EXTRATLEITIMPL_030726_0121_20000000016802999897_000.jpg
T08886;4;P111;PSP_EXTRATLEITIMPL_030726_0121_20000000004653019166_000.jpg
3192747022;2053;NA;PSP_EXTRATLEITIMPL_030726_0121_20000000015353000479_000.jpg
40744142;129;P111;PSP_EXTRATLEITIMPL_030726_0121_20000000007652993541_000.jpg
3210911242;4480;T111;PSP_EXTRATLEITIMPL_030726_0121_20000000005403012534_000.jpg
3193043550;3708;NA;PSP_EXTRATLEITIMPL_030726_0121_20000000002553000495_000.jpg
50618579;18484;NA;PSP_EXTRATLEITIMPL_030726_0121_20000000004102998516_000.jpg
3120309845;4959;NA;PSP_EXTRATLEITIMPL_030726_0121_20000000008603002473_000.jpg
3242276344;36289;NA;NA
3011133819;89040;NA;NA
3233481474;0;NA;PSP_EXTRATLEITIMPL_030726_0121_20000000018553006465_000.jpg
3172769143;45302;NA;PSP_EXTRATLEITIMPL_030726_0121_20000000006003010158_000.jpg
3242536966;4648;T181;PSP_EXTRATLEITIMPL_030726_0121_20000000002403006104_000.jpg
6250630229/3171707420;6758;T181;PSP_EXTRATLEITIMPL_030726_0121_20000000002303016115_000.jpg
3211167318;25410;T181;PSP_EXTRATLEITIMPL_030726_0121_20000000003702997558_000.jpg
3190602361;1987;NA;PSP_EXTRATLEITIMPL_030726_0121_20000000018653010538_000.jpg
3221742647;10550;NA;PSP_EXTRATLEITIMPL_030726_0121_20000000016502973680_000.jpg
3010207021;86507;NA;PSP_EXTRATLEITIMPL_030726_0121_20000000002402985600_000.jpg
6250635280/3140873283;30700;NA;PSP_EXTRATLEITIMPL_030726_0121_20000000008353016153_000.jpg
K12406;33909;M121;PSP_EXTRATLEITIMPL_030726_0121_20000000009903006156_000.jpg
3242299263;7695;T181;PSP_EXTRATLEITIMPL_030726_0121_20000000006603010363_000.jpg
3212735310;57316;T181;PSP_EXTRATLEITIMPL_030726_0121_20000000008353004553_000.jpg
3132315409;208903;T111;PSP_EXTRATLEITIMPL_030726_0121_20000000015602996517_000.jpg
5256688290/3190338591;3221;T181;PSP_EXTRATLEITIMPL_030726_0121_20000000005153029153_000.jpg
3010166632;2;P111;PSP_EXTRATLEITIMPL_030726_0121_20000000000952995149_000.jpg
3154596118;5251;L101;PSP_EXTRATLEITIMPL_030726_0121_20000000008902996134_000.jpg
3225663296;7424;NA;PSP_EXTRATLEITIMPL_030726_0121_20000000003903008008_000.jpg
3212548161;29166;T181;PSP_EXTRATLEITIMPL_030726_0121_20000000013952971977_000.jpg
3231032311;89997;T181;PSP_EXTRATLEITIMPL_030726_0121_20000000015052969791_000.jpg
3200385364;27048;NA;PSP_EXTRATLEITIMPL_030726_0121_20000000007302977950_000.jpg
3231032249;37319;T181;PSP_EXTRATLEITIMPL_030726_0121_20000000019752995491_001.jpg
3245051815;1408;NA;PSP_EXTRATLEITIMPL_030726_0121_20000000002953010130_000.jpg
90512722;7975;NA;PSP_EXTRATLEITIMPL_030726_0121_20000000017102995602_000.jpg
3223559653;7404;NA;PSP_EXTRATLEITIMPL_030726_0121_20000000009753007012_000.jpg
3150165090;49584;NA;PSP_EXTRATLEITIMPL_030726_0121_20000000017453014010_000.jpg
3243274299;35;NA;PSP_EXTRATLEITIMPL_030726_0121_20000000003652995809_000.jpg
3204272440;33408;T181;PSP_EXTRATLEITIMPL_030726_0121_20000000018352991748_000.jpg
3150797283;58619;NA;PSP_EXTRATLEITIMPL_030726_0121_20000000019252992756_000.jpg
3224708059;10513;T181;PSP_EXTRATLEITIMPL_030726_0121_20000000018352996519_000.jpg
3154781535;52676;NA;PSP_EXTRATLEITIMPL_030726_0121_20000000009452998201_000.jpg
3160331614;71621;NA;PSP_EXTRATLEITIMPL_030726_0121_20000000012703002182_000.jpg
3241053651;9558;T181;PSP_EXTRATLEITIMPL_030726_0121_20000000008853005177_000.jpg
60737061;2403;B111;PSP_EXTRATLEITIMPL_030726_0121_20000000009652994504_000.jpg
40472711;21065;NA;PSP_EXTRATLEITIMPL_030726_0121_20000000018802996503_000.jpg
3011102352;7673;NA;PSP_EXTRATLEITIMPL_030726_0121_20000000019002996536_000.jpg
3180653430;52725;NA;PSP_EXTRATLEITIMPL_030726_0121_20000000005752991566_000.jpg
3244490203;2242;NA;PSP_EXTRATLEITIMPL_030726_0121_20000000017803013418_000.jpg
3171416670;329834;NA;NA
3241600750/3172348954;5785;NA;PSP_EXTRATLEITIMPL_030726_0121_20000000003203017196_000.jpg
3132754739;2656;NA;NA
82162038;91034;NA;NA
3153450985;45577;NA;PSP_EXTRATLEITIMPL_030726_0121_20000000012303000574_000.jpg
3231098320;17744;T181;PSP_EXTRATLEITIMPL_030726_0121_20000000019353013532_000.jpg
3160367058;48676;NA;PSP_EXTRATLEITIMPL_030726_0121_20000000012052992627_000.jpg
3182784361;23254;NA;NA
82747753;9296;M101;PSP_EXTRATLEITIMPL_030726_0121_20000000000302969906_000.jpg
90123750;92061;NA;PSP_EXTRATLEITIMPL_030726_0121_20000000003952996504_000.jpg
3181031211;52847;T181;PSP_EXTRATLEITIMPL_030726_0121_20000000016302998284_000.jpg
3225038170;78959;NA;PSP_EXTRATLEITIMPL_030726_0121_20000000017453004350_000.jpg
5256491577/3243194104/60755329;7525;T181;PSP_EXTRATLEITIMPL_030726_0121_20000000004353013426_000.jpg
3242290592;6133;T181;PSP_EXTRATLEITIMPL_030726_0121_20000000002003019305_000.jpg
5257531203/3160682646;817;T181;PSP_EXTRATLEITIMPL_030726_0121_20000000002903007398_000.jpg
3230079632;132858;NA;NA
91815796;65105;NA;PSP_EXTRATLEITIMPL_030726_0121_20000000000852999172_000.jpg
3224450043;28970;NA;PSP_EXTRATLEITIMPL_030726_0121_20000000015002993200_000.jpg
83099267;31804;NA;PSP_EXTRATLEITIMPL_030726_0121_20000000018453010155_000.jpg
83248580;26624;NA;PSP_EXTRATLEITIMPL_030726_0121_20000000013752974956_000.jpg
5256942927/3132270650;5007;T181;PSP_EXTRATLEITIMPL_030726_0121_20000000012752980646_000.jpg
83100605;22746;NA;PSP_EXTRATLEITIMPL_030726_0121_20000000003952989628_000.jpg
3225023734;57865;NA;PSP_EXTRATLEITIMPL_030726_0121_20000000012702992531_000.jpg
3172349918;201328;T181;PSP_EXTRATLEITIMPL_030726_0121_20000000001052984679_000.jpg
3171425971;30360;NA;PSP_EXTRATLEITIMPL_030726_0121_20000000013302986547_000.jpg
3244252329/3191993984;3915;T181;PSP_EXTRATLEITIMPL_030726_0121_20000000002902996730_000.jpg
3170619985;20274;NA;PSP_EXTRATLEITIMPL_030726_0121_20000000013602983548_000.jpg
3243672049;4833;NA;PSP_EXTRATLEITIMPL_030726_0121_20000000017153024181_000.jpg
3230965470;15337;T181;PSP_EXTRATLEITIMPL_030726_0121_20000000019002981841_000.jpg
3193820769;1648;NA;PSP_EXTRATLEITIMPL_030726_0121_20000000011002991622_000.jpg
3132284198;382364;NA;PSP_EXTRATLEITIMPL_030726_0121_20000000013102982961_000.jpg
83612363;129;P111;PSP_EXTRATLEITIMPL_030726_0121_20000000014552976997_000.jpg
3183106430;1180;L101;PSP_EXTRATLEITIMPL_030726_0121_20000000016603026079_000.jpg
3223300714;43418;T181;PSP_EXTRATLEITIMPL_030726_0121_20000000019103001559_000.jpg
3172348911;489631;NA;NA
3211283750;28496;T181;PSP_EXTRATLEITIMPL_030726_0121_20000000003653019171_000.jpg
83689820;14825;NA;PSP_EXTRATLEITIMPL_030726_0121_20000000003302994955_000.jpg
3172619150;2161;NA;PSP_EXTRATLEITIMPL_030726_0121_20000000016703005863_000.jpg
3192813564;1538;NA;PSP_EXTRATLEITIMPL_030726_0121_20000000008252976778_000.jpg
3203755804;114784;NA;NA
3221627767;8928;NA;PSP_EXTRATLEITIMPL_030726_0121_20000000018953010169_000.jpg
3161866295;243372;NA;PSP_EXTRATLEITIMPL_030726_0121_20000000017553022199_000.jpg
3212308411;90305;NA;NA
3192018551;11462;NA;PSP_EXTRATLEITIMPL_030726_0121_20000000003653013371_000.jpg
3201756234;38316;NA;PSP_EXTRATLEITIMPL_030726_0121_20000000001803007771_000.jpg
40575766;27833;NA;NA
83051450;29332;NA;PSP_EXTRATLEITIMPL_030726_0121_20000000012452973721_000.jpg
3192974029;4930;NA;PSP_EXTRATLEITIMPL_030726_0121_20000000008103009380_000.jpg
83615354;5866;NA;PSP_EXTRATLEITIMPL_030726_0121_20000000010752999526_000.jpg
3191634399;17849;NA;PSP_EXTRATLEITIMPL_030726_0121_20000000013302980761_000.jpg
3161193037;14515;NA;PSP_EXTRATLEITIMPL_030726_0121_20000000003552995794_000.jpg
3132460859;8641;NA;PSP_EXTRATLEITIMPL_030726_0121_20000000018452988750_000.jpg
3180653421;370166;NA;NA
3200512382;3801;NA;PSP_EXTRATLEITIMPL_030726_0121_20000000000202991048_000.jpg
3200413813;3022;T111;PSP_EXTRATLEITIMPL_030726_0121_20000000003103010553_000.jpg
3172573974;2740;NA;NA
3220905615;260;P111;PSP_EXTRATLEITIMPL_030726_0121_20000000014902997267_000.jpg
3181684967;346480;NA;NA
3223839150;32567;T181;PSP_EXTRATLEITIMPL_030726_0121_20000000013752996141_000.jpg
82221077;47883;NA;PSP_EXTRATLEITIMPL_030726_0121_20000000015153000521_000.jpg
3214284897;194008;NA;NA
3171419912;121907;NA;NA
3210233015;12988;NA;PSP_EXTRATLEITIMPL_030726_0121_20000000016803021135_000.jpg
3222770369;8928;T181;PSP_EXTRATLEITIMPL_030726_0121_20000000008202985714_000.jpg
83454954;29819;NA;PSP_EXTRATLEITIMPL_030726_0121_20000000011952997203_000.jpg
3170646664;9887;NA;PSP_EXTRATLEITIMPL_030726_0121_20000000019153013162_000.jpg
3202025314;9;P111;PSP_EXTRATLEITIMPL_030726_0121_20000000012003004014_000.jpg
3193213412;85061;T181;PSP_EXTRATLEITIMPL_030726_0121_20000000010452997028_000.jpg
91406373;1610;T111;PSP_EXTRATLEITIMPL_030726_0121_20000000005153005887_000.jpg
3154502130;12296;T181;PSP_EXTRATLEITIMPL_030726_0121_20000000012503008220_000.jpg
90739808;27857;NA;PSP_EXTRATLEITIMPL_030726_0121_20000000004853028464_000.jpg
3201060477;1747;T111;PSP_EXTRATLEITIMPL_030726_0121_20000000018303005339_000.jpg
3230785847;3324;L131;NA
3223861600;5452;T111;PSP_EXTRATLEITIMPL_030726_0121_20000000016953019173_000.jpg
91615843;68973;NA;PSP_EXTRATLEITIMPL_030726_0121_20000000007552980953_000.jpg
91576201;6286;T111;PSP_EXTRATLEITIMPL_030726_0121_20000000012602985757_000.jpg
3223840239;65940;NA;NA
3210546528;744;NA;PSP_EXTRATLEITIMPL_030726_0121_20000000002852995613_000.jpg
90763369;33239;NA;PSP_EXTRATLEITIMPL_030726_0121_20000000000502996014_000.jpg
90768867;1327;NA;PSP_EXTRATLEITIMPL_030726_0121_20000000019553002762_000.jpg
3141807292;6853;NA;PSP_EXTRATLEITIMPL_030726_0121_20000000000602994198_000.jpg
3180660312;226113;NA;NA
6250954717/3211870868;487;NA;PSP_EXTRATLEITIMPL_030726_0121_20000000003403011123_000.jpg
3245305949/3223843963;16065;NA;NA
3151468950;24335;NA;PSP_EXTRATLEITIMPL_030726_0121_20000000013602978779_000.jpg
3244312003;6544;T181;PSP_EXTRATLEITIMPL_030726_0121_20000000008453000008_000.jpg
3132439396;98165;NA;PSP_EXTRATLEITIMPL_030726_0121_20000000013602993391_000.jpg
3120816895;53;B111;PSP_EXTRATLEITIMPL_030726_0121_20000000014152994165_000.jpg
3181946350;30690;NA;PSP_EXTRATLEITIMPL_030726_0121_20000000007402987666_000.jpg
3009022782;85792;NA;PSP_EXTRATLEITIMPL_030726_0121_20000000007502981996_000.jpg
91863847;8195;NA;PSP_EXTRATLEITIMPL_030726_0121_20000000015852987571_000.jpg
3241579815;25913;NA;NA
6252110826/3191249606;446;NA;PSP_EXTRATLEITIMPL_030726_0121_20000000001352997752_000.jpg
3161510059;810465;NA;PSP_EXTRATLEITIMPL_030726_0121_20000000001603019015_000.jpg
3152189558;26858;NA;NA
3152191269;11759;NA;NA
3010005694;24440;L101;PSP_EXTRATLEITIMPL_030726_0121_20000000012652999338_000.jpg
3010055827;54143;NA;PSP_EXTRATLEITIMPL_030726_0121_20000000007552993560_000.jpg
3244195694/3170120379;10376;T181;PSP_EXTRATLEITIMPL_030726_0121_20000000010952998164_000.jpg
3010006208;4;P111;PSP_EXTRATLEITIMPL_030726_0121_20000000002853011131_000.jpg
3010008577;16906;T111;PSP_EXTRATLEITIMPL_030726_0121_20000000000803001017_000.jpg
3212586071;46134;T181;PSP_EXTRATLEITIMPL_030726_0121_20000000001503004321_000.jpg
3203890302;8997;NA;NA
3172770540/5256934797/3172770540/3212317127;17470;NA;NA
3161534071;50010;NA;PSP_EXTRATLEITIMPL_030726_0121_20000000013452982978_000.jpg
3183695133;7420;NA;NA
3010037326;28726;L101;PSP_EXTRATLEITIMPL_030726_0121_20000000006503005638_000.jpg
91776146;16104;NA;PSP_EXTRATLEITIMPL_030726_0121_20000000010652989423_000.jpg
3231563198;17;P111;PSP_EXTRATLEITIMPL_030726_0121_20000000007253008453_000.jpg
3201998882;32749;NA;PSP_EXTRATLEITIMPL_030726_0121_20000000001653005530_000.jpg
3231870341;7258;NA;PSP_EXTRATLEITIMPL_030726_0121_20000000007102984743_000.jpg
91637197;34985;NA;PSP_EXTRATLEITIMPL_030726_0121_20000000003153009584_000.jpg
3212398151;128905;NA;NA
90107224;4570;T111;PSP_EXTRATLEITIMPL_030726_0121_20000000000353009189_000.jpg
90107160;0;P111;PSP_EXTRATLEITIMPL_030726_0121_20000000014252974703_000.jpg
3212311137;455271;NA;NA
3010070731;52522;NA;PSP_EXTRATLEITIMPL_030726_0121_20000000011402990625_000.jpg
3161870616;347823;NA;NA
3231739750;26390;T181;PSP_EXTRATLEITIMPL_030726_0121_20000000010952997181_000.jpg
3241055069;660;T181;PSP_EXTRATLEITIMPL_030726_0121_20000000015802990012_000.jpg
6252178706/3010130442;99999;NA;PSP_EXTRATLEITIMPL_030726_0121_20000000017753004657_000.jpg
3203911032;120571;L131;PSP_EXTRATLEITIMPL_030726_0121_20000000015603008142_000.jpg
3241544540;8298;T181;PSP_EXTRATLEITIMPL_030726_0121_20000000000852992402_000.jpg
3191352342;7478;NA;PSP_EXTRATLEITIMPL_030726_0121_20000000015602998552_000.jpg
3245110684/91644428;18471;NA;PSP_EXTRATLEITIMPL_030726_0121_20000000000102978749_000.jpg
3242516060;48978;T181;PSP_EXTRATLEITIMPL_030726_0121_20000000003253025203_000.jpg
3152878639;61585;NA;PSP_EXTRATLEITIMPL_030726_0121_20000000016102967708_000.jpg
3241579661;19924;NA;NA
3010098156;80641;NA;PSP_EXTRATLEITIMPL_030726_0121_20000000011552996420_000.jpg
3190502197;28890;NA;PSP_EXTRATLEITIMPL_030726_0121_20000000012402976779_000.jpg
3243263661;16508;NA;NA
3212312010;145667;NA;NA
3244231143;4350;T181;PSP_EXTRATLEITIMPL_030726_0121_20000000005553000349_000.jpg
3204280290;18423;T181;PSP_EXTRATLEITIMPL_030726_0121_20000000002352987729_000.jpg
3010192875;47516;NA;PSP_EXTRATLEITIMPL_030726_0121_20000000004502986931_000.jpg
3223332527;62743;R111;PSP_EXTRATLEITIMPL_030726_0121_20000000001252989637_000.jpg
3171560461;4247;NA;PSP_EXTRATLEITIMPL_030726_0121_20000000019302992822_000.jpg
3010192731;87600;T111;PSP_EXTRATLEITIMPL_030726_0121_20000000015902990697_000.jpg
6252211380/3010067656;99999;NA;PSP_EXTRATLEITIMPL_030726_0121_20000000008653009155_000.jpg
3010157996;13962;NA;PSP_EXTRATLEITIMPL_030726_0121_20000000016703002996_000.jpg
3171697190;100152;NA;NA
3171697211;143138;NA;NA
3231369804;24;M141;NA
3010101292;73928;NA;PSP_EXTRATLEITIMPL_030726_0121_20000000004502993711_000.jpg
3010156573;16892;NA;PSP_EXTRATLEITIMPL_030726_0121_20000000011302979762_000.jpg
3010158630;76669;NA;PSP_EXTRATLEITIMPL_030726_0121_20000000007502997512_000.jpg
3010082273;84705;NA;PSP_EXTRATLEITIMPL_030726_0121_20000000012752992337_000.jpg
3223409520;15132;T181;NA
3220075264;29105;T181;PSP_EXTRATLEITIMPL_030726_0121_20000000019953015130_000.jpg
3212308578;349433;NA;NA
3010155250;3574;P111;NA
3010075385;14713;L101;PSP_EXTRATLEITIMPL_030726_0121_20000000011202998343_000.jpg
3181035993;20822;NA;PSP_EXTRATLEITIMPL_030726_0121_20000000006853016498_000.jpg
3010099644;25503;NA;PSP_EXTRATLEITIMPL_030726_0121_20000000012752984550_000.jpg
3220164160;3447;NA;NA
3242818023;3387;NA;PSP_EXTRATLEITIMPL_030726_0121_20000000011952985575_000.jpg
3212566330;24373;T181;PSP_EXTRATLEITIMPL_030726_0121_20000000004203020193_000.jpg
3211549024;99663;NA;NA
3201566613;81939;NA;NA
3194015711;42970;T181;PSP_EXTRATLEITIMPL_030726_0121_20000000009552991373_000.jpg
3223384527;14741;T181;PSP_EXTRATLEITIMPL_030726_0121_20000000017553022201_000.jpg
3223838641;80617;NA;NA
3140270309;10948;NA;NA
3220561444;430;P111;PSP_EXTRATLEITIMPL_030726_0121_20000000011152984653_000.jpg
3010214868;12492;NA;PSP_EXTRATLEITIMPL_030726_0121_20000000011552998307_000.jpg
3242597906;7634;T181;PSP_EXTRATLEITIMPL_030726_0121_20000000009153004234_000.jpg
3222366800;1192;NA;PSP_EXTRATLEITIMPL_030726_0121_20000000014752999022_000.jpg
3244665186/3011019600;2074;NA;NA
3180669034;129881;NA;NA
3011018958;14517;NA;PSP_EXTRATLEITIMPL_030726_0121_20000000009152993572_000.jpg
3190415413;8628;NA;PSP_EXTRATLEITIMPL_030726_0121_20000000010053003560_001.jpg
6250631241/3220402850;38438;NA;PSP_EXTRATLEITIMPL_030726_0121_20000000012303010172_000.jpg
3172959457;2700;NA;NA
3230007780;15846;T181;PSP_EXTRATLEITIMPL_030726_0121_20000000018753010179_000.jpg
3191361724;66333;L131;PSP_EXTRATLEITIMPL_030726_0121_20000000011752997245_000.jpg
3171783576;146920;NA;PSP_EXTRATLEITIMPL_030726_0121_20000000007952996535_000.jpg
3244108562;1993;NA;PSP_EXTRATLEITIMPL_030726_0121_20000000009552990490_000.jpg
3241607819;305567;NA;NA
3214284820;106687;NA;NA
3010224707;21377;NA;PSP_EXTRATLEITIMPL_030726_0121_20000000016152988556_000.jpg
3010252313;58193;NA;PSP_EXTRATLEITIMPL_030726_0121_20000000000403000535_000.jpg
3011017434;10036;T111;PSP_EXTRATLEITIMPL_030726_0121_20000000016502992235_000.jpg
3150164280;862;NA;PSP_EXTRATLEITIMPL_030726_0121_20000000013052972995_001.jpg
5257503870/3011012136;222;NA;PSP_EXTRATLEITIMPL_030726_0121_20000000006353015022_000.jpg
3203901894;33287;T181;PSP_EXTRATLEITIMPL_030726_0121_20000000018103011324_000.jpg
3212719560;40912;T181;PSP_EXTRATLEITIMPL_030726_0121_20000000000353003382_000.jpg
3203905466;46171;T181;PSP_EXTRATLEITIMPL_030726_0121_20000000006702993681_000.jpg
3220240028;158922;T181;PSP_EXTRATLEITIMPL_030726_0121_20000000010752985830_000.jpg
3223432904;135907;NA;NA
3161427097;67797;NA;NA
3220634077;8318;NA;PSP_EXTRATLEITIMPL_030726_0121_20000000013853010002_000.jpg
3225320224;21911;NA;NA
3011181405;95078;NA;PSP_EXTRATLEITIMPL_030726_0121_20000000019003005164_000.jpg
3011166337;2130;T111;PSP_EXTRATLEITIMPL_030726_0121_20000000008052998253_000.jpg
3231044751;28160;T181;PSP_EXTRATLEITIMPL_030726_0121_00000000000211772822_000.jpg
T21027;0;P111;PSP_EXTRATLEITIMPL_030726_0121_20000000016202980628_000.jpg
3011022308;6852;L101;PSP_EXTRATLEITIMPL_030726_0121_20000000006503001649_000.jpg
3210947654;1714;P111;PSP_EXTRATLEITIMPL_030726_0121_20000000017803025011_000.jpg
3204608830;18197;T181;PSP_EXTRATLEITIMPL_030726_0121_20000000015402988375_000.jpg
3223136400;5450;NA;PSP_EXTRATLEITIMPL_030726_0121_20000000002253019002_000.jpg
3131634721;34559;NA;PSP_EXTRATLEITIMPL_030726_0121_20000000004203020194_000.jpg
3223435695;157417;NA;NA
3010145034;315837;NA;PSP_EXTRATLEITIMPL_030726_0121_20000000014902995396_000.jpg
3011101125;6252;NA;PSP_EXTRATLEITIMPL_030726_0121_20000000008952978509_000.jpg
3233332703;0;P111;PSP_EXTRATLEITIMPL_030726_0121_20000000006853002677_000.jpg
3011104289;15355;NA;PSP_EXTRATLEITIMPL_030726_0121_20000000001453017209_000.jpg
3214298227;118152;T181;PSP_EXTRATLEITIMPL_030726_0121_20000000002902993870_000.jpg
3141380957;60423;NA;PSP_EXTRATLEITIMPL_030726_0121_20000000000052990545_000.jpg
3011198743;65367;NA;PSP_EXTRATLEITIMPL_030726_0121_20000000014053005235_000.jpg
3212429669;31174;NA;PSP_EXTRATLEITIMPL_030726_0121_20000000000502989355_000.jpg
3152149483;1275;NA;PSP_EXTRATLEITIMPL_030726_0121_20000000005353014283_000.jpg
3011092294;18260;NA;PSP_EXTRATLEITIMPL_030726_0121_20000000000502987344_000.jpg
3244681017;486;NA;PSP_EXTRATLEITIMPL_030726_0121_20000000008603004298_000.jpg
3011091407;131;P111;PSP_EXTRATLEITIMPL_030726_0121_20000000011403004385_000.jpg
3011074224;29162;NA;PSP_EXTRATLEITIMPL_030726_0121_20000000017602995545_000.jpg
3214283939;138523;NA;NA
3230968330;7802;T181;PSP_EXTRATLEITIMPL_030726_0121_20000000003703006411_000.jpg
3244114791;3185;NA;PSP_EXTRATLEITIMPL_030726_0121_20000000015502985573_000.jpg
3181776985;14505;NA;PSP_EXTRATLEITIMPL_030726_0121_20000000006902987599_000.jpg
3181688164;141982;NA;NA
3242442384;36859;NA;PSP_EXTRATLEITIMPL_030726_0121_20000000004253024069_000.jpg
3192158302;196040;NA;PSP_EXTRATLEITIMPL_030726_0121_20000000004503014012_000.jpg
3180653405;160440;NA;NA
3182536970;14142;NA;PSP_EXTRATLEITIMPL_030726_0121_20000000019602992593_000.jpg
3181700237;66894;NA;NA
3011162898;24298;NA;NA
3211630662;1703;NA;NA
3010270731;91579;NA;PSP_EXTRATLEITIMPL_030726_0121_20000000002003000819_000.jpg
3201567458;276567;NA;NA
3011177581;98546;NA;PSP_EXTRATLEITIMPL_030726_0121_20000000012352968924_000.jpg
3161870470;13007;NA;NA
3242352199;7023;T181;PSP_EXTRATLEITIMPL_030726_0121_20000000019202995667_000.jpg
3242588567;891;T181;PSP_EXTRATLEITIMPL_030726_0121_20000000010252975689_000.jpg
3180677690;97009;NA;NA
3011131487;23421;NA;PSP_EXTRATLEITIMPL_030726_0121_20000000013902997478_000.jpg
3212729573;32572;T181;PSP_EXTRATLEITIMPL_030726_0121_20000000010353000341_000.jpg
3170160796;482;NA;PSP_EXTRATLEITIMPL_030726_0121_20000000019553005711_000.jpg
3181690606;285763;NA;NA
3212705836;13992;T181;PSP_EXTRATLEITIMPL_030726_0121_20000000006953009285_000.jpg
3011160630;61791;T111;PSP_EXTRATLEITIMPL_030726_0121_20000000016002998011_000.jpg
3171707373;26164;L131;PSP_EXTRATLEITIMPL_030726_0121_20000000011102997013_000.jpg
3011166258;63998;NA;PSP_EXTRATLEITIMPL_030726_0121_20000000018102998692_000.jpg
3214283009;70412;NA;NA
6250972855/3120088890;159;NA;PSP_EXTRATLEITIMPL_030726_0121_20000000014852970994_000.jpg
3011201506;66022;NA;PSP_EXTRATLEITIMPL_030726_0121_20000000016902997959_000.jpg
3243799863;7387;T181;PSP_EXTRATLEITIMPL_030726_0121_20000000009302982734_000.jpg
3011036545;46577;NA;PSP_EXTRATLEITIMPL_030726_0121_20000000002702989824_000.jpg
3120103864;74518;NA;PSP_EXTRATLEITIMPL_030726_0121_20000000019752984797_000.jpg
3224271092;450;P111;PSP_EXTRATLEITIMPL_030726_0121_20000000002903013258_000.jpg
6250887254/3010226227;512;NA;NA
3161542562;83077;T181;PSP_EXTRATLEITIMPL_030726_0121_20000000012652992557_000.jpg
3212311765;908376;NA;NA
3011213298;15941;NA;PSP_EXTRATLEITIMPL_030726_0121_20000000009353002388_000.jpg
3192165279;5720;NA;PSP_EXTRATLEITIMPL_030726_0121_20000000016102989187_000.jpg
3172959244;16695;NA;NA
5256888639/5256975256/5256888639/3231071252;121380;NA;NA
3203902440;52777;T181;PSP_EXTRATLEITIMPL_030726_0121_20000000008703003501_000.jpg
3011214993;22731;NA;PSP_EXTRATLEITIMPL_030726_0121_20000000018402996561_000.jpg
3212698082;21170;T181;PSP_EXTRATLEITIMPL_030726_0121_20000000010652976709_000.jpg
3182656290;4823;NA;NA
3242526774;8827;T181;PSP_EXTRATLEITIMPL_030726_0121_20000000001553017004_000.jpg
3011145540;106;P111;PSP_EXTRATLEITIMPL_030726_0121_20000000001803003999_000.jpg
3152184262;8275;NA;NA
3214195312;18341;NA;PSP_EXTRATLEITIMPL_030726_0121_20000000006753002442_000.jpg
3220320668;21955;T181;PSP_EXTRATLEITIMPL_030726_0121_20000000006303017018_000.jpg
3203639685;7190;NA;PSP_EXTRATLEITIMPL_030726_0121_20000000005203010695_000.jpg
3180669344;258061;NA;NA
3120595554;26;P111;PSP_EXTRATLEITIMPL_030726_0121_20000000014102980536_000.jpg
3011145879;14106;NA;NA
3011143310;8141;NA;PSP_EXTRATLEITIMPL_030726_0121_20000000007003006489_000.jpg
3180671942;10046;NA;PSP_EXTRATLEITIMPL_030726_0121_20000000014202979604_000.jpg
3011143578;64683;NA;PSP_EXTRATLEITIMPL_030726_0121_20000000001503006172_000.jpg
3171480964;89324;NA;PSP_EXTRATLEITIMPL_030726_0121_20000000005452996495_000.jpg
3212733317;57806;T181;PSP_EXTRATLEITIMPL_030726_0121_20000000009952992151_000.jpg
3200422960;19501;NA;PSP_EXTRATLEITIMPL_030726_0121_20000000008452992350_000.jpg
3120152520;16010;NA;PSP_EXTRATLEITIMPL_030726_0121_20000000012252996419_000.jpg
3011171790;10491;NA;PSP_EXTRATLEITIMPL_030726_0121_20000000019852988718_000.jpg
3232931670;13561;NA;PSP_EXTRATLEITIMPL_030726_0121_20000000015252997564_000.jpg
3011150701;99999;P111;PSP_EXTRATLEITIMPL_030726_0121_20000000008602988744_000.jpg
3160888651;6707;T111;PSP_EXTRATLEITIMPL_030726_0121_20000000017802999653_000.jpg
3180660398;336627;NA;PSP_EXTRATLEITIMPL_030726_0121_20000000005903005349_000.jpg
3011210885;16118;T111;PSP_EXTRATLEITIMPL_030726_0121_20000000002352987731_000.jpg
3121402180;17986;NA;PSP_EXTRATLEITIMPL_030726_0121_20000000007403006160_000.jpg
3011188219;44;P111;NA
3153151066;28426;NA;PSP_EXTRATLEITIMPL_030726_0121_20000000005853004332_000.jpg
5257274189/3225207320;677;R111;PSP_EXTRATLEITIMPL_030726_0121_20000000006802996654_000.jpg
3011213780;5429;NA;PSP_EXTRATLEITIMPL_030726_0121_20000000009452999157_000.jpg
3130255743;23107;NA;PSP_EXTRATLEITIMPL_030726_0121_20000000013453007131_000.jpg
3120217398;873;P111;PSP_EXTRATLEITIMPL_030726_0121_20000000009502994546_000.jpg
3121043539;18554;NA;PSP_EXTRATLEITIMPL_030726_0121_20000000014752979589_000.jpg
3171371375;250747;NA;NA
3121153377;946;P111;PSP_EXTRATLEITIMPL_030726_0121_20000000004703014758_000.jpg
3192542579;220748;NA;NA
3121176660;164;R111;PSP_EXTRATLEITIMPL_030726_0121_20000000013903008012_000.jpg
3203878060;4773;NA;NA
3201568772;201828;NA;NA
3223359336;40441;T181;PSP_EXTRATLEITIMPL_030726_0121_20000000019702993539_000.jpg
3161420408;213304;NA;NA
6252102726/3011185934;0;NA;PSP_EXTRATLEITIMPL_030726_0121_20000000001002989311_000.jpg
3225020638;28983;NA;PSP_EXTRATLEITIMPL_030726_0121_20000000012552988565_000.jpg
5257905090/3212866694;99999;NA;PSP_EXTRATLEITIMPL_030726_0121_20000000013602999193_000.jpg
3224907914;20143;NA;PSP_EXTRATLEITIMPL_030726_0121_20000000008452995110_000.jpg
3011106051;29442;NA;PSP_EXTRATLEITIMPL_030726_0121_20000000017102989875_000.jpg
3242541447;6190;T181;PSP_EXTRATLEITIMPL_030726_0121_20000000016853012503_000.jpg
3191107224;78335;NA;PSP_EXTRATLEITIMPL_030726_0121_20000000003153012413_000.jpg
3242278193;7165;NA;NA
3181690401;372463;NA;NA
5256886512/5256233950/5256886512/5256216380/3180656943;5447;NA;NA
3211168268;47625;T181;PSP_EXTRATLEITIMPL_030726_0121_20000000001203006157_000.jpg
3190372285;50574;NA;PSP_EXTRATLEITIMPL_030726_0121_20000000007253007439_000.jpg
3121316837;16070;NA;PSP_EXTRATLEITIMPL_030726_0121_20000000006352987931_000.jpg
3121217413;18775;NA;PSP_EXTRATLEITIMPL_030726_0121_20000000019403010334_000.jpg
3121246634;381;B111;PSP_EXTRATLEITIMPL_030726_0121_20000000016352993533_000.jpg
3220264237;634;T181;PSP_EXTRATLEITIMPL_030726_0121_20000000013452980945_000.jpg
3171368447;111476;NA;NA
3171834936;46083;NA;PSP_EXTRATLEITIMPL_030726_0121_20000000015752990322_000.jpg
6251294052/3120860797;0;NA;NA
3011034781;869444;NA;NA
3161536295;117546;NA;PSP_EXTRATLEITIMPL_030726_0121_20000000003702989806_000.jpg
3121229616;369;P111;PSP_EXTRATLEITIMPL_030726_0121_20000000000302990358_000.jpg
6252014797/3121229551;99999;NA;PSP_EXTRATLEITIMPL_030726_0121_20000000019403010335_000.jpg
3121877960;3329;NA;PSP_EXTRATLEITIMPL_030726_0121_20000000012702991535_000.jpg
3211498012;101990;NA;NA
5257996885/3150462850;6861;NA;PSP_EXTRATLEITIMPL_030726_0121_20000000010952981626_000.jpg
3161435723;1780;L101;PSP_EXTRATLEITIMPL_030726_0121_20000000008152984750_000.jpg
3214300388;63076;NA;NA
3160804245;28966;T111;PSP_EXTRATLEITIMPL_030726_0121_20000000000003014301_000.jpg
3242605569;8632;T181;PSP_EXTRATLEITIMPL_030726_0121_20000000018003020052_000.jpg
3223431592;266373;NA;NA
3120695583;5038;NA;PSP_EXTRATLEITIMPL_030726_0121_20000000018052992469_000.jpg
3161491704;48979;NA;PSP_EXTRATLEITIMPL_030726_0121_20000000002852999582_000.jpg
3200447068;46174;T181;PSP_EXTRATLEITIMPL_030726_0121_20000000018402999567_000.jpg
3203453719;2894;NA;PSP_EXTRATLEITIMPL_030726_0121_20000000005602969735_000.jpg
3211557159;5412;NA;PSP_EXTRATLEITIMPL_030726_0121_20000000016302975995_000.jpg
3245313496/3161420564;21361;NA;NA
3221959182;18527;NA;PSP_EXTRATLEITIMPL_030726_0121_20000000014402989387_000.jpg
3121907134;2265;NA;PSP_EXTRATLEITIMPL_030726_0121_20000000018052985694_000.jpg
3121897180;69;P111;PSP_EXTRATLEITIMPL_030726_0121_20000000009252992511_000.jpg
3212574537;41752;T181;PSP_EXTRATLEITIMPL_030726_0121_20000000006853014523_000.jpg
6251190311/3211525826;271;NA;NA
3223792820;80;P111;NA
3181694628;137190;NA;NA
3193278832;412636;NA;PSP_EXTRATLEITIMPL_030726_0121_20000000013403008468_000.jpg
3220232017;31179;T181;PSP_EXTRATLEITIMPL_030726_0121_20000000010252987233_000.jpg
3230584043;29313;NA;PSP_EXTRATLEITIMPL_030726_0121_20000000004953024521_000.jpg
3212398461;201577;NA;NA
3180788505;4385;NA;PSP_EXTRATLEITIMPL_030726_0121_20000000010402970753_000.jpg
3180660746;734536;NA;NA
3121997010;0;NA;PSP_EXTRATLEITIMPL_030726_0121_20000000001002977644_000.jpg
3214284579;122897;NA;NA
3212310025;235228;NA;NA
3171267225;112692;NA;NA
3212311684;65349;NA;NA
3130057208;9739;NA;PSP_EXTRATLEITIMPL_030726_0121_20000000008752994213_000.jpg
3180500242;46976;T181;PSP_EXTRATLEITIMPL_030726_0121_20000000002453024011_000.jpg
3230127580;9453;NA;PSP_EXTRATLEITIMPL_030726_0121_20000000015203000432_000.jpg
3130398471;18559;NA;PSP_EXTRATLEITIMPL_030726_0121_20000000010802982661_000.jpg
3130491412;7601;T111;PSP_EXTRATLEITIMPL_030726_0121_20000000013952990331_000.jpg
3222726157;45195;T181;PSP_EXTRATLEITIMPL_030726_0121_20000000008052981656_000.jpg
3211177305;3800;T181;PSP_EXTRATLEITIMPL_030726_0121_20000000017653013519_000.jpg
3132250358;154048;NA;PSP_EXTRATLEITIMPL_030726_0121_20000000012352988440_000.jpg
3220202843;1763;NA;NA
3223902137;9256;NA;PSP_EXTRATLEITIMPL_030726_0121_20000000001402988978_000.jpg
3192209519;556201;T181;PSP_EXTRATLEITIMPL_030726_0121_20000000016202995200_000.jpg
3011212981;31063;NA;PSP_EXTRATLEITIMPL_030726_0121_20000000010203001300_000.jpg
3171564319;7706;NA;PSP_EXTRATLEITIMPL_030726_0121_20000000019452991780_000.jpg
3211159919;40621;T181;PSP_EXTRATLEITIMPL_030726_0121_20000000005103029175_000.jpg
3161475520;147376;NA;PSP_EXTRATLEITIMPL_030726_0121_20000000014202991167_000.jpg
3161429014;339571;NA;NA
3180478050;67021;NA;PSP_EXTRATLEITIMPL_030726_0121_20000000010703010149_000.jpg
3171774631;35249;NA;PSP_EXTRATLEITIMPL_030726_0121_20000000011403008225_000.jpg
3225128161;74399;NA;NA
3131817508;48889;NA;PSP_EXTRATLEITIMPL_030726_0121_20000000017403015473_000.jpg
3244049183;2181;NA;PSP_EXTRATLEITIMPL_030726_0121_20000000008153006014_000.jpg
3131163427;12499;NA;NA
3131052595;25203;NA;PSP_EXTRATLEITIMPL_030726_0121_20000000012752972863_000.jpg
3154744290;16587;NA;PSP_EXTRATLEITIMPL_030726_0121_20000000009002984859_000.jpg
5257486518/3202013162;26612;NA;NA
3131163532;10397;NA;NA
3181692978;451522;NA;NA
3202276783;1224;P111;PSP_EXTRATLEITIMPL_030726_0121_20000000002803018148_000.jpg
3131813642;354090;NA;PSP_EXTRATLEITIMPL_030726_0121_20000000016152990481_000.jpg
3181907109;70375;NA;PSP_EXTRATLEITIMPL_030726_0121_20000000019953008361_000.jpg
3220078069/3130861929;952;NA;NA
3220153672/3130861970;1478;NA;NA
3181687648;269359;NA;NA
3171370980;338061;NA;NA
3131019377;6742;T181;PSP_EXTRATLEITIMPL_030726_0121_20000000010703010150_000.jpg
3132286549;37095;NA;PSP_EXTRATLEITIMPL_030726_0121_20000000005802990690_000.jpg
3243426757/3230079926;85238;NA;NA
3204267943;17530;T181;PSP_EXTRATLEITIMPL_030726_0121_20000000007103001311_000.jpg
3131718984;5999;NA;PSP_EXTRATLEITIMPL_030726_0121_20000000013602990534_000.jpg
3223444384;5066;NA;PSP_EXTRATLEITIMPL_030726_0121_20000000009003003382_000.jpg
3131297806;5948;NA;PSP_EXTRATLEITIMPL_030726_0121_20000000011102996093_000.jpg
3171368633;234498;NA;NA
3131767870;11741;NA;PSP_EXTRATLEITIMPL_030726_0121_20000000004553006353_000.jpg
3212591725;143261;T181;PSP_EXTRATLEITIMPL_030726_0121_20000000001002976580_000.jpg
3161427453;56359;NA;NA
3203908503;96225;T181;PSP_EXTRATLEITIMPL_030726_0121_20000000017703022155_000.jpg
3225178738;161712;NA;PSP_EXTRATLEITIMPL_030726_0121_20000000010852986517_000.jpg
3244290930;4831;T181;PSP_EXTRATLEITIMPL_030726_0121_20000000013202984610_000.jpg
3133158560;26260;NA;NA
3132266912;49984;NA;PSP_EXTRATLEITIMPL_030726_0121_20000000011952991463_000.jpg
3181687664;228072;NA;NA
5255957009/5256976597/5255957009/3242335006;39072;NA;NA
3201566710;526788;NA;NA
3231070418;79686;T181;PSP_EXTRATLEITIMPL_030726_0121_20000000009552976792_000.jpg
3220288861;45997;T181;PSP_EXTRATLEITIMPL_030726_0121_20000000014902980728_000.jpg
3161139130;817;NA;PSP_EXTRATLEITIMPL_030726_0121_20000000010302988762_000.jpg
3223838374;64018;NA;NA
3233493995;20646;NA;NA
3201673045;4048;NA;PSP_EXTRATLEITIMPL_030726_0121_20000000019503010022_001.jpg
3220261750;32119;T181;PSP_EXTRATLEITIMPL_030726_0121_20000000013252997011_000.jpg
3231055990;21989;T181;PSP_EXTRATLEITIMPL_030726_0121_20000000005403013469_000.jpg
3133148077;8273;NA;PSP_EXTRATLEITIMPL_030726_0121_20000000012002981750_000.jpg
3133148182;10049;NA;PSP_EXTRATLEITIMPL_030726_0121_20000000014852980690_000.jpg
3131525299;138;P111;PSP_EXTRATLEITIMPL_030726_0121_20000000015002978670_000.jpg
3242640801;15131;NA;PSP_EXTRATLEITIMPL_030726_0121_20000000019153010224_000.jpg
3241063371;7363;T181;PSP_EXTRATLEITIMPL_030726_0121_20000000002153000112_000.jpg
3244174379/3140064016;8583;NA;PSP_EXTRATLEITIMPL_030726_0121_20000000011653000409_000.jpg
3223838579;52699;NA;NA
3220234494;39016;T181;PSP_EXTRATLEITIMPL_030726_0121_20000000007102988606_000.jpg
3132800200;13837;NA;PSP_EXTRATLEITIMPL_030726_0121_20000000000752976722_000.jpg
3223431185;788773;NA;PSP_EXTRATLEITIMPL_030726_0121_20000000009952963965_000.jpg
3132297990;601675;NA;PSP_EXTRATLEITIMPL_030726_0121_20000000018503006080_000.jpg
3133150918;3290;NA;PSP_EXTRATLEITIMPL_030726_0121_20000000003653002726_000.jpg
3132604141;42096;NA;PSP_EXTRATLEITIMPL_030726_0121_20000000016102971592_000.jpg
3131836340;42959;NA;PSP_EXTRATLEITIMPL_030726_0121_20000000018352999542_000.jpg
3221720309;6322;NA;PSP_EXTRATLEITIMPL_030726_0121_20000000013902998372_000.jpg
3201607077;41605;NA;PSP_EXTRATLEITIMPL_030726_0121_20000000010852996182_000.jpg
5255956100/5256974942/5255956100/3242648896/3233483469;49871;NA;NA
3131877411;477280;NA;PSP_EXTRATLEITIMPL_030726_0121_20000000010703005391_000.jpg
3131876679;59462;NA;PSP_EXTRATLEITIMPL_030726_0121_20000000002953007481_000.jpg
3131829980;31487;NA;PSP_EXTRATLEITIMPL_030726_0121_20000000010402984370_000.jpg
3132569800;10268;T111;PSP_EXTRATLEITIMPL_030726_0121_20000000005552989537_000.jpg
3132418194;11960;NA;PSP_EXTRATLEITIMPL_030726_0121_20000000006052995532_000.jpg
3212590753;69043;T181;PSP_EXTRATLEITIMPL_030726_0121_20000000019352998836_000.jpg
3230949955;16536;T181;PSP_EXTRATLEITIMPL_030726_0121_20000000006052981897_000.jpg
3132344310;72102;NA;PSP_EXTRATLEITIMPL_030726_0121_20000000007752996523_000.jpg
3194015797;128116;T181;PSP_EXTRATLEITIMPL_030726_0121_20000000015852986567_000.jpg
3181048467;326372;NA;PSP_EXTRATLEITIMPL_030726_0121_20000000015402996152_000.jpg
3154770410;1585;NA;PSP_EXTRATLEITIMPL_030726_0121_20000000009302992540_000.jpg
3244316289/3244347591;583;T181;PSP_EXTRATLEITIMPL_030726_0121_20000000014252983548_001.jpg
3242278975;96580;NA;NA
3225066280;17212;NA;PSP_EXTRATLEITIMPL_030726_0121_20000000010952974882_000.jpg
3241608734;32631;NA;NA
3140121117;93081;T181;PSP_EXTRATLEITIMPL_030726_0121_20000000017103006574_000.jpg
3201607050;36615;NA;PSP_EXTRATLEITIMPL_030726_0121_20000000011502999497_000.jpg
3140671605;124030;NA;PSP_EXTRATLEITIMPL_030726_0121_20000000017303019376_000.jpg
3220073466;18295;T181;PSP_EXTRATLEITIMPL_030726_0121_20000000008502992199_000.jpg
3241176427;80523;NA;PSP_EXTRATLEITIMPL_030726_0121_20000000014902982701_000.jpg
3170291629;2986;NA;PSP_EXTRATLEITIMPL_030726_0121_20000000010903011008_000.jpg
3142006340;435;NA;PSP_EXTRATLEITIMPL_030726_0121_20000000018353007075_000.jpg
3142340193;29961;NA;PSP_EXTRATLEITIMPL_030726_0121_20000000001453013286_000.jpg
3223328554;18228;T181;NA
3245076435;30523;NA;NA
3132379725;104525;NA;PSP_EXTRATLEITIMPL_030726_0121_20000000012952965981_000.jpg
3132379792;86382;NA;PSP_EXTRATLEITIMPL_030726_0121_20000000015502991408_000.jpg
3204344131;731;NA;PSP_EXTRATLEITIMPL_030726_0121_20000000017852998750_000.jpg
3231743587;65085;NA;NA
3140669988;88409;NA;PSP_EXTRATLEITIMPL_030726_0121_20000000003052991790_000.jpg
3132350166;108544;NA;PSP_EXTRATLEITIMPL_030726_0121_20000000002852987840_000.jpg
3132380596;223135;NA;PSP_EXTRATLEITIMPL_030726_0121_20000000004002990585_000.jpg
3171943611;9903;NA;PSP_EXTRATLEITIMPL_030726_0121_20000000017753011459_000.jpg
3214284692;327188;NA;NA
3211288271;55399;T181;PSP_EXTRATLEITIMPL_030726_0121_20000000003702995622_000.jpg
6251151995/3140828504;61637;NA;PSP_EXTRATLEITIMPL_030726_0121_20000000008752978728_000.jpg
3132350875;101039;NA;PSP_EXTRATLEITIMPL_030726_0121_20000000016603026085_000.jpg
3212316007;2748;NA;PSP_EXTRATLEITIMPL_030726_0121_20000000001203009024_001.jpg
3171393662;160643;NA;NA
3180833357;5758;NA;PSP_EXTRATLEITIMPL_030726_0121_20000000000802987428_000.jpg
3131866096;67325;NA;PSP_EXTRATLEITIMPL_030726_0121_20000000012202994522_000.jpg
3141306196;9380;NA;PSP_EXTRATLEITIMPL_030726_0121_20000000007953011013_000.jpg
3130053466;6800;NA;PSP_EXTRATLEITIMPL_030726_0121_20000000000752984525_000.jpg
3141246061;32470;NA;PSP_EXTRATLEITIMPL_030726_0121_20000000002903007400_000.jpg
3223435580;535266;NA;NA
3190186848;36;NA;NA
3132368081;102354;NA;PSP_EXTRATLEITIMPL_030726_0121_20000000008202998388_000.jpg
3212397244;399691;NA;PSP_EXTRATLEITIMPL_030726_0121_20000000009853016002_000.jpg
3182610657;6544;NA;PSP_EXTRATLEITIMPL_030726_0121_20000000000752987474_000.jpg
3214295546;34835;T181;PSP_EXTRATLEITIMPL_030726_0121_20000000003152999796_000.jpg
3242643363;15991;NA;PSP_EXTRATLEITIMPL_030726_0121_20000000018852988696_000.jpg
3141790110;287;T111;PSP_EXTRATLEITIMPL_030726_0121_20000000012203002146_000.jpg
3193413128;8884;NA;PSP_EXTRATLEITIMPL_030726_0121_20000000019852996607_000.jpg
3220281085;3671;T181;PSP_EXTRATLEITIMPL_030726_0121_20000000012252979829_000.jpg
3181147430;17606;NA;PSP_EXTRATLEITIMPL_030726_0121_20000000001303004563_000.jpg
3232623895;5356;NA;PSP_EXTRATLEITIMPL_030726_0121_20000000008802988534_000.jpg
3131866894;114391;NA;PSP_EXTRATLEITIMPL_030726_0121_20000000010202995515_000.jpg
3200444603;31521;T181;PSP_EXTRATLEITIMPL_030726_0121_20000000016853004772_000.jpg
3214288426;60059;NA;NA
3191074784;91419;NA;PSP_EXTRATLEITIMPL_030726_0121_20000000012102989644_000.jpg
3142701749;634;NA;PSP_EXTRATLEITIMPL_030726_0121_20000000002803006528_000.jpg
3224717732;26386;NA;NA
3222334666;2792;NA;PSP_EXTRATLEITIMPL_030726_0121_20000000004102980986_000.jpg
3192661900;4852;NA;PSP_EXTRATLEITIMPL_030726_0121_20000000001753011197_000.jpg
3223258637;24902;NA;PSP_EXTRATLEITIMPL_030726_0121_20000000000652976713_000.jpg
3132367328;51474;NA;PSP_EXTRATLEITIMPL_030726_0121_20000000015153011150_000.jpg
3132367301;88908;NA;PSP_EXTRATLEITIMPL_030726_0121_20000000014402998140_000.jpg
3141573380;5120;NA;PSP_EXTRATLEITIMPL_030726_0121_20000000005153028031_000.jpg
3141392254;4798;NA;PSP_EXTRATLEITIMPL_030726_0121_20000000018503010159_000.jpg
3140838950;690449;NA;PSP_EXTRATLEITIMPL_030726_0121_20000000008702992769_000.jpg
3141652361;13218;NA;PSP_EXTRATLEITIMPL_030726_0121_20000000014452986524_000.jpg
3194032063;75756;T181;PSP_EXTRATLEITIMPL_030726_0121_20000000013602977822_000.jpg
3181691386;510895;NA;NA
3141671218;1985;NA;PSP_EXTRATLEITIMPL_030726_0121_20000000004603016778_000.jpg
3141670114;2685;NA;PSP_EXTRATLEITIMPL_030726_0121_20000000003003006356_000.jpg
3141671447;10984;NA;PSP_EXTRATLEITIMPL_030726_0121_20000000002702989828_000.jpg
3141261206;12424;L101;PSP_EXTRATLEITIMPL_030726_0121_20000000006753001532_000.jpg
3245088069;4719;T181;PSP_EXTRATLEITIMPL_030726_0121_20000000007153001573_000.jpg
3230903157;14880;T181;PSP_EXTRATLEITIMPL_030726_0121_20000000016453001572_000.jpg
3230860130;14622;T181;PSP_EXTRATLEITIMPL_030726_0121_20000000001853017011_000.jpg
3132342082;80511;NA;PSP_EXTRATLEITIMPL_030726_0121_20000000017403013544_000.jpg
3140880964;7397;NA;PSP_EXTRATLEITIMPL_030726_0121_20000000002253011335_000.jpg
3132341833;87646;NA;PSP_EXTRATLEITIMPL_030726_0121_20000000007302995561_000.jpg
3153484650;14569;NA;PSP_EXTRATLEITIMPL_030726_0121_20000000008402995130_000.jpg
3132357756;31226;NA;NA
3132357519;85587;NA;PSP_EXTRATLEITIMPL_030726_0121_20000000003352991436_000.jpg
3132343216;85405;NA;PSP_EXTRATLEITIMPL_030726_0121_20000000014053001403_000.jpg
3222717140;15532;NA;PSP_EXTRATLEITIMPL_030726_0121_20000000012202982715_000.jpg
3203913450;111567;T181;PSP_EXTRATLEITIMPL_030726_0121_20000000013452997537_000.jpg
3220106763;613;NA;NA
3132358230;93903;NA;PSP_EXTRATLEITIMPL_030726_0121_20000000012402985592_000.jpg
5256938717/3150468557;2951;NA;PSP_EXTRATLEITIMPL_030726_0121_20000000004102999373_000.jpg
3150596466;86;P111;PSP_EXTRATLEITIMPL_030726_0121_20000000005653006168_000.jpg
3224831420;7;P111;PSP_EXTRATLEITIMPL_030726_0121_20000000012602987717_000.jpg
3150468263;49182;NA;PSP_EXTRATLEITIMPL_030726_0121_20000000016553007011_000.jpg
3140478961;25751;NA;PSP_EXTRATLEITIMPL_030726_0121_20000000012352994153_000.jpg
3151018016;1180;T111;PSP_EXTRATLEITIMPL_030726_0121_20000000006953014104_000.jpg
3230871611;16988;T181;PSP_EXTRATLEITIMPL_030726_0121_20000000016152992400_000.jpg
3151980260;15340;NA;NA
3011199066;62422;NA;PSP_EXTRATLEITIMPL_030726_0121_20000000014352960841_000.jpg
6250997912;222;R111;PSP_EXTRATLEITIMPL_030726_0121_20000000006152989844_000.jpg
3170230573;5152;NA;PSP_EXTRATLEITIMPL_030726_0121_20000000008452980711_000.jpg
3243339960;980;NA;PSP_EXTRATLEITIMPL_030726_0121_20000000000852982572_000.jpg
3242607057;3803;T181;PSP_EXTRATLEITIMPL_030726_0121_20000000004103006165_000.jpg
3221350420;19172;NA;PSP_EXTRATLEITIMPL_030726_0121_20000000008952976594_000.jpg
3220230430;89753;T181;PSP_EXTRATLEITIMPL_030726_0121_20000000019002985735_000.jpg
3245158598/3150808064;10068;NA;PSP_EXTRATLEITIMPL_030726_0121_20000000012402996115_000.jpg
3211691173;2008;NA;PSP_EXTRATLEITIMPL_030726_0121_20000000010703013025_000.jpg
3150793083;87705;NA;PSP_EXTRATLEITIMPL_030726_0121_20000000014052992645_000.jpg
3244162486;1042;NA;PSP_EXTRATLEITIMPL_030726_0121_20000000010503001055_000.jpg
3233450366;99842;NA;NA
3153694477;189124;NA;NA
3243425343;60422;NA;NA
3200276620;14129;NA;PSP_EXTRATLEITIMPL_030726_0121_20000000009952975590_000.jpg
3213708227;5561;B131;PSP_EXTRATLEITIMPL_030726_0121_20000000013202996347_000.jpg
3242525506/3233462402;10261;T181;PSP_EXTRATLEITIMPL_030726_0121_20000000004003000281_000.jpg
3225843839;10845;NA;PSP_EXTRATLEITIMPL_030726_0121_20000000006052989499_000.jpg
3151111520;46030;NA;NA
3151819809;52886;NA;PSP_EXTRATLEITIMPL_030726_0121_20000000019203006406_000.jpg
3192150344;33072;NA;PSP_EXTRATLEITIMPL_030726_0121_20000000012602987718_000.jpg
6252241688/3193424138;0;T181;PSP_EXTRATLEITIMPL_030726_0121_20000000001202990597_001.jpg
3150796040;110113;NA;PSP_EXTRATLEITIMPL_030726_0121_20000000015402973742_000.jpg
3150799030;78039;NA;PSP_EXTRATLEITIMPL_030726_0121_20000000011902995293_000.jpg
6251217783/3150095998;3348;L121;PSP_EXTRATLEITIMPL_030726_0121_20000000004003006157_000.jpg
3245170288/3191044087;7531;NA;PSP_EXTRATLEITIMPL_030726_0121_20000000015852987573_000.jpg
3194032349;366919;T181;PSP_EXTRATLEITIMPL_030726_0121_20000000003552995799_000.jpg
3151352005;16834;NA;PSP_EXTRATLEITIMPL_030726_0121_20000000007652988596_000.jpg
3180668810;695140;NA;NA
3170031465;676382;NA;NA
3211286945;50;T181;PSP_EXTRATLEITIMPL_030726_0121_20000000010002994592_000.jpg
3150085534;69014;NA;PSP_EXTRATLEITIMPL_030726_0121_20000000013602987575_000.jpg
3150083558;109944;NA;PSP_EXTRATLEITIMPL_030726_0121_20000000014603006358_000.jpg
3204598133;18794;T181;PSP_EXTRATLEITIMPL_030726_0121_20000000013103003374_000.jpg
3201573776/3212666270;8021;NA;PSP_EXTRATLEITIMPL_030726_0121_20000000006402995520_000.jpg
3151572749;17951;NA;NA
3150105357;107675;NA;PSP_EXTRATLEITIMPL_030726_0121_20000000002053026161_000.jpg
3151602753;10586;NA;PSP_EXTRATLEITIMPL_030726_0121_20000000013652988528_000.jpg
3242275844;48807;NA;NA
3242505750/3212732191;60474;T181;PSP_EXTRATLEITIMPL_030726_0121_20000000012102988596_000.jpg
3245076044;82739;NA;NA
3203783085;13849;T181;PSP_EXTRATLEITIMPL_030726_0121_20000000006503013470_000.jpg
3153813484;663;T111;PSP_EXTRATLEITIMPL_030726_0121_20000000012552994356_000.jpg
6252256022/3153075408;133;M101;PSP_EXTRATLEITIMPL_030726_0121_20000000006052998385_000.jpg
3244242420;10457;T181;PSP_EXTRATLEITIMPL_030726_0121_20000000014452989351_000.jpg
3193287815;64507;NA;PSP_EXTRATLEITIMPL_030726_0121_20000000016202996192_000.jpg
3220334502;16114;T181;PSP_EXTRATLEITIMPL_030726_0121_20000000003352988594_000.jpg
3153212626;14115;NA;PSP_EXTRATLEITIMPL_030726_0121_20000000001202984849_000.jpg
3153277574;38;P111;PSP_EXTRATLEITIMPL_030726_0121_20000000004202997870_000.jpg
3213917942;18574;NA;PSP_EXTRATLEITIMPL_030726_0121_20000000010852999017_000.jpg
3153161789;10759;NA;PSP_EXTRATLEITIMPL_030726_0121_20000000013952980546_000.jpg
70740605;11146;NA;PSP_EXTRATLEITIMPL_030726_0121_20000000017003015577_000.jpg
3153709458;99084;NA;PSP_EXTRATLEITIMPL_030726_0121_20000000018152984783_000.jpg
3172772799/6251187426/3172772799/3193201180;8235;NA;NA
3161438064;0;NA;NA
3223362540;27597;T181;PSP_EXTRATLEITIMPL_030726_0121_20000000001803022362_000.jpg
3230106974;99999;NA;PSP_EXTRATLEITIMPL_030726_0121_20000000001352990998_000.jpg
3190621242;5652;NA;PSP_EXTRATLEITIMPL_030726_0121_20000000016952991972_000.jpg
3154862365;100425;NA;PSP_EXTRATLEITIMPL_030726_0121_20000000000702970769_000.jpg
3212568316;51737;T181;PSP_EXTRATLEITIMPL_030726_0121_20000000014702998246_000.jpg
3152229371;503326;M101;NA
3152878531;12885;NA;PSP_EXTRATLEITIMPL_030726_0121_20000000012452995147_000.jpg
3220265500;92071;T181;PSP_EXTRATLEITIMPL_030726_0121_20000000011452975822_000.jpg
3154866808;66681;NA;PSP_EXTRATLEITIMPL_030726_0121_20000000001803004870_000.jpg
3152997557;6864;NA;PSP_EXTRATLEITIMPL_030726_0121_20000000007452999440_000.jpg
3152949846;140;P111;PSP_EXTRATLEITIMPL_030726_0121_20000000010353001325_000.jpg
3223434362;28254;NA;NA
3203800656;17801;T181;PSP_EXTRATLEITIMPL_030726_0121_20000000001352995765_000.jpg
3160043392;72802;NA;PSP_EXTRATLEITIMPL_030726_0121_20000000018902986971_000.jpg
3160997957;183097;NA;PSP_EXTRATLEITIMPL_030726_0121_20000000018402980998_000.jpg
3160362587;598;NA;PSP_EXTRATLEITIMPL_030726_0121_20000000017003027073_001.jpg
3241626546;10623;T181;PSP_EXTRATLEITIMPL_030726_0121_20000000017303008615_000.jpg
3160052863;459937;NA;PSP_EXTRATLEITIMPL_030726_0121_20000000013952994184_000.jpg
3191031473;10306;NA;PSP_EXTRATLEITIMPL_030726_0121_20000000007002995653_002.jpg
3210176224;5630;NA;PSP_EXTRATLEITIMPL_030726_0121_20000000016552992579_000.jpg
3170394444;21085;NA;PSP_EXTRATLEITIMPL_030726_0121_20000000008202986597_000.jpg
5261776210/5256226717/5256888531/5256226717/5256888531/3231100970;1320;NA;NA
3230078350;305171;NA;NA
3242489151;8782;NA;PSP_EXTRATLEITIMPL_030726_0121_20000000003453002414_000.jpg
3214292040;47049;T181;PSP_EXTRATLEITIMPL_030726_0121_20000000016153000020_000.jpg
5256889880/5256227110/5256889880/3212571490;15522;NA;NA
3160053240;54628;NA;PSP_EXTRATLEITIMPL_030726_0121_20000000010652979540_000.jpg
3241050024;7050;T181;NA
3232883692;88969;NA;NA
3245097874/3242343009/3242670298;18023;T181;PSP_EXTRATLEITIMPL_030726_0121_20000000013352978693_000.jpg
3150733242;9371;NA;PSP_EXTRATLEITIMPL_030726_0121_20000000004253029014_000.jpg
3211140770;24374;T181;PSP_EXTRATLEITIMPL_030726_0121_20000000018003002814_000.jpg
3152404106;25707;NA;PSP_EXTRATLEITIMPL_030726_0121_20000000006803007321_000.jpg
3211172036;15600;T181;PSP_EXTRATLEITIMPL_030726_0121_20000000003153021176_000.jpg
3203808274;49948;T181;PSP_EXTRATLEITIMPL_030726_0121_20000000004203013410_000.jpg
3154902430;5;P111;PSP_EXTRATLEITIMPL_030726_0121_20000000003702990802_000.jpg
3181698330;18478;NA;NA
3160329369;42131;NA;PSP_EXTRATLEITIMPL_030726_0121_20000000005803007198_000.jpg
3230857538;3650;T111;PSP_EXTRATLEITIMPL_030726_0121_20000000007203012205_000.jpg
3242234854;2887;NA;NA
3204479819;3299;NA;PSP_EXTRATLEITIMPL_030726_0121_20000000014652982685_000.jpg
3223298353;2322;NA;PSP_EXTRATLEITIMPL_030726_0121_20000000008452977712_001.jpg
3212577587;45233;T181;PSP_EXTRATLEITIMPL_030726_0121_20000000008602991659_000.jpg
3222708876;18144;NA;PSP_EXTRATLEITIMPL_030726_0121_00000000000211782521_000.jpg
3223431703;156035;T181;PSP_EXTRATLEITIMPL_030726_0121_20000000013002981294_000.jpg
3153497361;9518;NA;PSP_EXTRATLEITIMPL_030726_0121_20000000001552993692_000.jpg
3154479855;4484;NA;PSP_EXTRATLEITIMPL_030726_0121_20000000016002977682_000.jpg
3214313110;27338;T181;PSP_EXTRATLEITIMPL_030726_0121_20000000003503001781_000.jpg
3161654190;14353;NA;PSP_EXTRATLEITIMPL_030726_0121_20000000017502995780_000.jpg
3154522653;23797;NA;PSP_EXTRATLEITIMPL_030726_0121_20000000009702972704_000.jpg
3192394170;12890;NA;NA
3154525466;14611;NA;PSP_EXTRATLEITIMPL_030726_0121_20000000000702981527_000.jpg
3160329377;100883;NA;PSP_EXTRATLEITIMPL_030726_0121_20000000008703000541_000.jpg
3211549695;205410;NA;PSP_EXTRATLEITIMPL_030726_0121_20000000004703009821_000.jpg
3152402537;4676;NA;PSP_EXTRATLEITIMPL_030726_0121_20000000006952995703_000.jpg
3160327790;67253;NA;PSP_EXTRATLEITIMPL_030726_0121_20000000012552978630_000.jpg
3154518761;54564;NA;PSP_EXTRATLEITIMPL_030726_0121_20000000009503000427_000.jpg
3200578839;583;T181;PSP_EXTRATLEITIMPL_030726_0121_20000000006503012509_000.jpg
3182690596;1025;NA;NA
3154306233;250;NA;PSP_EXTRATLEITIMPL_030726_0121_20000000000752987475_000.jpg
3214303433;32999;T181;PSP_EXTRATLEITIMPL_030726_0121_20000000012952970826_000.jpg
3244192954;16839;T181;PSP_EXTRATLEITIMPL_030726_0121_20000000004352999824_000.jpg
3160128363;62879;NA;PSP_EXTRATLEITIMPL_030726_0121_20000000017952983742_000.jpg
3192521350;2194;NA;NA
3220256579;8413;T181;NA
3154663737;1939;NA;PSP_EXTRATLEITIMPL_030726_0121_20000000005652995542_000.jpg
3160329903;86095;NA;PSP_EXTRATLEITIMPL_030726_0121_20000000016102990169_000.jpg
3154735088;8823;NA;PSP_EXTRATLEITIMPL_030726_0121_20000000008103007528_000.jpg
3242531859;6326;T181;PSP_EXTRATLEITIMPL_030726_0121_20000000013302987535_000.jpg
3223433773;123822;NA;NA
6251162083/3222480735;15424;T181;PSP_EXTRATLEITIMPL_030726_0121_20000000003602997671_000.jpg
3182644349;1706;NA;NA
3160991797;94707;NA;PSP_EXTRATLEITIMPL_030726_0121_20000000007403000343_000.jpg
3154627595;17126;NA;PSP_EXTRATLEITIMPL_030726_0121_20000000006303017022_000.jpg
3160782411;15613;NA;PSP_EXTRATLEITIMPL_030726_0121_20000000013102995505_000.jpg
3140461430;17910;NA;PSP_EXTRATLEITIMPL_030726_0121_20000000012103011026_000.jpg
3213349928;8111;B131;PSP_EXTRATLEITIMPL_030726_0121_20000000001402991872_000.jpg
3161453039;43823;NA;PSP_EXTRATLEITIMPL_030726_0121_20000000000803000021_000.jpg
3183664475;46;NA;PSP_EXTRATLEITIMPL_030726_0121_20000000000602980531_001.jpg
3154939961;5574;L101;PSP_EXTRATLEITIMPL_030726_0121_20000000018453009195_000.jpg
3223840336;51983;NA;NA
3212506906;40262;NA;PSP_EXTRATLEITIMPL_030726_0121_20000000010652982564_000.jpg
3222476053;2283;P111;PSP_EXTRATLEITIMPL_030726_0121_20000000002652994803_000.jpg
3192469782;172909;NA;PSP_EXTRATLEITIMPL_030726_0121_20000000012752991387_000.jpg
3152776941;51;P111;PSP_EXTRATLEITIMPL_030726_0121_20000000001402992672_000.jpg
3233364605;1779;NA;PSP_EXTRATLEITIMPL_030726_0121_20000000003302996886_000.jpg
3193904563;18502;NA;NA
3131213041;5289;NA;PSP_EXTRATLEITIMPL_030726_0121_20000000005003021322_000.jpg
3160454341;9948;NA;PSP_EXTRATLEITIMPL_030726_0121_20000000003403014005_000.jpg
3231285430;258;NA;PSP_EXTRATLEITIMPL_030726_0121_20000000006503009560_000.jpg
3232899289;9666;NA;PSP_EXTRATLEITIMPL_030726_0121_20000000017203010186_000.jpg
3203816129;27206;T181;PSP_EXTRATLEITIMPL_030726_0121_20000000004552992765_000.jpg
3161507287;40067;NA;PSP_EXTRATLEITIMPL_030726_0121_20000000001652993686_000.jpg
3160397186;216007;NA;NA
3161202990;328;NA;PSP_EXTRATLEITIMPL_030726_0121_20000000007653002201_000.jpg
3161077479;23626;NA;NA
3204309379;138;P111;PSP_EXTRATLEITIMPL_030726_0121_20000000006902990609_000.jpg
3204272971;37108;T181;NA
3223379400;13699;T181;PSP_EXTRATLEITIMPL_030726_0121_20000000015002989163_000.jpg
3161106622;13451;NA;PSP_EXTRATLEITIMPL_030726_0121_20000000009252979817_000.jpg
3161200580;33801;NA;PSP_EXTRATLEITIMPL_030726_0121_20000000007802990776_000.jpg
3214283173;160238;NA;NA
3142030097;1594;P111;PSP_EXTRATLEITIMPL_030726_0121_20000000011303002162_000.jpg
3212522138;26851;NA;NA
3154980848;557;NA;NA
3152407989;3691;L101;PSP_EXTRATLEITIMPL_030726_0121_20000000018802982643_000.jpg
3161535612;28327;NA;PSP_EXTRATLEITIMPL_030726_0121_20000000015653001013_000.jpg
3161044252;12148;NA;PSP_EXTRATLEITIMPL_030726_0121_20000000001753006348_000.jpg
5261788502/3245098323/3212494681;897;NA;PSP_EXTRATLEITIMPL_030726_0121_20000000004102995592_000.jpg
3161781117;21;P111;PSP_EXTRATLEITIMPL_030726_0121_20000000003653018217_000.jpg
3161852715;288688;NA;NA
3170039822;1973;T111;PSP_EXTRATLEITIMPL_030726_0121_20000000006352992725_000.jpg
3170262408;256688;NA;PSP_EXTRATLEITIMPL_030726_0121_20000000012653005117_000.jpg
3230079144;71619;NA;NA
3161829390;2222;NA;PSP_EXTRATLEITIMPL_030726_0121_20000000010802994334_000.jpg
3244072703;1011;NA;PSP_EXTRATLEITIMPL_030726_0121_20000000009003002365_000.jpg
3180494609;666;T181;PSP_EXTRATLEITIMPL_030726_0121_20000000000903006052_001.jpg
3161741530;16343;M141;PSP_EXTRATLEITIMPL_030726_0121_20000000017652995946_000.jpg
3170098233;7;NA;PSP_EXTRATLEITIMPL_030726_0121_20000000006552991974_000.jpg
3161755760;14616;NA;PSP_EXTRATLEITIMPL_030726_0121_20000000010503001056_000.jpg
3220262463;39782;T181;PSP_EXTRATLEITIMPL_030726_0121_20000000010552996452_000.jpg
3241518875;166159;NA;NA
3161738645;10141;NA;PSP_EXTRATLEITIMPL_030726_0121_20000000005253037018_000.jpg
3200447645;41939;T181;PSP_EXTRATLEITIMPL_030726_0121_20000000007053003543_000.jpg
3200459554;47736;T181;PSP_EXTRATLEITIMPL_030726_0121_20000000010202993586_000.jpg
3170491113;38135;NA;PSP_EXTRATLEITIMPL_030726_0121_20000000016652998862_000.jpg
3170029827;46701;NA;PSP_EXTRATLEITIMPL_030726_0121_20000000000003021090_000.jpg
3170104713;13033;NA;PSP_EXTRATLEITIMPL_030726_0121_20000000013602974962_000.jpg
3180011322;25767;NA;PSP_EXTRATLEITIMPL_030726_0121_20000000013052998170_000.jpg
3172350886;172712;NA;PSP_EXTRATLEITIMPL_030726_0121_20000000013403007472_002.jpg
3170653156;15686;NA;PSP_EXTRATLEITIMPL_030726_0121_20000000008402979557_000.jpg
3170223291;15520;NA;PSP_EXTRATLEITIMPL_030726_0121_20000000016352993537_000.jpg
3170274481;148514;NA;PSP_EXTRATLEITIMPL_030726_0121_20000000008552993585_000.jpg
3170039741;2003;T111;PSP_EXTRATLEITIMPL_030726_0121_20000000015852974821_000.jpg
3192490951;0;NA;NA
3170303392;31602;NA;PSP_EXTRATLEITIMPL_030726_0121_20000000017653006580_000.jpg
3171037785;3465;NA;PSP_EXTRATLEITIMPL_030726_0121_20000000015652984578_000.jpg
5260135416/3172865711;405;T181;NA
3170764608;2305;NA;PSP_EXTRATLEITIMPL_030726_0121_20000000014502981625_000.jpg
3153349761;21426;NA;PSP_EXTRATLEITIMPL_030726_0121_20000000003202991959_000.jpg
3222479168;14831;T181;NA
3204821487;3366;NA;PSP_EXTRATLEITIMPL_030726_0121_20000000018103014066_000.jpg
6251616173/3200452347;2722;T181;PSP_EXTRATLEITIMPL_030726_0121_20000000001052995522_000.jpg
3170295608;8164;NA;PSP_EXTRATLEITIMPL_030726_0121_20000000012202992518_000.jpg
3170922548;36324;NA;PSP_EXTRATLEITIMPL_030726_0121_20000000001702980880_000.jpg
3171132729;4881;NA;PSP_EXTRATLEITIMPL_030726_0121_20000000015002982564_000.jpg
3171238578;8909;NA;PSP_EXTRATLEITIMPL_030726_0121_20000000016603028181_000.jpg
3180671659;264363;T181;PSP_EXTRATLEITIMPL_030726_0121_20000000007552978938_000.jpg
3193199088;34866;T181;PSP_EXTRATLEITIMPL_030726_0121_20000000004303013212_000.jpg
3170824309;16233;NA;NA
3223842860;49111;T181;PSP_EXTRATLEITIMPL_030726_0121_20000000013952986507_000.jpg
3182645914;2261;NA;NA
3171108615;18252;NA;PSP_EXTRATLEITIMPL_030726_0121_20000000013752988547_000.jpg
3161861889;179091;NA;PSP_EXTRATLEITIMPL_030726_0121_20000000004153011394_000.jpg
3180669816;367025;NA;NA
3171544733;7844;NA;PSP_EXTRATLEITIMPL_030726_0121_20000000007552980959_000.jpg
3212309698;457901;NA;NA
3223434974;79309;NA;NA
3170798979;8314;NA;PSP_EXTRATLEITIMPL_030726_0121_20000000003752997341_000.jpg
6250964402/3226090559;169;NA;PSP_EXTRATLEITIMPL_030726_0121_20000000005103024369_000.jpg
3170798677;1363;P111;NA
3211136390;44481;T181;PSP_EXTRATLEITIMPL_030726_0121_20000000003253017555_000.jpg
3193213285;0;T161;PSP_EXTRATLEITIMPL_030726_0121_20000000010552982744_001.jpg
5257209093;1137;NA;PSP_EXTRATLEITIMPL_030726_0121_20000000012202991522_000.jpg
3201566591;449000;NA;NA
5257910530;4643;NA;PSP_EXTRATLEITIMPL_030726_0121_20000000001552998630_000.jpg
3172201244;25120;NA;PSP_EXTRATLEITIMPL_030726_0121_20000000003253004846_000.jpg
3194020413;58019;T181;PSP_EXTRATLEITIMPL_030726_0121_20000000015253008351_000.jpg
5257735046/3172735524;221;NA;PSP_EXTRATLEITIMPL_030726_0121_20000000006702996646_000.jpg
3171999323;2743;NA;PSP_EXTRATLEITIMPL_030726_0121_20000000014452974719_000.jpg
3180670180;42700;T111;PSP_EXTRATLEITIMPL_030726_0121_20000000013053001139_000.jpg
3200109120;8392;NA;PSP_EXTRATLEITIMPL_030726_0121_20000000005302995996_000.jpg
3203908368;308615;T181;PSP_EXTRATLEITIMPL_030726_0121_20000000001102985601_000.jpg
3171385074;111256;NA;PSP_EXTRATLEITIMPL_030726_0121_20000000003103024021_000.jpg
3214283351;359106;T181;PSP_EXTRATLEITIMPL_030726_0121_20000000014053002270_001.jpg
3171833662;39526;NA;PSP_EXTRATLEITIMPL_030726_0121_20000000004552997665_000.jpg
3172512100;11657;NA;PSP_EXTRATLEITIMPL_030726_0121_20000000013352998155_000.jpg
3213891790;14025;NA;PSP_EXTRATLEITIMPL_030726_0121_20000000016552997429_000.jpg
3172634108;34471;NA;PSP_EXTRATLEITIMPL_030726_0121_20000000007102984749_000.jpg
3172683753;5886;NA;PSP_EXTRATLEITIMPL_030726_0121_20000000018402992729_000.jpg
3172415600;142487;NA;NA
3180671160;273418;NA;NA
3172527239;13356;M101;PSP_EXTRATLEITIMPL_030726_0121_20000000015702990309_000.jpg
3223841596;106964;NA;NA
3172569837;20411;NA;PSP_EXTRATLEITIMPL_030726_0121_20000000010652997170_000.jpg
3181698240;192558;NA;NA
3181687699;405196;NA;NA
3172588190;24770;NA;PSP_EXTRATLEITIMPL_030726_0121_20000000006153017012_000.jpg
3214199806;46758;NA;PSP_EXTRATLEITIMPL_030726_0121_20000000003902985630_000.jpg
3171012316;1628;L101;PSP_EXTRATLEITIMPL_030726_0121_20000000004402995627_000.jpg
3172645320;10064;NA;PSP_EXTRATLEITIMPL_030726_0121_20000000002403001315_000.jpg
3203752953;75510;NA;NA
3171271192;233361;NA;PSP_EXTRATLEITIMPL_030726_0121_20000000008152994501_000.jpg
3193203972;94414;T181;PSP_EXTRATLEITIMPL_030726_0121_20000000002552990603_000.jpg
3180076190;54350;NA;PSP_EXTRATLEITIMPL_030726_0121_20000000019603007177_000.jpg
3180038298;12665;NA;PSP_EXTRATLEITIMPL_030726_0121_20000000003503020211_000.jpg
3171736667;4836;NA;PSP_EXTRATLEITIMPL_030726_0121_20000000004753014678_000.jpg
3171835959;676066;NA;PSP_EXTRATLEITIMPL_030726_0121_20000000000552996034_000.jpg
3171759470;75173;NA;PSP_EXTRATLEITIMPL_030726_0121_20000000009602995539_000.jpg
3231971431;5757;NA;PSP_EXTRATLEITIMPL_030726_0121_20000000001053000297_000.jpg
3233444579;9574;NA;PSP_EXTRATLEITIMPL_030726_0121_20000000013452984880_000.jpg
3242667963;36922;T181;PSP_EXTRATLEITIMPL_030726_0121_20000000005902994643_000.jpg
3121747374;27719;NA;PSP_EXTRATLEITIMPL_030726_0121_20000000011552982559_000.jpg
3180250963;42710;NA;PSP_EXTRATLEITIMPL_030726_0121_20000000006503016182_000.jpg
3230077990;93495;NA;NA
5257971157/3180449042;3577;T181;PSP_EXTRATLEITIMPL_030726_0121_20000000013452984881_000.jpg
3231923038;2653;NA;PSP_EXTRATLEITIMPL_030726_0121_20000000017952980888_000.jpg
3180228879;8413;NA;PSP_EXTRATLEITIMPL_030726_0121_20000000019952997696_000.jpg
3171836564;5;M141;PSP_EXTRATLEITIMPL_030726_0121_20000000000102982662_001.jpg
3180440509;18672;NA;PSP_EXTRATLEITIMPL_030726_0121_20000000014102982530_000.jpg
3171218445;56839;NA;PSP_EXTRATLEITIMPL_030726_0121_20000000008502987411_000.jpg
3245077172;35692;NA;NA
3180217214;27967;NA;PSP_EXTRATLEITIMPL_030726_0121_20000000006603014153_000.jpg
3222308630;2427;NA;PSP_EXTRATLEITIMPL_030726_0121_20000000012602991596_000.jpg
6250628895/3223312003/3181705239;2201;T181;PSP_EXTRATLEITIMPL_030726_0121_20000000001303009419_000.jpg
3171707721;1334;T181;PSP_EXTRATLEITIMPL_030726_0121_20000000016753007456_000.jpg
3182234159;37090;NA;PSP_EXTRATLEITIMPL_030726_0121_20000000018202994681_000.jpg
5257403663/3213268197;11545;T181;PSP_EXTRATLEITIMPL_030726_0121_20000000011153003022_000.jpg
3220234850;34321;T181;PSP_EXTRATLEITIMPL_030726_0121_20000000008902986496_000.jpg
5257721991/3180715028;1287;NA;PSP_EXTRATLEITIMPL_030726_0121_20000000012452972672_000.jpg
3223331415;17737;NA;PSP_EXTRATLEITIMPL_030726_0121_20000000005853010124_000.jpg
3180827713;8541;NA;PSP_EXTRATLEITIMPL_030726_0121_20000000008652995730_000.jpg
3180774199;0;NA;PSP_EXTRATLEITIMPL_030726_0121_20000000015303018353_000.jpg
3180493831;165020;NA;NA
3170791281;17985;NA;PSP_EXTRATLEITIMPL_030726_0121_20000000019103002495_000.jpg
3193234673;17083;NA;PSP_EXTRATLEITIMPL_030726_0121_20000000019002999360_000.jpg
3180708943;9092;NA;PSP_EXTRATLEITIMPL_030726_0121_20000000002602997697_000.jpg
3203934210;23031;T181;PSP_EXTRATLEITIMPL_030726_0121_20000000010152997190_000.jpg
3191865927;300;P111;PSP_EXTRATLEITIMPL_030726_0121_20000000003603012183_000.jpg
5256716196/3243739550/3180788203;4082;T181;NA
3180156169;30490;NA;PSP_EXTRATLEITIMPL_030726_0121_20000000003503004759_000.jpg
3181250185;12747;L101;PSP_EXTRATLEITIMPL_030726_0121_20000000007452981992_000.jpg
3193212483;188444;T181;NA
3210270239;2709;P111;PSP_EXTRATLEITIMPL_030726_0121_20000000016002970947_000.jpg
6252250369/3225111528;1256;T111;PSP_EXTRATLEITIMPL_030726_0121_20000000019903000791_000.jpg
3224592026;3828;NA;PSP_EXTRATLEITIMPL_030726_0121_20000000004553011047_000.jpg
3181658656;9785;NA;PSP_EXTRATLEITIMPL_030726_0121_20000000016853012506_000.jpg
3172315770;2391;NA;PSP_EXTRATLEITIMPL_030726_0121_20000000013103006089_000.jpg
3181801700;12528;NA;PSP_EXTRATLEITIMPL_030726_0121_20000000017553020145_000.jpg
5260147562/3181357001;81;NA;PSP_EXTRATLEITIMPL_030726_0121_20000000006202991633_000.jpg
3181619324;20176;NA;PSP_EXTRATLEITIMPL_030726_0121_20000000017553012580_000.jpg
5260001266/5255952260/3245127773/5255952260/3220283118;8317;NA;NA
3190961434;8412;NA;PSP_EXTRATLEITIMPL_030726_0121_20000000015552989214_000.jpg
3201292467;23562;NA;PSP_EXTRATLEITIMPL_030726_0121_20000000014702997231_000.jpg
3180524389;9671;NA;NA
3180653626;621509;NA;NA
3241203602;41330;NA;NA
3180150942;13186;NA;PSP_EXTRATLEITIMPL_030726_0121_20000000019503009156_000.jpg
3200990888;1087;NA;PSP_EXTRATLEITIMPL_030726_0121_20000000014202992191_000.jpg
3141580026;3097;NA;PSP_EXTRATLEITIMPL_030726_0121_20000000005552979979_000.jpg
3181153180;12476;NA;PSP_EXTRATLEITIMPL_030726_0121_20000000004353013431_000.jpg
3181056168;405822;NA;PSP_EXTRATLEITIMPL_030726_0121_20000000005452982838_000.jpg
3171822741;59410;NA;NA
3181314019;2352;NA;PSP_EXTRATLEITIMPL_030726_0121_20000000018752999474_000.jpg
3242494686;22589;T181;NA
3193224996;3670;NA;PSP_EXTRATLEITIMPL_030726_0121_20000000004953015704_000.jpg
3211515324;16016;NA;PSP_EXTRATLEITIMPL_030726_0121_20000000012902985613_000.jpg
3131873726;39140;NA;PSP_EXTRATLEITIMPL_030726_0121_20000000013403001655_000.jpg
3190400335;20837;NA;PSP_EXTRATLEITIMPL_030726_0121_20000000013302986553_000.jpg
3190386022;23;NA;PSP_EXTRATLEITIMPL_030726_0121_20000000012752979693_000.jpg
3181315902;1121;NA;PSP_EXTRATLEITIMPL_030726_0121_20000000006303008326_000.jpg
6251611368/3181797842;20726;L131;PSP_EXTRATLEITIMPL_030726_0121_20000000009352987775_000.jpg
3172794857;22164;NA;PSP_EXTRATLEITIMPL_030726_0121_20000000002753013132_000.jpg
3193195600;8949;NA;PSP_EXTRATLEITIMPL_030726_0121_20000000012802990578_000.jpg
3245221362;2645;NA;NA
3241204609/3193211657;27019;NA;NA
3172188230;30764;NA;NA
3212398453;286300;NA;NA
3140481024;5345;L101;NA
3245262395/3182773408;514;NA;NA
3223314855;13407;T181;PSP_EXTRATLEITIMPL_030726_0121_20000000015452973957_000.jpg
3190400157;43433;NA;PSP_EXTRATLEITIMPL_030726_0121_20000000015802962989_000.jpg
3171818183;7672;NA;PSP_EXTRATLEITIMPL_030726_0121_20000000008402969954_000.jpg
3161165645;3;P111;PSP_EXTRATLEITIMPL_030726_0121_20000000002453003570_000.jpg
3242349384/3242361350;13470;NA;PSP_EXTRATLEITIMPL_030726_0121_20000000019553010492_000.jpg
82953388;74974;T111;PSP_EXTRATLEITIMPL_030726_0121_20000000007803007290_000.jpg
3182379394;15189;NA;PSP_EXTRATLEITIMPL_030726_0121_20000000013902978910_000.jpg
3182446113;19810;L101;PSP_EXTRATLEITIMPL_030726_0121_20000000010502985544_000.jpg
3193201244;78320;T181;PSP_EXTRATLEITIMPL_030726_0121_20000000006402982808_000.jpg
3183459634;3;P111;PSP_EXTRATLEITIMPL_030726_0121_20000000008453000014_000.jpg
3182384916;2099;NA;PSP_EXTRATLEITIMPL_030726_0121_20000000008252996164_000.jpg
3183504265;12718;NA;PSP_EXTRATLEITIMPL_030726_0121_20000000010252992195_000.jpg
3212308713;456717;NA;NA
3182325634;543;P111;PSP_EXTRATLEITIMPL_030726_0121_20000000005403021152_000.jpg
3182378231;12917;NA;PSP_EXTRATLEITIMPL_030726_0121_20000000017452995759_000.jpg
3212584818;40409;T181;PSP_EXTRATLEITIMPL_030726_0121_20000000019602997422_000.jpg
3244187454/3242513273/3242484699/3244187454;10450;NA;NA
90771302;34427;NA;PSP_EXTRATLEITIMPL_030726_0121_20000000002502998707_000.jpg
3190472468;22176;NA;PSP_EXTRATLEITIMPL_030726_0121_20000000015452991360_000.jpg
3211143516;301497;T181;PSP_EXTRATLEITIMPL_030726_0121_20000000016853012507_000.jpg
3182079870;15193;NA;PSP_EXTRATLEITIMPL_030726_0121_20000000016853014335_000.jpg
3223339513;12285;T181;PSP_EXTRATLEITIMPL_030726_0121_20000000004353019080_000.jpg
3226141722;164;NA;PSP_EXTRATLEITIMPL_030726_0121_20000000008653007350_000.jpg
3242338722/3180680585;9298;T181;PSP_EXTRATLEITIMPL_030726_0121_20000000013202982716_000.jpg
3225138671;57267;NA;NA
3181692668;224936;NA;NA
3180669107;216186;NA;NA
3190563056;38781;NA;PSP_EXTRATLEITIMPL_030726_0121_20000000018402994612_000.jpg
3245284860/3183677860;80;NA;NA
5257341552;119;M141;PSP_EXTRATLEITIMPL_030726_0121_20000000003902999407_000.jpg
3190383465;60596;NA;PSP_EXTRATLEITIMPL_030726_0121_20000000007953000405_000.jpg
3204765692;10561;NA;PSP_EXTRATLEITIMPL_030726_0121_20000000015602981947_000.jpg
3191023713;197452;NA;PSP_EXTRATLEITIMPL_030726_0121_20000000013752989527_000.jpg
3191023705;203187;NA;PSP_EXTRATLEITIMPL_030726_0121_20000000013602991499_000.jpg
3212665257;184509;NA;PSP_EXTRATLEITIMPL_030726_0121_20000000001353002604_000.jpg
3191146181;479;B111;PSP_EXTRATLEITIMPL_030726_0121_20000000006053001288_000.jpg
3201860180;0;B111;PSP_EXTRATLEITIMPL_030726_0121_20000000019553007675_000.jpg
3183704094;8741;NA;NA
3191018752;68746;NA;PSP_EXTRATLEITIMPL_030726_0121_20000000014952977649_000.jpg
3190769100;10668;NA;NA
3242471171;17763;NA;PSP_EXTRATLEITIMPL_030726_0121_20000000006502997826_000.jpg
3191060686;40694;NA;PSP_EXTRATLEITIMPL_030726_0121_20000000019653013013_000.jpg
3191762281;31359;NA;PSP_EXTRATLEITIMPL_030726_0121_20000000006253010437_000.jpg
3204858437;5767;NA;PSP_EXTRATLEITIMPL_030726_0121_20000000013002979363_000.jpg
3191441884;69911;NA;PSP_EXTRATLEITIMPL_030726_0121_20000000017803021184_000.jpg
3191187953;96784;NA;PSP_EXTRATLEITIMPL_030726_0121_20000000001653015103_000.jpg
3181690088;284217;NA;NA
3180652808;562634;NA;NA
3182531633;6752;NA;PSP_EXTRATLEITIMPL_030726_0121_20000000009952975597_000.jpg
3192070294;0;NA;NA
3191067370;21554;NA;NA
3204923085;357;P111;PSP_EXTRATLEITIMPL_030726_0121_20000000009002984869_000.jpg
3192063697;9959;NA;NA
3192472279;241195;NA;PSP_EXTRATLEITIMPL_030726_0121_20000000006703010261_000.jpg
3190837911;4458;NA;PSP_EXTRATLEITIMPL_030726_0121_20000000013153003160_000.jpg
3181690312;202488;NA;NA
3191255428;26594;L101;PSP_EXTRATLEITIMPL_030726_0121_20000000015052977550_000.jpg
3192157780;77252;NA;PSP_EXTRATLEITIMPL_030726_0121_20000000002003008597_000.jpg
3212439095;86895;NA;PSP_EXTRATLEITIMPL_030726_0121_20000000000602980533_000.jpg
3190418617;178432;NA;PSP_EXTRATLEITIMPL_030726_0121_20000000011552992548_000.jpg
3245238605;18156;NA;NA
3201580012;46080;NA;PSP_EXTRATLEITIMPL_030726_0121_20000000011802994668_000.jpg
3212597197;28;NA;PSP_EXTRATLEITIMPL_030726_0121_20000000007053008318_000.jpg
3191384996;5063;T111;PSP_EXTRATLEITIMPL_030726_0121_20000000010752993500_000.jpg
3223419916;12573;T181;PSP_EXTRATLEITIMPL_030726_0121_20000000011352981441_000.jpg
3191886924;95902;NA;PSP_EXTRATLEITIMPL_030726_0121_20000000003303022017_000.jpg
3160616627;3795;L101;PSP_EXTRATLEITIMPL_030726_0121_20000000007653004128_000.jpg
3243427192;25670;NA;NA
3172785718;35887;T181;PSP_EXTRATLEITIMPL_030726_0121_20000000015152982980_000.jpg
3181683383;653087;NA;NA
6251996545/3190987735;3;NA;PSP_EXTRATLEITIMPL_030726_0121_20000000004653012432_000.jpg
3192477483;51894;NA;PSP_EXTRATLEITIMPL_030726_0121_20000000018903013187_000.jpg
3192198495;22200;NA;PSP_EXTRATLEITIMPL_030726_0121_20000000017003008729_000.jpg
3190953059;6217;NA;PSP_EXTRATLEITIMPL_030726_0121_20000000015452992383_000.jpg
5255955359/3245127463/5255955359/3242485571;27469;NA;NA
3190843504;8285;NA;PSP_EXTRATLEITIMPL_030726_0121_20000000007853011157_000.jpg
3242655680;16424;NA;PSP_EXTRATLEITIMPL_030726_0121_20000000006603017163_000.jpg
3172766314/5256888841/3245075730;111605;NA;NA
3245286944/3192496518;12693;P111;PSP_EXTRATLEITIMPL_030726_0121_20000000015802989162_000.jpg
3190497339;30540;NA;PSP_EXTRATLEITIMPL_030726_0121_20000000003702990803_000.jpg
3211133804;317729;T181;PSP_EXTRATLEITIMPL_030726_0121_20000000003653007578_000.jpg
3190959898;3638;NA;PSP_EXTRATLEITIMPL_030726_0121_20000000017902987849_000.jpg
3244188302;25258;NA;NA
3241568783;14456;T181;PSP_EXTRATLEITIMPL_030726_0121_20000000008152997399_000.jpg
3192605155;5737;NA;PSP_EXTRATLEITIMPL_030726_0121_20000000001002970999_000.jpg
3201774720;17647;NA;NA
5256486212/3204975808;3834;T181;PSP_EXTRATLEITIMPL_030726_0121_20000000012103003394_000.jpg
3183671994;23369;NA;NA
3241519200/3243426625/3245164962/3241519200/3245164962/3243426625;191570;NA;NA
3242359339;28146;T181;PSP_EXTRATLEITIMPL_030726_0121_20000000008752996249_000.jpg
3193213080;35758;T181;PSP_EXTRATLEITIMPL_030726_0121_20000000018853000598_000.jpg
3212580618;77906;T181;PSP_EXTRATLEITIMPL_030726_0121_20000000019902998743_000.jpg
3181696280;256552;NA;NA
3193720225;529;NA;PSP_EXTRATLEITIMPL_030726_0121_20000000008402986527_000.jpg
3192555115;202;B111;PSP_EXTRATLEITIMPL_030726_0121_20000000011652997510_000.jpg
3190849332;2991;NA;PSP_EXTRATLEITIMPL_030726_0121_20000000004453025437_000.jpg
3192555107;15960;B111;PSP_EXTRATLEITIMPL_030726_0121_20000000013502982629_000.jpg
3180658962;159406;NA;NA
3220075507;23280;T181;PSP_EXTRATLEITIMPL_030726_0121_20000000015902984981_000.jpg
3192631296;10359;NA;PSP_EXTRATLEITIMPL_030726_0121_20000000017703010504_000.jpg
5260372000/3193228690;3260;NA;PSP_EXTRATLEITIMPL_030726_0121_20000000017753010424_000.jpg
3220261114;14842;T181;PSP_EXTRATLEITIMPL_030726_0121_20000000014602995654_000.jpg
3192452138;124524;M141;PSP_EXTRATLEITIMPL_030726_0121_20000000005103033001_000.jpg
3193669009;0;NA;PSP_EXTRATLEITIMPL_030726_0121_20000000018403004418_000.jpg
3192932636;1744;NA;PSP_EXTRATLEITIMPL_030726_0121_20000000019403007400_000.jpg
3171191474;4672;NA;PSP_EXTRATLEITIMPL_030726_0121_20000000004853033224_000.jpg
3192435179;4981;NA;NA
3192435160;0;NA;NA
3201620103;19074;NA;NA
3192777460;400;P111;PSP_EXTRATLEITIMPL_030726_0121_20000000008802995519_000.jpg
3230996465;19566;T181;PSP_EXTRATLEITIMPL_030726_0121_00000000000211778687_000.jpg
3241629510;17827;T181;PSP_EXTRATLEITIMPL_030726_0121_20000000001903013216_000.jpg
3220259381;10103;T181;PSP_EXTRATLEITIMPL_030726_0121_20000000006652999618_000.jpg
3192812630;97;B111;PSP_EXTRATLEITIMPL_030726_0121_20000000011952981572_000.jpg
3193057976;1642;NA;PSP_EXTRATLEITIMPL_030726_0121_20000000017452996569_000.jpg
3150059720;41755;NA;PSP_EXTRATLEITIMPL_030726_0121_20000000014053009131_000.jpg
3193877728;8002;NA;PSP_EXTRATLEITIMPL_030726_0121_20000000018103016192_000.jpg
3181688431;93;NA;PSP_EXTRATLEITIMPL_030726_0121_20000000007952984677_000.jpg
3220287571;23162;T181;PSP_EXTRATLEITIMPL_030726_0121_20000000001552997619_000.jpg
3244290450/3193046974;4354;T181;PSP_EXTRATLEITIMPL_030726_0121_20000000008152995518_000.jpg
3193394115;78699;NA;PSP_EXTRATLEITIMPL_030726_0121_20000000009553003018_000.jpg
3193422798;42413;NA;PSP_EXTRATLEITIMPL_030726_0121_20000000001602993993_000.jpg
3192792141;13554;NA;PSP_EXTRATLEITIMPL_030726_0121_20000000003203000796_000.jpg
3192787695;36249;NA;PSP_EXTRATLEITIMPL_030726_0121_20000000010552983590_000.jpg
3181691920;184299;L131;PSP_EXTRATLEITIMPL_030726_0121_20000000004453005995_002.jpg
3212502480;8447;NA;PSP_EXTRATLEITIMPL_030726_0121_20000000016053000421_001.jpg
3225068436;6624;NA;PSP_EXTRATLEITIMPL_030726_0121_20000000010602990455_001.jpg
3193392791;612;T111;PSP_EXTRATLEITIMPL_030726_0121_20000000008802995520_001.jpg
3181692722;552429;NA;NA
3193230864;147397;NA;PSP_EXTRATLEITIMPL_030726_0121_20000000009653006009_000.jpg
3200658760;6568;L101;PSP_EXTRATLEITIMPL_030726_0121_20000000019952988962_000.jpg
3211161662;27447;T181;PSP_EXTRATLEITIMPL_030726_0121_20000000006352992729_000.jpg
3201541092;14277;NA;NA
3201570041;16244;NA;PSP_EXTRATLEITIMPL_030726_0121_20000000000752999169_000.jpg
3221368370;191;P111;PSP_EXTRATLEITIMPL_030726_0121_20000000004053000811_000.jpg
5255959206/3245075056;15460;NA;NA
3192066033;7238;NA;NA
3200703277;8636;NA;PSP_EXTRATLEITIMPL_030726_0121_20000000018453002545_000.jpg
3181685491;146833;NA;NA
3192434881;0;NA;NA
3200187910;47151;NA;PSP_EXTRATLEITIMPL_030726_0121_20000000014502992346_000.jpg
3201931621;19;P111;PSP_EXTRATLEITIMPL_030726_0121_20000000002053010684_000.jpg
3193440885;8087;T111;PSP_EXTRATLEITIMPL_030726_0121_20000000016803020186_000.jpg
3200462059;13470;L101;PSP_EXTRATLEITIMPL_030726_0121_20000000013702990568_000.jpg
3243266270;241;NA;NA
3200386158;279;P111;PSP_EXTRATLEITIMPL_030726_0121_20000000012052989631_000.jpg
3193447464;160294;NA;PSP_EXTRATLEITIMPL_030726_0121_20000000001553015155_000.jpg
3200198017;1215;T111;PSP_EXTRATLEITIMPL_030726_0121_20000000016053000420_000.jpg
3193493490;48217;NA;PSP_EXTRATLEITIMPL_030726_0121_20000000003852989747_000.jpg
5256720541;35;P111;PSP_EXTRATLEITIMPL_030726_0121_20000000017303013602_000.jpg
3201791676;99561;NA;PSP_EXTRATLEITIMPL_030726_0121_20000000016253000202_000.jpg
3220256609;7237;T181;PSP_EXTRATLEITIMPL_030726_0121_20000000000052983947_000.jpg
3200842056;28228;NA;PSP_EXTRATLEITIMPL_030726_0121_20000000017053018200_000.jpg
3192531720;27486;NA;NA
3201020181;2563;NA;PSP_EXTRATLEITIMPL_030726_0121_20000000014852973813_000.jpg
3200923463;7083;NA;PSP_EXTRATLEITIMPL_030726_0121_20000000015452976812_000.jpg
3202506207;16326;NA;PSP_EXTRATLEITIMPL_030726_0121_20000000013202978850_000.jpg
3201061481;358668;NA;PSP_EXTRATLEITIMPL_030726_0121_20000000015402994072_000.jpg
3200959310;2870;NA;PSP_EXTRATLEITIMPL_030726_0121_20000000004953008922_000.jpg
3231068545;19017;T181;PSP_EXTRATLEITIMPL_030726_0121_20000000009902989528_000.jpg
3212430128;1027;NA;PSP_EXTRATLEITIMPL_030726_0121_20000000004703027357_001.jpg
3202536912;1713;NA;PSP_EXTRATLEITIMPL_030726_0121_20000000001103001101_000.jpg
3200918028;35521;NA;PSP_EXTRATLEITIMPL_030726_0121_20000000000103000089_000.jpg
6251134667/3241619647;1372;NA;PSP_EXTRATLEITIMPL_030726_0121_20000000003702990804_000.jpg
3220232351;44946;T181;PSP_EXTRATLEITIMPL_030726_0121_20000000002402994523_000.jpg
3202450317;110;NA;PSP_EXTRATLEITIMPL_030726_0121_20000000000802990347_000.jpg
3243425955;39343;NA;NA
3202906671;31275;NA;PSP_EXTRATLEITIMPL_030726_0121_20000000007153003531_000.jpg
3242749692;20581;NA;PSP_EXTRATLEITIMPL_030726_0121_20000000019952998766_000.jpg
3222740184;31670;T181;PSP_EXTRATLEITIMPL_030726_0121_20000000001152992554_000.jpg
3203643950;2400;M141;PSP_EXTRATLEITIMPL_030726_0121_20000000008103004540_000.jpg
3245192010;570;NA;NA
3210255930;10650;NA;PSP_EXTRATLEITIMPL_030726_0121_20000000013452993595_000.jpg
3203753151;119748;NA;NA
3211290608;38575;T181;PSP_EXTRATLEITIMPL_030726_0121_20000000005352993881_000.jpg
3181683952;410774;NA;PSP_EXTRATLEITIMPL_030726_0121_20000000010102977769_000.jpg
3201631849;123342;NA;PSP_EXTRATLEITIMPL_030726_0121_20000000000502966984_000.jpg
3204585821;6017;NA;PSP_EXTRATLEITIMPL_030726_0121_20000000012053009148_000.jpg
3201723450;96;NA;NA
3203031598;72768;NA;PSP_EXTRATLEITIMPL_030726_0121_20000000007052994706_000.jpg
3242435434;35618;L131;PSP_EXTRATLEITIMPL_030726_0121_20000000004653005533_000.jpg
3203890086;6900;NA;NA
3192394111;4911;NA;NA
3211757220;16041;L101;PSP_EXTRATLEITIMPL_030726_0121_20000000003603004548_000.jpg
3242531867;5055;T181;PSP_EXTRATLEITIMPL_030726_0121_20000000018602994802_000.jpg
3204282950;2364;NA;PSP_EXTRATLEITIMPL_030726_0121_20000000007853013022_000.jpg
3211982690;826;NA;PSP_EXTRATLEITIMPL_030726_0121_20000000016953008550_000.jpg
3244855422;1118;NA;PSP_EXTRATLEITIMPL_030726_0121_20000000003302996888_000.jpg
3204861705;5375;NA;PSP_EXTRATLEITIMPL_030726_0121_20000000011002985589_000.jpg
3210768628;9018;NA;PSP_EXTRATLEITIMPL_030726_0121_20000000014302985623_000.jpg
3210604684;2271;NA;PSP_EXTRATLEITIMPL_030726_0121_20000000015702973893_000.jpg
5256962847/3212447063;48807;NA;PSP_EXTRATLEITIMPL_030726_0121_20000000017602982767_000.jpg
3214284803;524354;NA;NA
3212311927;209816;NA;NA
3210392423;351;NA;PSP_EXTRATLEITIMPL_030726_0121_20000000004303009223_000.jpg
3205275737;301;P111;PSP_EXTRATLEITIMPL_030726_0121_20000000009452983625_000.jpg
3205423272;7329;NA;PSP_EXTRATLEITIMPL_030726_0121_20000000015153000529_000.jpg
3210470173;20773;NA;PSP_EXTRATLEITIMPL_030726_0121_20000000007803001532_000.jpg
3210535607;895;NA;PSP_EXTRATLEITIMPL_030726_0121_20000000013103003378_000.jpg
3212380767;278;NA;NA
3223839729;75933;NA;NA
3231115314;7412;NA;PSP_EXTRATLEITIMPL_030726_0121_20000000017102989879_000.jpg
3231199208;48665;NA;PSP_EXTRATLEITIMPL_030726_0121_20000000004353019081_000.jpg
3211850468;1908;P111;NA
3211407319;2015;NA;NA
3212188432;0;M141;PSP_EXTRATLEITIMPL_030726_0121_20000000012752975724_000.jpg
3222735636;23944;T181;PSP_EXTRATLEITIMPL_030726_0121_20000000019002994630_000.jpg
3212766541;4572;NA;PSP_EXTRATLEITIMPL_030726_0121_20000000018502994496_000.jpg
3212525765;57940;NA;PSP_EXTRATLEITIMPL_030726_0121_20000000016653005725_000.jpg
3222759861;14837;T181;PSP_EXTRATLEITIMPL_030726_0121_20000000002453000774_000.jpg
3212930198;945;T111;PSP_EXTRATLEITIMPL_030726_0121_20000000013052992457_000.jpg
3213061193;10111;NA;PSP_EXTRATLEITIMPL_030726_0121_20000000015752992420_000.jpg
3243397960;1915;NA;PSP_EXTRATLEITIMPL_030726_0121_20000000012752992342_000.jpg
3212719659;121218;T181;PSP_EXTRATLEITIMPL_030726_0121_20000000002602988983_000.jpg
5256887861/3245102177/5256887861/3220075116;3897;NA;NA
3225155010;61150;NA;PSP_EXTRATLEITIMPL_030726_0121_20000000010002990664_000.jpg
6251620189/3233227683;791;NA;NA
3232443811;500;NA;PSP_EXTRATLEITIMPL_030726_0121_20000000014803008060_000.jpg
3222377128;5671;L131;PSP_EXTRATLEITIMPL_030726_0121_20000000011352974514_000.jpg
3213188622;5888;NA;PSP_EXTRATLEITIMPL_030726_0121_20000000014603013136_000.jpg
3220343366;32243;T181;PSP_EXTRATLEITIMPL_030726_0121_20000000012002990405_000.jpg
3220390380;26234;NA;NA
3230048389;62162;NA;PSP_EXTRATLEITIMPL_030726_0121_20000000018903012269_000.jpg
3212635080;68201;NA;PSP_EXTRATLEITIMPL_030726_0121_20000000003103024027_000.jpg
3220475351;1929;NA;PSP_EXTRATLEITIMPL_030726_0121_20000000013403003605_000.jpg
3223379892;17470;T181;PSP_EXTRATLEITIMPL_030726_0121_20000000019053002369_000.jpg
3220406600;37171;NA;PSP_EXTRATLEITIMPL_030726_0121_20000000004253011662_000.jpg
3220476684;138394;NA;PSP_EXTRATLEITIMPL_030726_0121_20000000000952977672_000.jpg
3220466697;467;T181;PSP_EXTRATLEITIMPL_030726_0121_20000000005053027185_000.jpg
3231983324;1260;NA;PSP_EXTRATLEITIMPL_030726_0121_20000000016252992481_000.jpg
3220279145;41392;T181;PSP_EXTRATLEITIMPL_030726_0121_20000000002802996637_000.jpg
3221870246;14009;NA;PSP_EXTRATLEITIMPL_030726_0121_20000000016653022150_000.jpg
3210848915;63;P111;PSP_EXTRATLEITIMPL_030726_0121_20000000000352995580_000.jpg
3203786181;14933;T181;PSP_EXTRATLEITIMPL_030726_0121_20000000009402991201_000.jpg
3242495259;33243;T181;PSP_EXTRATLEITIMPL_030726_0121_20000000007002992797_000.jpg
3221491369;8052;NA;PSP_EXTRATLEITIMPL_030726_0121_20000000000302995158_000.jpg
3222599678;648;NA;PSP_EXTRATLEITIMPL_030726_0121_20000000016102969653_000.jpg
3223615430;4195;NA;PSP_EXTRATLEITIMPL_030726_0121_20000000000952972787_000.jpg
3222641291;1858;NA;PSP_EXTRATLEITIMPL_030726_0121_20000000002852988749_000.jpg
3222753081;17604;T181;PSP_EXTRATLEITIMPL_030726_0121_20000000011652990592_000.jpg
3212487880;40950;NA;PSP_EXTRATLEITIMPL_030726_0121_20000000001702985676_000.jpg
3222602261;4060;NA;PSP_EXTRATLEITIMPL_030726_0121_20000000005752988569_000.jpg
3223177351;99999;NA;PSP_EXTRATLEITIMPL_030726_0121_20000000005652982879_000.jpg
3220426776;14022;NA;PSP_EXTRATLEITIMPL_030726_0121_20000000009202989694_000.jpg
5257256113/3224384636;1905;T181;PSP_EXTRATLEITIMPL_030726_0121_20000000007853000554_000.jpg
3224460456;290;NA;PSP_EXTRATLEITIMPL_030726_0121_20000000006003000492_000.jpg
3212498857;194608;NA;NA
3212498563;66742;NA;NA
3223872998;20946;NA;NA
3242012045;878;NA;PSP_EXTRATLEITIMPL_030726_0121_20000000013853006096_000.jpg
6251103397/5260335849/3244245152;2021;T181;PSP_EXTRATLEITIMPL_030726_0121_20000000002153001213_000.jpg
5257114998/5250070022/3221100378;55;P111;PSP_EXTRATLEITIMPL_030726_0121_20000000009352998551_000.jpg
3225058643;31906;NA;PSP_EXTRATLEITIMPL_030726_0121_20000000018952987863_000.jpg
3220070211;9217;NA;NA
3222729415;12465;T181;PSP_EXTRATLEITIMPL_030726_0121_20000000019003006130_000.jpg
5256727023/3225271762;167;T181;PSP_EXTRATLEITIMPL_030726_0121_20000000002453010528_000.jpg
3225644348;3328;NA;PSP_EXTRATLEITIMPL_030726_0121_20000000010852979659_000.jpg
3225387019;6;P111;PSP_EXTRATLEITIMPL_030726_0121_20000000005153013780_000.jpg
3225474302;4860;NA;PSP_EXTRATLEITIMPL_030726_0121_20000000002403007022_000.jpg
3244273032;5397;T181;PSP_EXTRATLEITIMPL_030726_0121_20000000015802990021_000.jpg
3225720729;1661;L131;PSP_EXTRATLEITIMPL_030726_0121_20000000006453004512_000.jpg
3230457793;6014;NA;NA
3232900503;62039;NA;PSP_EXTRATLEITIMPL_030726_0121_20000000018603001724_000.jpg
3245094778/3230176239;7306;T181;PSP_EXTRATLEITIMPL_030726_0121_20000000000802993282_000.jpg
3242774247;11709;T181;PSP_EXTRATLEITIMPL_030726_0121_20000000018853012119_000.jpg
3225025788;1558;L101;PSP_EXTRATLEITIMPL_030726_0121_20000000010903008137_001.jpg
3225159156;7375;NA;PSP_EXTRATLEITIMPL_030726_0121_20000000011602978528_000.jpg
3225900301;2604;NA;PSP_EXTRATLEITIMPL_030726_0121_20000000010752991629_000.jpg
5260103425/3231570011;692;NA;PSP_EXTRATLEITIMPL_030726_0121_20000000001252987837_000.jpg
3230869161;5347;NA;PSP_EXTRATLEITIMPL_030726_0121_20000000016202995202_000.jpg
3231541283;144;T111;PSP_EXTRATLEITIMPL_030726_0121_20000000001803015631_000.jpg
6251127784;0;NA;PSP_EXTRATLEITIMPL_030726_0121_20000000019753002423_000.jpg
5257510885/3230769540;151;P111;PSP_EXTRATLEITIMPL_030726_0121_20000000012302983951_000.jpg
3231596029;3384;NA;PSP_EXTRATLEITIMPL_030726_0121_20000000000803002013_000.jpg
3231020194;18767;T181;PSP_EXTRATLEITIMPL_030726_0121_20000000000952978550_000.jpg
3231104576;16670;T181;PSP_EXTRATLEITIMPL_030726_0121_20000000005703008396_000.jpg
3223320138;94492;NA;PSP_EXTRATLEITIMPL_030726_0121_20000000011303005022_000.jpg
3223832848;2988;NA;PSP_EXTRATLEITIMPL_030726_0121_20000000009452972916_000.jpg
5255955227/3220289930/3245127285/5255955227/3244330974;57805;NA;NA
3230078083;272590;NA;NA
3245206096;6977;NA;NA
3231775497;2904;NA;PSP_EXTRATLEITIMPL_030726_0121_20000000007603000376_000.jpg
3233452695;64571;NA;PSP_EXTRATLEITIMPL_030726_0121_20000000012852983677_000.jpg
3232896255;39226;NA;PSP_EXTRATLEITIMPL_030726_0121_20000000005353019021_000.jpg
3233481989;26132;NA;PSP_EXTRATLEITIMPL_030726_0121_20000000010852987494_000.jpg
3232952490;1636;NA;PSP_EXTRATLEITIMPL_030726_0121_20000000002003019311_000.jpg
3232962983;10931;NA;PSP_EXTRATLEITIMPL_030726_0121_20000000000702983513_000.jpg
3231910963;1761;NA;PSP_EXTRATLEITIMPL_030726_0121_20000000019603005276_000.jpg
5257822208/3232840101;713;NA;PSP_EXTRATLEITIMPL_030726_0121_20000000011002994540_000.jpg
5257279970/3230616948;640;NA;NA
3232822855;9997;NA;PSP_EXTRATLEITIMPL_030726_0121_20000000000903004030_000.jpg
3233117560;447;P111;PSP_EXTRATLEITIMPL_030726_0121_20000000000552996036_000.jpg
5256890471/5256973083/5256890471/3242477846;24228;NA;NA
3241107280;2504;NA;PSP_EXTRATLEITIMPL_030726_0121_20000000003953005155_000.jpg
3220256153/3242691333;8877;T181;PSP_EXTRATLEITIMPL_030726_0121_20000000009152984818_001.jpg
3232675542;870;NA;PSP_EXTRATLEITIMPL_030726_0121_20000000010053004531_000.jpg
3242530224;20929;T181;PSP_EXTRATLEITIMPL_030726_0121_20000000008602993705_000.jpg
3244189988/3232372477;162;NA;PSP_EXTRATLEITIMPL_030726_0121_20000000019253007338_001.jpg
6251140837/3242422758/3232374119;1644;T181;PSP_EXTRATLEITIMPL_030726_0121_20000000004553008343_000.jpg
3241635332;5338;T181;PSP_EXTRATLEITIMPL_030726_0121_20000000010753004351_000.jpg
6251398249/3241706213;24;NA;PSP_EXTRATLEITIMPL_030726_0121_20000000007152986955_000.jpg
3241842842;1213;NA;PSP_EXTRATLEITIMPL_030726_0121_20000000005503003579_000.jpg
3232859007;6617;NA;PSP_EXTRATLEITIMPL_030726_0121_20000000013103002401_000.jpg
3233201455;3226;NA;PSP_EXTRATLEITIMPL_030726_0121_20000000015152986837_000.jpg
3245220714;21;NA;NA
3242277235/3242527843;18417;T181;NA
3220212350;1095;NA;NA
3242717677;113;NA;PSP_EXTRATLEITIMPL_030726_0121_20000000004953016754_000.jpg
5256954240/3233492212;0;NA;PSP_EXTRATLEITIMPL_030726_0121_20000000004502987836_001.jpg
3172770044/5257489339/3172770044/3241193860;23227;NA;NA
5256940762/3245095553/3242495143;0;T181;PSP_EXTRATLEITIMPL_030726_0121_20000000013802991517_000.jpg
3233461422;37953;NA;NA
3231948308;459;NA;PSP_EXTRATLEITIMPL_030726_0121_20000000009552978753_000.jpg
3241601241;126665;NA;PSP_EXTRATLEITIMPL_030726_0121_20000000006402984650_000.jpg
3242694570;13005;NA;PSP_EXTRATLEITIMPL_030726_0121_20000000002552984866_000.jpg
3242510380;7782;T181;PSP_EXTRATLEITIMPL_030726_0121_20000000016202973835_000.jpg
3242646060;2153;NA;PSP_EXTRATLEITIMPL_030726_0121_20000000004253017490_001.jpg
3241457620;1547;NA;PSP_EXTRATLEITIMPL_030726_0121_20000000005503011340_000.jpg
3244330125;0;NA;PSP_EXTRATLEITIMPL_030726_0121_20000000013553001013_000.jpg
3242477455;9167;NA;PSP_EXTRATLEITIMPL_030726_0121_20000000003752996423_001.jpg
3244329933;620;NA;PSP_EXTRATLEITIMPL_030726_0121_20000000006353012204_001.jpg
3244276660;67657;T181;PSP_EXTRATLEITIMPL_030726_0121_20000000003703013175_000.jpg
6251956187/3243666383;1354;T181;PSP_EXTRATLEITIMPL_030726_0121_20000000015603001386_000.jpg
3243653362;35;L101;PSP_EXTRATLEITIMPL_030726_0121_20000000010003002284_000.jpg
3243902052;553;NA;PSP_EXTRATLEITIMPL_030726_0121_20000000010302983830_000.jpg
3242967061;2879;NA;PSP_EXTRATLEITIMPL_030726_0121_20000000017653004772_000.jpg
3245221036;8013;NA;NA
3245193075;5003;NA;NA
3245205014;11562;NA;NA
3245205707;13;NA;NA
3245206479;16;NA;NA
5250121700;27;NA;PSP_EXTRATLEITIMPL_030726_0121_20000000018103004533_000.jpg
5252352823;1173;NA;PSP_EXTRATLEITIMPL_030726_0121_20000000007203017026_000.jpg
3244554821;15016;NA;NA
5250070430;8564;NA;PSP_EXTRATLEITIMPL_030726_0121_20000000002552983992_000.jpg
5250099330;30;NA;PSP_EXTRATLEITIMPL_030726_0121_20000000009352986749_000.jpg
3243500337;650;NA;NA
5250096544;305;P111;NA
3245228090;9;NA;NA
3244753549;967;NA;PSP_EXTRATLEITIMPL_030726_0121_20000000001402995747_000.jpg
3243865084;2047;NA;PSP_EXTRATLEITIMPL_030726_0121_20000000007752989753_000.jpg
3244176401;1296;NA;PSP_EXTRATLEITIMPL_030726_0121_20000000014952996015_000.jpg
5257513523/3244178463;0;P111;PSP_EXTRATLEITIMPL_030726_0121_20000000017452986958_000.jpg
3242437461;1413;NA;PSP_EXTRATLEITIMPL_030726_0121_20000000008652985975_000.jpg
5256722510;71;NA;PSP_EXTRATLEITIMPL_030726_0121_20000000016853004777_000.jpg
3243114941/5256513708;1269;P111;PSP_EXTRATLEITIMPL_030726_0121_20000000008552993590_000.jpg
5256558230;2045;NA;PSP_EXTRATLEITIMPL_030726_0121_20000000012852988495_000.jpg
5256584923;4480;NA;PSP_EXTRATLEITIMPL_030726_0121_20000000005203019354_000.jpg
5257657436;4887;T181;PSP_EXTRATLEITIMPL_030726_0121_20000000013202985503_000.jpg
3245235568;1104;NA;NA
5257793933;5544;NA;PSP_EXTRATLEITIMPL_030726_0121_20000000018802976973_000.jpg
3242423959;1121;NA;PSP_EXTRATLEITIMPL_030726_0121_20000000016753000610_000.jpg
3172786480;0;T161;PSP_EXTRATLEITIMPL_030726_0121_20000000018303008214_001.jpg
6251156024;0;NA;PSP_EXTRATLEITIMPL_030726_0121_20000000019952993611_001.jpg
6251257351;1;NA;NA
6250883224;203;NA;PSP_EXTRATLEITIMPL_030726_0121_20000000017203010192_000.jpg
5257852093;2613;NA;PSP_EXTRATLEITIMPL_030726_0121_20000000000952994196_000.jpg
6252216381;99999;L131;NA
6252201589;0;NA;PSP_EXTRATLEITIMPL_030726_0121_20000000002053025201_000.jpg
6252251110;999999;NA;PSP_EXTRATLEITIMPL_030726_0121_20000000011702994327_000.jpg
5257893296;99999;T181;PSP_EXTRATLEITIMPL_030726_0121_20000000019252992767_000.jpg
6252116018;2528;NA;PSP_EXTRATLEITIMPL_030726_0121_20000000004753005856_000.jpg
6252112969;99999;NA;PSP_EXTRATLEITIMPL_030726_0121_20000000017603002054_000.jpg
3224682564;5144;NA;NA
6252250059;3010;T181;PSP_EXTRATLEITIMPL_030726_0121_20000000007652992545_000.jpg
6252124339;99999;T181;PSP_EXTRATLEITIMPL_030726_0121_20000000008002999203_000.jpg
6252262880;999999;NA;NA
6251909170;99999;T181;PSP_EXTRATLEITIMPL_030726_0121_20000000012952992184_000.jpg
6252013383;99999;NA;PSP_EXTRATLEITIMPL_030726_0121_20000000013252986510_000.jpg
3200418173;1991;NA;NA
3193505979;98713;NA;PSP_EXTRATLEITIMPL_030726_0121_20000000005053026041_000.jpg
3193792846;18319;NA;PSP_EXTRATLEITIMPL_030726_0121_20000000013502995422_000.jpg
3200196774;14;P111;PSP_EXTRATLEITIMPL_030726_0121_20000000010053005447_000.jpg
3204272122;26616;T181;PSP_EXTRATLEITIMPL_030726_0121_20000000014852982605_000.jpg
3223307638;77;T181;PSP_EXTRATLEITIMPL_030726_0121_20000000009902980976_001.jpg
6252265870/3201066998;999999;NA;PSP_EXTRATLEITIMPL_030726_0121_20000000002953009342_000.jpg
6251410575/3201769719;218;NA;PSP_EXTRATLEITIMPL_030726_0121_20000000002803001716_000.jpg
3243774305;17560;T181;PSP_EXTRATLEITIMPL_030726_0121_20000000017703016405_000.jpg
3220341037;18806;T181;PSP_EXTRATLEITIMPL_030726_0121_20000000014302991488_000.jpg
3201643570;17255;NA;PSP_EXTRATLEITIMPL_030726_0121_20000000003402994710_000.jpg
3230107938;40395;NA;PSP_EXTRATLEITIMPL_030726_0121_20000000016302999220_000.jpg
3202088146;2691;NA;PSP_EXTRATLEITIMPL_030726_0121_20000000010952977750_000.jpg
3225146488;18395;NA;NA
3203416570;3600;NA;PSP_EXTRATLEITIMPL_030726_0121_20000000000053013024_000.jpg
3202577570;2270;NA;PSP_EXTRATLEITIMPL_030726_0121_20000000002203000314_000.jpg
3231082254;15023;NA;PSP_EXTRATLEITIMPL_030726_0121_20000000001803011696_000.jpg
3231214355;1;P111;PSP_EXTRATLEITIMPL_030726_0121_20000000010952989502_000.jpg
3242351796;11053;T181;PSP_EXTRATLEITIMPL_030726_0121_20000000003103015233_000.jpg
3202720845;11133;NA;PSP_EXTRATLEITIMPL_030726_0121_20000000005303017219_000.jpg
3201656370;11740;NA;PSP_EXTRATLEITIMPL_030726_0121_20000000013403013094_000.jpg
3201712849;371322;NA;PSP_EXTRATLEITIMPL_030726_0121_20000000019752989767_000.jpg
3202384080;29;P111;PSP_EXTRATLEITIMPL_030726_0121_20000000005852984989_000.jpg
3203580036;7345;NA;PSP_EXTRATLEITIMPL_030726_0121_20000000001852989995_000.jpg
3201172348;5491;NA;PSP_EXTRATLEITIMPL_030726_0121_20000000008052993493_000.jpg
3223292363;20022;T181;PSP_EXTRATLEITIMPL_030726_0121_20000000009453002024_000.jpg
3230006708;12204;T181;PSP_EXTRATLEITIMPL_030726_0121_20000000017403009469_000.jpg
6252031446;99999;R111;PSP_EXTRATLEITIMPL_030726_0121_20000000000502977624_000.jpg
3225857694;5;P111;PSP_EXTRATLEITIMPL_030726_0121_20000000002003011599_000.jpg
3204539218;25118;NA;PSP_EXTRATLEITIMPL_030726_0121_20000000008002984664_000.jpg
3223281990;144905;T181;PSP_EXTRATLEITIMPL_030726_0121_20000000015452999197_000.jpg
3204104351;6049;NA;PSP_EXTRATLEITIMPL_030726_0121_20000000005903011178_000.jpg
3211210990;2281;NA;PSP_EXTRATLEITIMPL_030726_0121_20000000006803005480_000.jpg
3230551595;28121;NA;PSP_EXTRATLEITIMPL_030726_0121_20000000011752999188_000.jpg
3241206474;37950;NA;NA
3192393808;2929;NA;NA
3212434484;12888;NA;PSP_EXTRATLEITIMPL_030726_0121_20000000006603007578_000.jpg
3204270669;1;T161;PSP_EXTRATLEITIMPL_030726_0121_20000000016803003688_000.jpg
5256218200/3242339052;16957;T181;PSP_EXTRATLEITIMPL_030726_0121_20000000008402972739_000.jpg
3180598765;625;NA;NA
3211757379;10698;L101;PSP_EXTRATLEITIMPL_030726_0121_20000000012952973700_000.jpg
3242919822;9583;T181;NA
3212729476;17795;T181;PSP_EXTRATLEITIMPL_030726_0121_20000000003303016344_000.jpg
3202930319;536;P111;PSP_EXTRATLEITIMPL_030726_0121_20000000014652987543_000.jpg
3211786700;140;P111;PSP_EXTRATLEITIMPL_030726_0121_20000000013452998517_000.jpg
3205232205;7802;NA;PSP_EXTRATLEITIMPL_030726_0121_20000000003952997443_000.jpg
3212734577;27690;T181;PSP_EXTRATLEITIMPL_030726_0121_20000000009452998208_000.jpg
3212311277;186469;NA;NA
3245075781;3377;NA;NA
3244272508/3230859824;4670;T181;PSP_EXTRATLEITIMPL_030726_0121_20000000010903003142_000.jpg
3212729450;42303;T181;PSP_EXTRATLEITIMPL_030726_0121_20000000010352998411_000.jpg
3210434223;53100;NA;PSP_EXTRATLEITIMPL_030726_0121_20000000007003007416_000.jpg
3210148492;13091;NA;PSP_EXTRATLEITIMPL_030726_0121_20000000015452995364_000.jpg
3192396700;5704;NA;NA
3222735741;46965;T181;PSP_EXTRATLEITIMPL_030726_0121_20000000005803002413_000.jpg
3242275895;69404;NA;NA
3243791692/3210969968;1527;NA;PSP_EXTRATLEITIMPL_030726_0121_20000000012402976787_000.jpg
3213029656;6484;NA;PSP_EXTRATLEITIMPL_030726_0121_20000000019053003293_000.jpg
3230078504;96357;NA;NA
3242351095/3172785670;8410;T181;PSP_EXTRATLEITIMPL_030726_0121_20000000017603007012_000.jpg
3220244104;260133;NA;NA
3243660857/3213050159;3;B111;PSP_EXTRATLEITIMPL_030726_0121_20000000005153032025_000.jpg
3211533632;65168;NA;PSP_EXTRATLEITIMPL_030726_0121_20000000015202994606_000.jpg
3223295303;10823;T181;PSP_EXTRATLEITIMPL_030726_0121_20000000002953013188_000.jpg
3230052947;245346;NA;PSP_EXTRATLEITIMPL_030726_0121_20000000015353008199_000.jpg
3220239160;7379;T181;PSP_EXTRATLEITIMPL_030726_0121_20000000010353001329_000.jpg
3225054559;442789;NA;PSP_EXTRATLEITIMPL_030726_0121_20000000014002975759_000.jpg
3214284226;174809;NA;NA
3214282207;123093;NA;NA
3212352836;210424;T111;PSP_EXTRATLEITIMPL_030726_0121_20000000009652981781_000.jpg
3214282100;73815;NA;NA
5255956401/5256973792/5255956401/3241628107/3230082048/3241628107;3;NA;NA
3211722150;1196;NA;NA
3241582441;61014;NA;NA
3220809950;7444;NA;PSP_EXTRATLEITIMPL_030726_0121_20000000016703024466_000.jpg
3220642932/5256945985/3220642932;102;P111;PSP_EXTRATLEITIMPL_030726_0121_20000000018402988737_000.jpg
3220834254;885;P111;PSP_EXTRATLEITIMPL_030726_0121_20000000001803022367_000.jpg
3214284838;182842;NA;NA
3220759341;938;P111;PSP_EXTRATLEITIMPL_030726_0121_20000000014603007161_000.jpg
3221871501;1600;NA;PSP_EXTRATLEITIMPL_030726_0121_20000000016353003178_000.jpg
3242280163/3171699958;47050;NA;NA
3220749842;4363;NA;PSP_EXTRATLEITIMPL_030726_0121_20000000012802983786_000.jpg
3242457012;32863;NA;PSP_EXTRATLEITIMPL_030726_0121_20000000017353013639_000.jpg
3242497774;4833;T181;PSP_EXTRATLEITIMPL_030726_0121_20000000012853004023_000.jpg
3203774698;17388;T181;PSP_EXTRATLEITIMPL_030726_0121_20000000000602998023_000.jpg
3223747042;810;NA;PSP_EXTRATLEITIMPL_030726_0121_20000000013652981669_000.jpg
6251142163/5257491520/3242655108;3654;T181;PSP_EXTRATLEITIMPL_030726_0121_20000000005602987068_000.jpg
3214103116;0;NA;NA
3220230790;83877;T181;PSP_EXTRATLEITIMPL_030726_0121_20000000010252978610_000.jpg
3223332845;14130;T181;PSP_EXTRATLEITIMPL_030726_0121_20000000015452999198_000.jpg
3223463826;9075;NA;PSP_EXTRATLEITIMPL_030726_0121_20000000014202995019_000.jpg
3223431460;36984;T181;PSP_EXTRATLEITIMPL_030726_0121_20000000011003008115_000.jpg
3230081700;805702;NA;NA
3233459282;7725;NA;PSP_EXTRATLEITIMPL_030726_0121_20000000010952981631_000.jpg
3225058392;3812;NA;NA
3220451428;25516;NA;NA
3242809164;6859;NA;PSP_EXTRATLEITIMPL_030726_0121_20000000002903016168_000.jpg
3231098169;136375;T181;PSP_EXTRATLEITIMPL_030726_0121_20000000018852998673_000.jpg
3225051550;12693;NA;PSP_EXTRATLEITIMPL_030726_0121_20000000015303004570_000.jpg
3220953830;8699;NA;PSP_EXTRATLEITIMPL_030726_0121_20000000000502982509_000.jpg
3224802993;13;P111;PSP_EXTRATLEITIMPL_030726_0121_20000000016552992584_000.jpg
3241659541;3833;NA;PSP_EXTRATLEITIMPL_030726_0121_20000000006453003583_000.jpg
5256935670/3222708558;0;T161;PSP_EXTRATLEITIMPL_030726_0121_20000000000252995765_001.jpg
3245219120;2465;NA;NA
3225380472;1387;NA;PSP_EXTRATLEITIMPL_030726_0121_20000000014653000086_000.jpg
3223121321;54591;NA;PSP_EXTRATLEITIMPL_030726_0121_20000000014102984441_000.jpg
3225059500;33532;NA;PSP_EXTRATLEITIMPL_030726_0121_20000000019053010020_000.jpg
3225920892;626;P111;PSP_EXTRATLEITIMPL_030726_0121_20000000016703030028_000.jpg
3225923344;3272;NA;PSP_EXTRATLEITIMPL_030726_0121_20000000003553004573_000.jpg
3192392569;48834;NA;NA
3225668913;2065;NA;PSP_EXTRATLEITIMPL_030726_0121_20000000013052996145_000.jpg
3231065163;29115;T181;PSP_EXTRATLEITIMPL_030726_0121_20000000007552998450_000.jpg
5255952350/3243802856/3225132223;12907;NA;NA
3224095073;3304;NA;PSP_EXTRATLEITIMPL_030726_0121_20000000005503009414_000.jpg
6251003147/3226098444;1131;NA;PSP_EXTRATLEITIMPL_030726_0121_20000000014302978746_000.jpg
3232083637;16736;NA;PSP_EXTRATLEITIMPL_030726_0121_20000000008002990555_000.jpg
3244960366;181;P111;PSP_EXTRATLEITIMPL_030726_0121_20000000000902990638_000.jpg
3225178541;4340;L101;PSP_EXTRATLEITIMPL_030726_0121_20000000015652982571_000.jpg
3221065556;1742;NA;PSP_EXTRATLEITIMPL_030726_0121_20000000010553005036_000.jpg
5256967113/3223322580;22974;NA;PSP_EXTRATLEITIMPL_030726_0121_20000000009952980441_000.jpg
3241464732;27;P111;PSP_EXTRATLEITIMPL_030726_0121_20000000004653009522_000.jpg
6251150999/3225110637;1624;T161;PSP_EXTRATLEITIMPL_030726_0121_20000000012252994466_000.jpg
3225167388;165676;NA;PSP_EXTRATLEITIMPL_030726_0121_20000000005302998744_000.jpg
5259102636;14817;NA;PSP_EXTRATLEITIMPL_030726_0121_20000000000202982559_000.jpg
3223302083;3719;NA;PSP_EXTRATLEITIMPL_030726_0121_20000000013653004106_000.jpg
5261790159/3244641945/3233192618;1074;NA;PSP_EXTRATLEITIMPL_030726_0121_20000000005402999751_000.jpg
3242696343;25060;NA;PSP_EXTRATLEITIMPL_030726_0121_20000000009203001501_000.jpg
3233262594;2795;NA;PSP_EXTRATLEITIMPL_030726_0121_20000000000253010307_000.jpg
3231743013;170797;NA;NA
3233492832;73;NA;NA
3232081936;9612;NA;PSP_EXTRATLEITIMPL_030726_0121_20000000010952996226_000.jpg
3233172064;391;NA;PSP_EXTRATLEITIMPL_030726_0121_20000000014252986495_000.jpg
3241714488;10237;NA;PSP_EXTRATLEITIMPL_030726_0121_20000000018303012027_000.jpg
6251925362/3232113293;4987;NA;PSP_EXTRATLEITIMPL_030726_0121_20000000016953014337_000.jpg
3230042488;3854;NA;PSP_EXTRATLEITIMPL_030726_0121_20000000015852979596_000.jpg
3232910916;6664;NA;NA
3232917015;391;NA;PSP_EXTRATLEITIMPL_030726_0121_20000000017503006575_000.jpg
3241607037;9428;NA;PSP_EXTRATLEITIMPL_030726_0121_20000000004753008622_000.jpg
3232964790;8547;NA;PSP_EXTRATLEITIMPL_030726_0121_20000000002453005670_000.jpg
3232507186;697;NA;PSP_EXTRATLEITIMPL_030726_0121_20000000002602992983_000.jpg
3245220110;9542;P111;PSP_EXTRATLEITIMPL_030726_0121_20000000000552979715_000.jpg
3233096473;4003;NA;PSP_EXTRATLEITIMPL_030726_0121_20000000002952999653_000.jpg
3232676700;369;NA;PSP_EXTRATLEITIMPL_030726_0121_20000000018903007513_000.jpg
3245222288;506;NA;NA
3241602914;2373;NA;PSP_EXTRATLEITIMPL_030726_0121_20000000009002990526_001.jpg
3232734093;402;NA;PSP_EXTRATLEITIMPL_030726_0121_20000000007152999629_000.jpg
3233476470;25762;NA;PSP_EXTRATLEITIMPL_030726_0121_20000000014802989781_000.jpg
3245193059;1535;NA;NA
3232355661;4640;NA;PSP_EXTRATLEITIMPL_030726_0121_20000000007652996443_000.jpg
3241683442;86;NA;PSP_EXTRATLEITIMPL_030726_0121_20000000007253017018_000.jpg
3242342304;19850;NA;NA
6251156172/3241608653;0;NA;PSP_EXTRATLEITIMPL_030726_0121_20000000005652992616_000.jpg
3241680834;3;P111;PSP_EXTRATLEITIMPL_030726_0121_20000000019803000774_000.jpg
3241058629;17621;T181;PSP_EXTRATLEITIMPL_030726_0121_20000000007702991770_000.jpg
5256229937/3241628239;8881;T181;PSP_EXTRATLEITIMPL_030726_0121_20000000005702999644_000.jpg
3241714119;3513;NA;PSP_EXTRATLEITIMPL_030726_0121_20000000003752981737_000.jpg
3241198439;1293;NA;PSP_EXTRATLEITIMPL_030726_0121_20000000010003002288_000.jpg
3223313476;57653;NA;PSP_EXTRATLEITIMPL_030726_0121_20000000002753016163_000.jpg
3232440340;8029;NA;PSP_EXTRATLEITIMPL_030726_0121_20000000019553020261_000.jpg
3242040812;8236;NA;PSP_EXTRATLEITIMPL_030726_0121_20000000007852985915_000.jpg
3232391951;3853;NA;NA
3241198188;4373;NA;PSP_EXTRATLEITIMPL_030726_0121_20000000011502998410_000.jpg
3226214177;9193;NA;PSP_EXTRATLEITIMPL_030726_0121_20000000012852992558_000.jpg
3220177539;1618;NA;NA
3242173960;1882;NA;PSP_EXTRATLEITIMPL_030726_0121_20000000017452995762_000.jpg
3232597444;1019;NA;PSP_EXTRATLEITIMPL_030726_0121_20000000015252994622_000.jpg
3232023456;7969;NA;PSP_EXTRATLEITIMPL_030726_0121_20000000005153028040_000.jpg
3242421166;1069;NA;PSP_EXTRATLEITIMPL_030726_0121_20000000018003015431_000.jpg
3233243301;1;P111;PSP_EXTRATLEITIMPL_030726_0121_20000000008502995019_000.jpg
3242090127;2010;NA;PSP_EXTRATLEITIMPL_030726_0121_20000000011552984699_000.jpg
3243422158;667;T181;PSP_EXTRATLEITIMPL_030726_0121_20000000014152986516_000.jpg
6250890590/3243120020;7;NA;PSP_EXTRATLEITIMPL_030726_0121_20000000018152998490_000.jpg
3241408042;354;T181;PSP_EXTRATLEITIMPL_030726_0121_20000000006153002518_000.jpg
5256931879/3242663046/3233395705;3508;T181;PSP_EXTRATLEITIMPL_030726_0121_20000000014352971551_000.jpg
3242530666;6651;T181;PSP_EXTRATLEITIMPL_030726_0121_20000000003203015343_000.jpg
3243401762;2158;NA;NA
3243373548;1153;NA;PSP_EXTRATLEITIMPL_030726_0121_20000000003103014364_000.jpg
3243002698;1022;NA;PSP_EXTRATLEITIMPL_030726_0121_20000000004253023256_000.jpg
3243878283;8300;T181;PSP_EXTRATLEITIMPL_030726_0121_20000000014603014027_000.jpg
3241636410;5411;T181;NA
3244430642;1467;NA;PSP_EXTRATLEITIMPL_030726_0121_20000000006653016098_000.jpg
3243758520;259;NA;PSP_EXTRATLEITIMPL_030726_0121_20000000003052996673_000.jpg
3232197535;677;NA;PSP_EXTRATLEITIMPL_030726_0121_20000000007253014202_000.jpg
3245190238;812;NA;NA
3245190246;341;NA;NA
3245222261;396;NA;NA
3243341360;44;B111;PSP_EXTRATLEITIMPL_030726_0121_20000000000302969916_000.jpg
3245206410;0;NA;NA
3245206380;820;NA;NA
3244578410;161;P111;PSP_EXTRATLEITIMPL_030726_0121_20000000002753001652_000.jpg
5250028999;5488;NA;PSP_EXTRATLEITIMPL_030726_0121_20000000008402991159_000.jpg
5256933340/3244553230;11922;NA;PSP_EXTRATLEITIMPL_030726_0121_20000000019553016324_000.jpg
6252252159/3245140621;2681;NA;PSP_EXTRATLEITIMPL_030726_0121_20000000008803003202_000.jpg
6252263878/3244925242;2469;NA;PSP_EXTRATLEITIMPL_030726_0121_20000000018052993534_000.jpg
5257673040;2287;NA;PSP_EXTRATLEITIMPL_030726_0121_20000000012602996512_000.jpg
5256475270;98;T181;PSP_EXTRATLEITIMPL_030726_0121_20000000016202970949_000.jpg
5252546849;202;NA;NA
3242426435;0;NA;NA
5256756988;38861;NA;PSP_EXTRATLEITIMPL_030726_0121_20000000000852993338_000.jpg
3245238052;0;NA;PSP_EXTRATLEITIMPL_030726_0121_20000000011202980837_000.jpg
3245236980;56;NA;PSP_EXTRATLEITIMPL_030726_0121_20000000015502974790_000.jpg
5256520720;16758;NA;PSP_EXTRATLEITIMPL_030726_0121_20000000016352984586_000.jpg
5256619417;29;NA;PSP_EXTRATLEITIMPL_030726_0121_20000000009802991434_000.jpg
3243644240;49;NA;PSP_EXTRATLEITIMPL_030726_0121_20000000016052990653_000.jpg
5256643440;39399;NA;PSP_EXTRATLEITIMPL_030726_0121_20000000016703016579_000.jpg
5256514305;1;NA;PSP_EXTRATLEITIMPL_030726_0121_20000000002352998579_000.jpg
5257682708;238;NA;NA
5257629190;362;NA;PSP_EXTRATLEITIMPL_030726_0121_20000000018453003412_000.jpg
5256223939;0;NA;NA
5257685022;326;P111;PSP_EXTRATLEITIMPL_030726_0121_20000000010202998363_000.jpg
5252374592;409;NA;PSP_EXTRATLEITIMPL_030726_0121_20000000019702988559_000.jpg
5257657339;626;M141;NA
5257083952;612;NA;PSP_EXTRATLEITIMPL_030726_0121_20000000004353004800_000.jpg
5257488820;2331;NA;PSP_EXTRATLEITIMPL_030726_0121_20000000017102991799_000.jpg
5257253734;1248;NA;PSP_EXTRATLEITIMPL_030726_0121_20000000007452986773_000.jpg
5257066551;18252;NA;PSP_EXTRATLEITIMPL_030726_0121_20000000019953003518_000.jpg
5257621032;99999;NA;PSP_EXTRATLEITIMPL_030726_0121_20000000016703011789_000.jpg
5257362703;1084;NA;PSP_EXTRATLEITIMPL_030726_0121_20000000005903006287_000.jpg
5258000511;0;T161;PSP_EXTRATLEITIMPL_030726_0121_20000000011102990326_000.jpg
6251422638;781;NA;NA
5257569430/6251411636;99999;NA;NA
6251195500;0;T161;PSP_EXTRATLEITIMPL_030726_0121_20000000009202987657_000.jpg
6252024970;99999;NA;PSP_EXTRATLEITIMPL_030726_0121_20000000017253022024_000.jpg
6252167860;99999;NA;PSP_EXTRATLEITIMPL_030726_0121_20000000010202986645_000.jpg
6252198820;99999;NA;PSP_EXTRATLEITIMPL_030726_0121_20000000019152985983_000.jpg
5260216157;0;NA;PSP_EXTRATLEITIMPL_030726_0121_20000000002152999144_000.jpg
5260270437;0;NA;PSP_EXTRATLEITIMPL_030726_0121_20000000004703031191_000.jpg
6252205665;99999;NA;PSP_EXTRATLEITIMPL_030726_0121_20000000013952982648_000.jpg
6251020521;0;NA;PSP_EXTRATLEITIMPL_030726_0121_20000000013952989414_000.jpg
6252412482;0;NA;PSP_EXTRATLEITIMPL_030726_0121_20000000002903015207_000.jpg
3193420418;60357;NA;PSP_EXTRATLEITIMPL_030726_0121_20000000016303002189_000.jpg
3193493482;12162;NA;PSP_EXTRATLEITIMPL_030726_0121_20000000013952993235_000.jpg
3242984403;1263;NA;PSP_EXTRATLEITIMPL_030726_0121_20000000009852997576_000.jpg
5256887110/3245102665/5256887110/3242657623;19321;NA;NA
3193424553;30997;NA;PSP_EXTRATLEITIMPL_030726_0121_20000000006053006156_000.jpg
3202007537;24821;NA;PSP_EXTRATLEITIMPL_030726_0121_20000000008152986657_000.jpg
3210421229;884;NA;PSP_EXTRATLEITIMPL_030726_0121_20000000019302994659_000.jpg
3226165265;14794;NA;PSP_EXTRATLEITIMPL_030726_0121_20000000013152976910_000.jpg
3203415388;51595;NA;PSP_EXTRATLEITIMPL_030726_0121_20000000011553002216_000.jpg
3201675340;40757;NA;PSP_EXTRATLEITIMPL_030726_0121_20000000011852995386_000.jpg
3244209598;7517;T181;PSP_EXTRATLEITIMPL_030726_0121_20000000012103003400_000.jpg
3202099849;8;P111;PSP_EXTRATLEITIMPL_030726_0121_20000000017153017424_000.jpg
3181686218;551606;NA;NA
3202241890;20557;NA;PSP_EXTRATLEITIMPL_030726_0121_20000000013302986556_000.jpg
3203634853;23380;NA;PSP_EXTRATLEITIMPL_030726_0121_20000000008802992521_000.jpg
3203912144;224016;T181;PSP_EXTRATLEITIMPL_030726_0121_20000000011352968787_000.jpg
3201649276;6013;NA;PSP_EXTRATLEITIMPL_030726_0121_20000000001052983772_001.jpg
3201151111;67574;M101;PSP_EXTRATLEITIMPL_030726_0121_20000000004053000814_000.jpg
3225047188;9955;NA;NA
3204035384;50052;NA;NA
3201248344;74;P111;PSP_EXTRATLEITIMPL_030726_0121_20000000010402975558_000.jpg
3223331067;52529;T181;PSP_EXTRATLEITIMPL_030726_0121_20000000000752991391_000.jpg
3203969189;9317;NA;NA
3243796694;13747;T181;PSP_EXTRATLEITIMPL_030726_0121_20000000013403006492_000.jpg
3224498992;2866;B111;PSP_EXTRATLEITIMPL_030726_0121_20000000008502996006_000.jpg
3204768756;25893;NA;PSP_EXTRATLEITIMPL_030726_0121_20000000011153003029_000.jpg
5256797234/3203883586;5258;NA;PSP_EXTRATLEITIMPL_030726_0121_20000000008002976723_000.jpg
3181688911;242786;NA;NA
5256932794/3201578409;0;T161;PSP_EXTRATLEITIMPL_030726_0121_20000000007303004187_000.jpg
3203889959;55983;NA;NA
3220275794;69139;T181;PSP_EXTRATLEITIMPL_030726_0121_20000000012352971784_000.jpg
3204549035;7759;T111;PSP_EXTRATLEITIMPL_030726_0121_20000000015052975576_000.jpg
3205577830;1632;B111;PSP_EXTRATLEITIMPL_030726_0121_20000000018003019086_000.jpg
3201687860;151718;NA;PSP_EXTRATLEITIMPL_030726_0121_20000000014702995249_000.jpg
3201724693;30684;NA;PSP_EXTRATLEITIMPL_030726_0121_20000000007303000202_000.jpg
3220024252;136520;NA;NA
3245073754;22786;NA;NA
3205283667;1770;T111;PSP_EXTRATLEITIMPL_030726_0121_20000000010103001028_000.jpg
3203878809;11813;NA;NA
3220232203;35100;T181;PSP_EXTRATLEITIMPL_030726_0121_20000000011453000142_000.jpg
3212319421;38825;NA;PSP_EXTRATLEITIMPL_030726_0121_20000000012803005148_000.jpg
3211757166;6276;L101;PSP_EXTRATLEITIMPL_030726_0121_20000000005903012128_000.jpg
3230070708;27559;NA;PSP_EXTRATLEITIMPL_030726_0121_20000000009303002192_000.jpg
3192339277;6602;NA;NA
3205202420;9093;NA;PSP_EXTRATLEITIMPL_030726_0121_20000000018553016134_000.jpg
3223289320;12037;T181;PSP_EXTRATLEITIMPL_030726_0121_20000000002803015107_000.jpg
3230051037;82579;NA;PSP_EXTRATLEITIMPL_030726_0121_20000000014902979810_000.jpg
3220237124;22108;T181;PSP_EXTRATLEITIMPL_030726_0121_20000000019452996722_000.jpg
3210605176;11943;NA;PSP_EXTRATLEITIMPL_030726_0121_20000000015102989779_000.jpg
3212342326;52106;NA;PSP_EXTRATLEITIMPL_030726_0121_20000000008152993567_000.jpg
3220263800;37472;T181;PSP_EXTRATLEITIMPL_030726_0121_20000000005203019358_000.jpg
3210129927;5117;NA;PSP_EXTRATLEITIMPL_030726_0121_20000000017803005617_000.jpg
3210493580;5543;NA;NA
3211559771;8886;NA;PSP_EXTRATLEITIMPL_030726_0121_20000000004803017386_000.jpg
3172778223;96;T181;PSP_EXTRATLEITIMPL_030726_0121_20000000014052989680_001.jpg
3212387672;235764;NA;PSP_EXTRATLEITIMPL_030726_0121_20000000018953014035_000.jpg
3221839055;33845;NA;PSP_EXTRATLEITIMPL_030726_0121_20000000016703003877_000.jpg
3222740281;25908;T181;PSP_EXTRATLEITIMPL_030726_0121_20000000011602975646_000.jpg
3222715457;143402;NA;PSP_EXTRATLEITIMPL_030726_0121_20000000015402989440_000.jpg
3241637866;23835;T181;PSP_EXTRATLEITIMPL_030726_0121_20000000009252982759_000.jpg
5261794618/3242135244;1139;NA;PSP_EXTRATLEITIMPL_030726_0121_20000000017602998370_000.jpg
3211405502;893;NA;NA
3211996993;7453;NA;PSP_EXTRATLEITIMPL_030726_0121_20000000001502998568_000.jpg
3212310785;258823;NA;NA
6250635751/5255958099/5256974977/5255958099/3220289620/3244328376;10167;NA;PSP_EXTRATLEITIMPL_030726_0121_20000000001753003545_000.jpg
3211332467;34568;NA;NA
3181689012;5958;NA;NA
3211282699;83597;T181;PSP_EXTRATLEITIMPL_030726_0121_20000000002152988497_000.jpg
3212752885;0;NA;PSP_EXTRATLEITIMPL_030726_0121_20000000009603001354_000.jpg
3212771766;10008;P111;PSP_EXTRATLEITIMPL_030726_0121_20000000006303009238_000.jpg
3212291128;6232;NA;PSP_EXTRATLEITIMPL_030726_0121_20000000010503000190_000.jpg
3242497812/3211533527;9044;T181;PSP_EXTRATLEITIMPL_030726_0121_20000000001403003577_000.jpg
3213057137;8247;NA;PSP_EXTRATLEITIMPL_030726_0121_20000000000903007024_000.jpg
3213624368;39;L101;PSP_EXTRATLEITIMPL_030726_0121_20000000002352998580_000.jpg
3220229458;45434;T181;PSP_EXTRATLEITIMPL_030726_0121_20000000009003008174_000.jpg
3211553722;22618;NA;PSP_EXTRATLEITIMPL_030726_0121_20000000001052984689_000.jpg
3226009050;4966;B111;PSP_EXTRATLEITIMPL_030726_0121_20000000014652979833_000.jpg
3221812114;154;P111;PSP_EXTRATLEITIMPL_030726_0121_20000000008103014177_000.jpg
3220515051;2067;NA;NA
5256939616/3212633339;706;T181;PSP_EXTRATLEITIMPL_030726_0121_20000000010102988543_000.jpg
3220537438;4338;NA;PSP_EXTRATLEITIMPL_030726_0121_20000000005802987807_000.jpg
3212497753;39552;NA;PSP_EXTRATLEITIMPL_030726_0121_20000000008402995141_000.jpg
3214130911;0;NA;NA
3220684430;1313;NA;PSP_EXTRATLEITIMPL_030726_0121_20000000019102994649_000.jpg
3245206398;17600;P111;PSP_EXTRATLEITIMPL_030726_0121_20000000004603025722_000.jpg
3220403016;5320;NA;PSP_EXTRATLEITIMPL_030726_0121_20000000001102985611_000.jpg
3231104541;11163;T181;PSP_EXTRATLEITIMPL_030726_0121_20000000009402993124_000.jpg
3220477966;18326;NA;PSP_EXTRATLEITIMPL_030726_0121_20000000017653011611_000.jpg
3223838714;38138;T181;PSP_EXTRATLEITIMPL_030726_0121_20000000005752980807_000.jpg
3220467545;20221;NA;NA
5255953461/3245178327/5255953461/3242456792;66791;NA;NA
3220465089;1479;NA;PSP_EXTRATLEITIMPL_030726_0121_20000000008252995197_001.jpg
6250634828/3221857436;13520;NA;NA
3221867091;0;NA;PSP_EXTRATLEITIMPL_030726_0121_20000000003103021195_000.jpg
3212617635;11639;R111;PSP_EXTRATLEITIMPL_030726_0121_20000000001603018172_000.jpg
3212498130;27587;NA;PSP_EXTRATLEITIMPL_030726_0121_20000000013902990653_000.jpg
3222505444;33838;NA;PSP_EXTRATLEITIMPL_030726_0121_20000000006252999671_000.jpg
3214105313;7427;NA;NA
3214220600;333;NA;NA
3232607180;686;NA;PSP_EXTRATLEITIMPL_030726_0121_20000000015352985863_000.jpg
3222619253;1065;NA;NA
3223336212;35716;T181;PSP_EXTRATLEITIMPL_030726_0121_20000000002703013150_000.jpg
3212723710;23664;T181;PSP_EXTRATLEITIMPL_030726_0121_20000000011252975775_000.jpg
3223339858;29460;T181;PSP_EXTRATLEITIMPL_030726_0121_20000000014903003039_000.jpg
3172786129;21755;T181;NA
3212498504;41505;NA;NA
3241558524;19332;T181;PSP_EXTRATLEITIMPL_030726_0121_20000000000652997086_000.jpg
3220407186;50858;NA;PSP_EXTRATLEITIMPL_030726_0121_20000000010652993274_000.jpg
3233450510;282757;NA;NA
6250635123/3212521859;4917;M121;PSP_EXTRATLEITIMPL_030726_0121_20000000007702990784_000.jpg
3223586731;2955;L101;PSP_EXTRATLEITIMPL_030726_0121_20000000009902998490_000.jpg
3224102096;1118;NA;PSP_EXTRATLEITIMPL_030726_0121_20000000011702982655_000.jpg
3221007769;6565;NA;PSP_EXTRATLEITIMPL_030726_0121_20000000019752989770_000.jpg
3212735620;8633;T181;PSP_EXTRATLEITIMPL_030726_0121_20000000002703006377_000.jpg
3230001250;19816;T181;PSP_EXTRATLEITIMPL_030726_0121_20000000013502994475_000.jpg
3242668374;45450;T181;PSP_EXTRATLEITIMPL_030726_0121_20000000005003021332_000.jpg
3220399671;110918;NA;PSP_EXTRATLEITIMPL_030726_0121_20000000011503007113_000.jpg
3222481839;22;T181;PSP_EXTRATLEITIMPL_030726_0121_20000000008452974784_000.jpg
3225579155;15173;NA;PSP_EXTRATLEITIMPL_030726_0121_20000000019353016228_000.jpg
3230253411;947;NA;PSP_EXTRATLEITIMPL_030726_0121_20000000014502998086_000.jpg
3230168864;6209;NA;PSP_EXTRATLEITIMPL_030726_0121_20000000019953006458_000.jpg
3233001170;2251;NA;PSP_EXTRATLEITIMPL_030726_0121_20000000012952991220_000.jpg
3242519743;27660;T181;PSP_EXTRATLEITIMPL_030726_0121_20000000006103013112_000.jpg
3226143822;25647;NA;PSP_EXTRATLEITIMPL_030726_0121_20000000012752988479_000.jpg
3231213243;548;P111;PSP_EXTRATLEITIMPL_030726_0121_20000000008852998413_000.jpg
3225145619;109737;NA;PSP_EXTRATLEITIMPL_030726_0121_20000000011653003233_000.jpg
3221138901;2783;NA;PSP_EXTRATLEITIMPL_030726_0121_20000000007252996694_000.jpg
3223303039;20786;NA;PSP_EXTRATLEITIMPL_030726_0121_20000000003603015020_000.jpg
3241624934/3232891270;39834;NA;PSP_EXTRATLEITIMPL_030726_0121_20000000000852993339_000.jpg
3231561985;4730;NA;PSP_EXTRATLEITIMPL_030726_0121_20000000014603006363_000.jpg
3231665144;3;P111;PSP_EXTRATLEITIMPL_030726_0121_20000000004703022615_000.jpg
3220120103;2278;NA;NA
3231094139;266;T181;PSP_EXTRATLEITIMPL_030726_0121_20000000017253003699_000.jpg
3231618740;234;B111;PSP_EXTRATLEITIMPL_030726_0121_20000000016603017551_000.jpg
3231109225;89431;T181;PSP_EXTRATLEITIMPL_030726_0121_20000000015552973561_000.jpg
6252250326/3225111064;1357;NA;PSP_EXTRATLEITIMPL_030726_0121_20000000008452977723_000.jpg
3225889782;485;NA;PSP_EXTRATLEITIMPL_030726_0121_20000000011152979703_000.jpg
3214186020;39542;NA;NA
3241326445;72;NA;PSP_EXTRATLEITIMPL_030726_0121_20000000001702999376_000.jpg
3230605458;31933;P111;PSP_EXTRATLEITIMPL_030726_0121_20000000009302996338_000.jpg
3232944411;2671;NA;NA
3242502298;43939;NA;PSP_EXTRATLEITIMPL_030726_0121_20000000003353000167_000.jpg
3232090064;10537;NA;PSP_EXTRATLEITIMPL_030726_0121_20000000003653021035_000.jpg
6251623617/3242302701;1663;T181;PSP_EXTRATLEITIMPL_030726_0121_20000000007203016058_000.jpg
3242354779;6698;T181;PSP_EXTRATLEITIMPL_030726_0121_20000000007052995677_000.jpg
3232074727;4240;NA;PSP_EXTRATLEITIMPL_030726_0121_20000000001903017014_000.jpg
3232916914;2363;NA;PSP_EXTRATLEITIMPL_030726_0121_20000000000502994144_000.jpg
3233481776;7881;NA;PSP_EXTRATLEITIMPL_030726_0121_20000000010703005402_000.jpg
3233481857;31585;NA;PSP_EXTRATLEITIMPL_030726_0121_20000000018653017389_000.jpg
3232508697;4609;NA;PSP_EXTRATLEITIMPL_030726_0121_20000000001253001546_000.jpg
3232962940;24149;NA;PSP_EXTRATLEITIMPL_030726_0121_20000000006952999502_000.jpg
3244317242/3231911528;4591;T181;PSP_EXTRATLEITIMPL_030726_0121_20000000008203000345_000.jpg
3223316572;15165;T181;PSP_EXTRATLEITIMPL_030726_0121_20000000001602997857_000.jpg
3232579608;99999;B111;PSP_EXTRATLEITIMPL_030726_0121_20000000013052999163_000.jpg
3220969354;1407;NA;PSP_EXTRATLEITIMPL_030726_0121_20000000019702993549_000.jpg
3241616494;4746;NA;PSP_EXTRATLEITIMPL_030726_0121_20000000000902998413_000.jpg
3232723334;492;NA;PSP_EXTRATLEITIMPL_030726_0121_20000000007752989758_000.jpg
3245045246/3232674643;3182;NA;PSP_EXTRATLEITIMPL_030726_0121_20000000019853003372_000.jpg
3232897278;1385;NA;PSP_EXTRATLEITIMPL_030726_0121_20000000011752991498_001.jpg
5256724580/3241535427;7473;T181;PSP_EXTRATLEITIMPL_030726_0121_20000000018052985699_000.jpg
3241603325;7581;NA;PSP_EXTRATLEITIMPL_030726_0121_20000000011953000045_000.jpg
3241722200;203;NA;PSP_EXTRATLEITIMPL_030726_0121_20000000014352972401_000.jpg
3245083008/3232443781;10299;T181;PSP_EXTRATLEITIMPL_030726_0121_20000000013052996149_000.jpg
3244317625/3241623199;1334;T181;PSP_EXTRATLEITIMPL_030726_0121_20000000008952989191_000.jpg
3241663409;1386;NA;PSP_EXTRATLEITIMPL_030726_0121_20000000001453017221_000.jpg
3232449836;1813;NA;PSP_EXTRATLEITIMPL_030726_0121_20000000019702986733_000.jpg
3241614637;21214;NA;PSP_EXTRATLEITIMPL_030726_0121_20000000014503003004_000.jpg
3241658979;37998;NA;PSP_EXTRATLEITIMPL_030726_0121_20000000000302976765_000.jpg
3241194883;6222;NA;PSP_EXTRATLEITIMPL_030726_0121_20000000004253007680_000.jpg
3241183598;4718;NA;PSP_EXTRATLEITIMPL_030726_0121_20000000005352999798_000.jpg
3241477850;26146;NA;PSP_EXTRATLEITIMPL_030726_0121_20000000008352997676_000.jpg
3241183520;0;NA;PSP_EXTRATLEITIMPL_030726_0121_20000000003003013026_000.jpg
5257590943/3242677063;4615;NA;PSP_EXTRATLEITIMPL_030726_0121_20000000006253008529_000.jpg
3245139755;1705;NA;NA
3220179205;2747;NA;NA
3242420887;123484;NA;PSP_EXTRATLEITIMPL_030726_0121_20000000008452971933_000.jpg
3242749080;703;P111;PSP_EXTRATLEITIMPL_030726_0121_20000000017653010583_000.jpg
3242741500;1007;NA;PSP_EXTRATLEITIMPL_030726_0121_20000000016753004526_000.jpg
3241352241;1237;NA;PSP_EXTRATLEITIMPL_030726_0121_20000000016203000008_000.jpg
3244353435;21;NA;PSP_EXTRATLEITIMPL_030726_0121_20000000013652999239_000.jpg
3242661914;98927;NA;PSP_EXTRATLEITIMPL_030726_0121_20000000004652992995_000.jpg
3242489887;27714;NA;PSP_EXTRATLEITIMPL_030726_0121_20000000006253015110_000.jpg
3243398273;4137;NA;PSP_EXTRATLEITIMPL_030726_0121_20000000007802989774_000.jpg
3233489823;6065;NA;NA
3243091143;50;P111;PSP_EXTRATLEITIMPL_030726_0121_20000000015203000439_000.jpg
3243411237;0;NA;PSP_EXTRATLEITIMPL_030726_0121_20000000001752991775_000.jpg
3244018148;832;NA;PSP_EXTRATLEITIMPL_030726_0121_20000000017602997410_000.jpg
3243411105;70;NA;PSP_EXTRATLEITIMPL_030726_0121_20000000016502987444_000.jpg
3242341162;6908;T181;PSP_EXTRATLEITIMPL_030726_0121_20000000018753011022_000.jpg
5256223866;8023;T181;PSP_EXTRATLEITIMPL_030726_0121_20000000018103010312_000.jpg
3242348060/3244321371;146;T181;PSP_EXTRATLEITIMPL_030726_0121_20000000018052980715_000.jpg
3244985024;5343;NA;PSP_EXTRATLEITIMPL_030726_0121_20000000017952983757_000.jpg
3244533891;238;NA;PSP_EXTRATLEITIMPL_030726_0121_20000000016102974549_000.jpg
5250025248;868;NA;PSP_EXTRATLEITIMPL_030726_0121_20000000002653002657_000.jpg
5257572198/3245220579;2688;T181;PSP_EXTRATLEITIMPL_030726_0121_20000000013002978486_000.jpg
3245222415;907;NA;NA
3245208412;19;NA;NA
3245206444;10;NA;NA
3151995445;2259;NA;NA
3244592472;26858;NA;PSP_EXTRATLEITIMPL_030726_0121_20000000016352977962_000.jpg
3245172019;6782;NA;NA
3243445344;471;B111;PSP_EXTRATLEITIMPL_030726_0121_20000000012402974811_000.jpg
3243569779;2636;NA;NA
5250087316;582;NA;PSP_EXTRATLEITIMPL_030726_0121_20000000013452988590_000.jpg
3242459945;0;NA;PSP_EXTRATLEITIMPL_030726_0121_20000000009352987783_001.jpg
3245208684;417;NA;NA
5256983682/3243519852;2261;NA;PSP_EXTRATLEITIMPL_030726_0121_20000000009353008205_000.jpg
5256542732;307;NA;PSP_EXTRATLEITIMPL_030726_0121_20000000016853010562_000.jpg
3244106446;607;NA;PSP_EXTRATLEITIMPL_030726_0121_20000000011252985552_000.jpg
5256247447/3244695719;4400;NA;PSP_EXTRATLEITIMPL_030726_0121_20000000001303011315_000.jpg
3244109445;1078;M101;PSP_EXTRATLEITIMPL_030726_0121_20000000014053000530_000.jpg
5256617562;1032;NA;PSP_EXTRATLEITIMPL_030726_0121_20000000009202994616_000.jpg
3245107373;4146;NA;PSP_EXTRATLEITIMPL_030726_0121_20000000003103005760_000.jpg
3245104137;4186;NA;PSP_EXTRATLEITIMPL_030726_0121_20000000005103031039_001.jpg
5257678786;99999;NA;PSP_EXTRATLEITIMPL_030726_0121_20000000014202971791_000.jpg
5256957134;68;NA;PSP_EXTRATLEITIMPL_030726_0121_20000000016753005595_000.jpg
3245225821;2310;NA;NA
3245234979;2964;NA;NA
5256971374;8941;NA;PSP_EXTRATLEITIMPL_030726_0121_20000000015852979598_000.jpg
5256948682;75;NA;PSP_EXTRATLEITIMPL_030726_0121_20000000012552978638_000.jpg
5257259996;164;NA;PSP_EXTRATLEITIMPL_030726_0121_20000000005952991607_000.jpg
5257113193;1383;NA;PSP_EXTRATLEITIMPL_030726_0121_20000000008302999426_000.jpg
6251132311;6520;NA;PSP_EXTRATLEITIMPL_030726_0121_20000000006002997584_000.jpg
5257992987;99999;NA;PSP_EXTRATLEITIMPL_030726_0121_20000000004803001807_000.jpg
5257144404;147;NA;PSP_EXTRATLEITIMPL_030726_0121_20000000018353008079_000.jpg
5257575022;142;NA;PSP_EXTRATLEITIMPL_030726_0121_20000000015452973965_000.jpg
5257543309;738;NA;PSP_EXTRATLEITIMPL_030726_0121_20000000006453001577_000.jpg
6251442140;472;NA;PSP_EXTRATLEITIMPL_030726_0121_20000000007253004548_000.jpg
6251132265;0;T181;PSP_EXTRATLEITIMPL_030726_0121_20000000012202977858_000.jpg
6251365863;877;NA;NA
6251143470;0;T161;PSP_EXTRATLEITIMPL_030726_0121_20000000015203006211_000.jpg
6251160129;2429;NA;PSP_EXTRATLEITIMPL_030726_0121_20000000006253015111_000.jpg
6251150352;0;T161;PSP_EXTRATLEITIMPL_030726_0121_20000000004803000828_000.jpg
6251267969;1440;NA;PSP_EXTRATLEITIMPL_030726_0121_20000000008552998398_000.jpg
5257575693;552;NA;PSP_EXTRATLEITIMPL_030726_0121_20000000012752979697_000.jpg
5260376693;523;NA;PSP_EXTRATLEITIMPL_030726_0121_20000000014802999531_000.jpg
6252143570;99999;NA;PSP_EXTRATLEITIMPL_030726_0121_20000000016002981572_000.jpg
6252224414/6252260402;999999;T181;PSP_EXTRATLEITIMPL_030726_0121_20000000008552981803_000.jpg
6252239136;1333;NA;PSP_EXTRATLEITIMPL_030726_0121_20000000009902999391_000.jpg
6252009521;99999;NA;PSP_EXTRATLEITIMPL_030726_0121_20000000018252988618_000.jpg
6252203980;30;NA;PSP_EXTRATLEITIMPL_030726_0121_20000000002102995568_000.jpg
6252112993;99999;NA;PSP_EXTRATLEITIMPL_030726_0121_20000000001753006354_000.jpg
6252047440;0;NA;PSP_EXTRATLEITIMPL_030726_0121_20000000005353014294_000.jpg
6251349051;0;NA;PSP_EXTRATLEITIMPL_030726_0121_20000000011202984832_000.jpg
6252249450;761;NA;PSP_EXTRATLEITIMPL_030726_0121_20000000013652994519_000.jpg
