Numero do medidor;Posicao do medidor lida;Nota de Leitura Atual;Foto do medidor
3231111165;29;NA;PSP_EXTRATLEITIMPL_200526_0352_20000000007102969765_001.jpg
3121984589;17413;NA;PSP_EXTRATLEITIMPL_200526_0352_20000000017202986121_000.jpg
3180489001;44248;NA;PSP_EXTRATLEITIMPL_200526_0352_20000000002003000126_000.jpg
3220284246;27269;T181;PSP_EXTRATLEITIMPL_200526_0352_20000000017152980917_000.jpg
3214284030;110794;T181;PSP_EXTRATLEITIMPL_200526_0352_20000000003002970833_000.jpg
T37262;47284;NA;PSP_EXTRATLEITIMPL_200526_0352_20000000012002952969_000.jpg
3220312991;16308;T181;PSP_EXTRATLEITIMPL_200526_0352_20000000003452958847_000.jpg
3213988025;27667;NA;PSP_EXTRATLEITIMPL_200526_0352_20000000006602984536_000.jpg
125685B;34510;NA;PSP_EXTRATLEITIMPL_200526_0352_20000000003102979955_000.jpg
83050241;12459;NA;PSP_EXTRATLEITIMPL_200526_0352_20000000006152967866_000.jpg
3212536589;29510;T181;PSP_EXTRATLEITIMPL_200526_0352_20000000001202978382_000.jpg
3231750451;374;NA;PSP_EXTRATLEITIMPL_200526_0352_20000000003502968970_000.jpg
3243801108/3226155960;7632;NA;PSP_EXTRATLEITIMPL_200526_0352_20000000006452965896_000.jpg
5256269114/F50081;204;P111;PSP_EXTRATLEITIMPL_200526_0352_20000000009152967809_000.jpg
3131290917;19204;NA;PSP_EXTRATLEITIMPL_200526_0352_20000000017502966967_000.jpg
3180499155;97446;T181;PSP_EXTRATLEITIMPL_200526_0352_20000000007702973808_000.jpg
MG00963;1;P111;PSP_EXTRATLEITIMPL_200526_0352_20000000014102952756_000.jpg
3242582534;10019;T181;PSP_EXTRATLEITIMPL_200526_0352_20000000017502989236_000.jpg
3205392580;1348;T111;PSP_EXTRATLEITIMPL_200526_0352_20000000004352994229_000.jpg
51283635;22046;NA;NA
3211084951;8862;L101;PSP_EXTRATLEITIMPL_200526_0352_20000000006602985581_000.jpg
3010082704;41820;L101;PSP_EXTRATLEITIMPL_200526_0352_20000000001452988473_000.jpg
40098038;136;P111;PSP_EXTRATLEITIMPL_200526_0352_20000000015252981578_000.jpg
3224785584;27420;NA;PSP_EXTRATLEITIMPL_200526_0352_20000000008702978607_000.jpg
3192002124;4207;NA;PSP_EXTRATLEITIMPL_200526_0352_20000000018752984123_000.jpg
3242683527;3028;T181;PSP_EXTRATLEITIMPL_200526_0352_20000000013602974301_000.jpg
3121683023;6;P111;PSP_EXTRATLEITIMPL_200526_0352_20000000006502993321_000.jpg
3224785606;297;NA;PSP_EXTRATLEITIMPL_200526_0352_20000000007052986338_000.jpg
80170793;24561;L101;PSP_EXTRATLEITIMPL_200526_0352_20000000000702963330_000.jpg
3182436681;7468;NA;PSP_EXTRATLEITIMPL_200526_0352_20000000006252965930_000.jpg
3203798856;18844;T181;PSP_EXTRATLEITIMPL_200526_0352_20000000006352959942_000.jpg
3244190854;61510;NA;NA
3245112423/3223285413/3182700818;5140;T181;NA
30149297;445;P111;PSP_EXTRATLEITIMPL_200526_0352_20000000004452997639_000.jpg
3231028896;8758;T181;PSP_EXTRATLEITIMPL_200526_0352_20000000006602984537_000.jpg
3011033308;24615;NA;PSP_EXTRATLEITIMPL_200526_0352_20000000012502977609_000.jpg
5257043675/Q37950;4;NA;PSP_EXTRATLEITIMPL_200526_0352_20000000001502975684_000.jpg
3244291553/3011039378;3909;T181;PSP_EXTRATLEITIMPL_200526_0352_20000000003552981663_000.jpg
3232385293;25661;L101;PSP_EXTRATLEITIMPL_200526_0352_20000000012152953868_000.jpg
3200374648;17022;NA;PSP_EXTRATLEITIMPL_200526_0352_20000000002402958877_000.jpg
3200444042;126;P111;PSP_EXTRATLEITIMPL_200526_0352_20000000013852962872_000.jpg
3231086144;4072;T181;PSP_EXTRATLEITIMPL_200526_0352_20000000018202963984_000.jpg
62170166;48095;NA;NA
3231643329;3608;NA;PSP_EXTRATLEITIMPL_200526_0352_20000000014052982215_000.jpg
MC12410;12480;NA;PSP_EXTRATLEITIMPL_200526_0352_20000000015402970235_000.jpg
3230781884;3339;NA;PSP_EXTRATLEITIMPL_200526_0352_20000000002652991223_000.jpg
3193531830;3538;NA;PSP_EXTRATLEITIMPL_200526_0352_20000000002552975616_000.jpg
3200435094;28685;T181;PSP_EXTRATLEITIMPL_200526_0352_20000000001803005048_000.jpg
3241099465;1459;L101;PSP_EXTRATLEITIMPL_200526_0352_20000000013102967812_000.jpg
30223063;261;L101;PSP_EXTRATLEITIMPL_200526_0352_20000000014602989004_000.jpg
5257049665/3010240638;9;NA;PSP_EXTRATLEITIMPL_200526_0352_20000000019302961997_000.jpg
V24884;32011;NA;PSP_EXTRATLEITIMPL_200526_0352_20000000017202988037_000.jpg
3154026311;18090;NA;PSP_EXTRATLEITIMPL_200526_0352_20000000008802981043_000.jpg
3182611246;1516;NA;PSP_EXTRATLEITIMPL_200526_0352_20000000012302966918_000.jpg
3182871663;34224;T181;NA
3211557310;67656;NA;NA
61902970;17506;NA;PSP_EXTRATLEITIMPL_200526_0352_20000000011202975562_000.jpg
3010203412;16664;NA;NA
3191502930;22773;NA;NA
3200695657;2779;NA;NA
3200505793;15642;NA;NA
3220455890;33450;NA;NA
3204677750;40378;NA;NA
3192169991;81066;NA;PSP_EXTRATLEITIMPL_200526_0352_20000000018852985221_000.jpg
3182871647;92794;NA;NA
3182835535;1115;NA;PSP_EXTRATLEITIMPL_200526_0352_20000000017102988223_000.jpg
6251128454/3243590840/3220717932;765;T181;PSP_EXTRATLEITIMPL_200526_0352_20000000008102979756_000.jpg
E76809;46;P111;PSP_EXTRATLEITIMPL_200526_0352_20000000003952974412_000.jpg
3211137230;39236;T181;PSP_EXTRATLEITIMPL_200526_0352_20000000013252968305_000.jpg
3225149231;42960;NA;PSP_EXTRATLEITIMPL_200526_0352_20000000019002970686_000.jpg
3211984189;8712;NA;PSP_EXTRATLEITIMPL_200526_0352_20000000004703008121_000.jpg
3213815112;1588;NA;PSP_EXTRATLEITIMPL_200526_0352_20000000012602973628_000.jpg
3212221839;3213;NA;PSP_EXTRATLEITIMPL_200526_0352_20000000013202970515_000.jpg
3230858828;9530;T181;PSP_EXTRATLEITIMPL_200526_0352_20000000011302964764_000.jpg
3241228230;1559;T111;PSP_EXTRATLEITIMPL_200526_0352_20000000017102980591_000.jpg
3153411254;6076;NA;PSP_EXTRATLEITIMPL_200526_0352_20000000007502976401_000.jpg
80662882;48575;NA;PSP_EXTRATLEITIMPL_200526_0352_20000000010702976716_000.jpg
3205633714;1988;T111;PSP_EXTRATLEITIMPL_200526_0352_20000000010802962699_000.jpg
3154864996;185870;NA;PSP_EXTRATLEITIMPL_200526_0352_20000000016302973567_000.jpg
3200443313;37758;T181;PSP_EXTRATLEITIMPL_200526_0352_20000000013452968821_000.jpg
L06138;79606;L101;PSP_EXTRATLEITIMPL_200526_0352_20000000014502951859_000.jpg
3153477093;21723;T111;PSP_EXTRATLEITIMPL_200526_0352_20000000010202962833_000.jpg
3221848054;73240;NA;PSP_EXTRATLEITIMPL_200526_0352_20000000011652966837_000.jpg
3212496757;173599;NA;PSP_EXTRATLEITIMPL_200526_0352_20000000016252952907_000.jpg
164431;5922;L101;PSP_EXTRATLEITIMPL_200526_0352_20000000000302952886_000.jpg
71172406;17592;L101;PSP_EXTRATLEITIMPL_200526_0352_20000000016852986708_000.jpg
3191783076;14153;NA;PSP_EXTRATLEITIMPL_200526_0352_20000000008602977588_000.jpg
3242407392/3222665875;6805;NA;PSP_EXTRATLEITIMPL_200526_0352_20000000002902992054_000.jpg
3231034241;10527;T181;PSP_EXTRATLEITIMPL_200526_0352_20000000000752970405_000.jpg
3192178125;48090;NA;PSP_EXTRATLEITIMPL_200526_0352_20000000012702961829_000.jpg
3220736260;2;P111;PSP_EXTRATLEITIMPL_200526_0352_20000000018002970867_000.jpg
F52505;3176;NA;PSP_EXTRATLEITIMPL_200526_0352_20000000011102943942_000.jpg
3192178010;156573;NA;PSP_EXTRATLEITIMPL_200526_0352_20000000013052949926_000.jpg
3193401480;75737;B131;PSP_EXTRATLEITIMPL_200526_0352_20000000003352947978_000.jpg
3242525026;5880;T181;PSP_EXTRATLEITIMPL_200526_0352_20000000006552980716_000.jpg
3221551027;35;P111;PSP_EXTRATLEITIMPL_200526_0352_20000000007502970723_000.jpg
3233207232;120;B111;PSP_EXTRATLEITIMPL_200526_0352_20000000002252963976_000.jpg
3242276620;167349;T181;PSP_EXTRATLEITIMPL_200526_0352_20000000009102973217_000.jpg
3224159713;2575;NA;PSP_EXTRATLEITIMPL_200526_0352_20000000017052992328_000.jpg
3201115875;2648;NA;PSP_EXTRATLEITIMPL_200526_0352_20000000008802952949_000.jpg
3161180105;6313;L101;PSP_EXTRATLEITIMPL_200526_0352_20000000018752969847_000.jpg
3180870619;13179;NA;PSP_EXTRATLEITIMPL_200526_0352_20000000010402952855_000.jpg
3202056015;4865;NA;PSP_EXTRATLEITIMPL_200526_0352_20000000016352969563_000.jpg
3180872816;3311;NA;PSP_EXTRATLEITIMPL_200526_0352_20000000008102969842_000.jpg
3224707524;21755;T181;PSP_EXTRATLEITIMPL_200526_0352_20000000006152989124_000.jpg
83659653;0;P111;PSP_EXTRATLEITIMPL_200526_0352_20000000011252972011_000.jpg
3011025936;4264;NA;PSP_EXTRATLEITIMPL_200526_0352_20000000008452968381_000.jpg
3192767252;4659;NA;PSP_EXTRATLEITIMPL_200526_0352_20000000008652979639_000.jpg
3232905009;8184;NA;PSP_EXTRATLEITIMPL_200526_0352_20000000003052981630_000.jpg
122221B;91168;NA;PSP_EXTRATLEITIMPL_200526_0352_20000000003752969582_000.jpg
3231902243;0;T111;PSP_EXTRATLEITIMPL_200526_0352_20000000011002979389_000.jpg
50198367;3712;NA;PSP_EXTRATLEITIMPL_200526_0352_20000000009252975299_000.jpg
3182416842;4482;T111;PSP_EXTRATLEITIMPL_200526_0352_20000000005852981326_000.jpg
3141813799;33359;NA;PSP_EXTRATLEITIMPL_200526_0352_20000000009802954809_000.jpg
3200992686;1444;NA;PSP_EXTRATLEITIMPL_200526_0352_20000000002852963978_000.jpg
3120477896;67190;NA;PSP_EXTRATLEITIMPL_200526_0352_20000000018452964905_000.jpg
38147B;13796;NA;PSP_EXTRATLEITIMPL_200526_0352_20000000004152971907_000.jpg
6250628933/3242430106;1922;NA;PSP_EXTRATLEITIMPL_200526_0352_20000000000702945808_000.jpg
3193911004;7;B111;PSP_EXTRATLEITIMPL_200526_0352_20000000007002984525_000.jpg
MD25901;21223;NA;PSP_EXTRATLEITIMPL_200526_0352_20000000004752995521_000.jpg
3204272661;17601;T181;PSP_EXTRATLEITIMPL_200526_0352_20000000005452958947_000.jpg
3193034704;5509;P111;PSP_EXTRATLEITIMPL_200526_0352_20000000004652979853_000.jpg
3213147730;3754;T111;PSP_EXTRATLEITIMPL_200526_0352_20000000017252991402_000.jpg
V34629;23962;T111;PSP_EXTRATLEITIMPL_200526_0352_20000000019902991391_000.jpg
70979110;11721;T111;PSP_EXTRATLEITIMPL_200526_0352_20000000014802962849_000.jpg
3210208258;5183;T181;PSP_EXTRATLEITIMPL_200526_0352_20000000013152965800_000.jpg
3242321102;764;T181;PSP_EXTRATLEITIMPL_200526_0352_20000000003502998121_000.jpg
3241628832;9470;T181;PSP_EXTRATLEITIMPL_200526_0352_20000000014852955836_000.jpg
60786550;1953;P111;PSP_EXTRATLEITIMPL_200526_0352_20000000002202980368_000.jpg
5257178180/3243616548/MB98705;2893;T181;PSP_EXTRATLEITIMPL_200526_0352_20000000008902961770_000.jpg
3244272222/3222579553;5194;T181;PSP_EXTRATLEITIMPL_200526_0352_20000000000902973527_000.jpg
3231579957;2477;NA;PSP_EXTRATLEITIMPL_200526_0352_20000000004752995523_000.jpg
3191095161;33645;NA;PSP_EXTRATLEITIMPL_200526_0352_20000000010202969726_000.jpg
80081324;9977;NA;PSP_EXTRATLEITIMPL_200526_0352_20000000002202972621_000.jpg
40634126;4;P111;PSP_EXTRATLEITIMPL_200526_0352_20000000012752951884_000.jpg
30726189;1178;T111;PSP_EXTRATLEITIMPL_200526_0352_20000000009502980136_000.jpg
3242527649;39940;T181;PSP_EXTRATLEITIMPL_200526_0352_20000000019802995209_000.jpg
3242391542;7054;T181;PSP_EXTRATLEITIMPL_200526_0352_00000000000211759521_000.jpg
H062556;27;P111;PSP_EXTRATLEITIMPL_200526_0352_20000000004453003317_000.jpg
3190004731;252081;NA;PSP_EXTRATLEITIMPL_200526_0352_20000000006202979338_000.jpg
6251616220/3230883377;1694;T181;PSP_EXTRATLEITIMPL_200526_0352_20000000013502955911_000.jpg
V45546;54;P111;PSP_EXTRATLEITIMPL_200526_0352_20000000016502950880_000.jpg
3244518485/V46029;254;T111;PSP_EXTRATLEITIMPL_200526_0352_20000000011102952890_000.jpg
50368254;16240;NA;PSP_EXTRATLEITIMPL_200526_0352_20000000008602957896_000.jpg
3151232425;7579;NA;NA
80254881;881894;NA;NA
3213814779;1766;NA;PSP_EXTRATLEITIMPL_200526_0352_20000000010402952856_000.jpg
3212723680;30528;T181;PSP_EXTRATLEITIMPL_200526_0352_20000000008352984542_000.jpg
3180667902;57706;NA;NA
3222732343;36058;T181;PSP_EXTRATLEITIMPL_200526_0352_20000000014152970157_000.jpg
3191427423;10708;NA;NA
3193205908;20881;T181;PSP_EXTRATLEITIMPL_200526_0352_20000000006252981743_000.jpg
3213031162;12187;NA;NA
3120917837;12139;NA;NA
3170010417;4601;NA;PSP_EXTRATLEITIMPL_200526_0352_20000000000802966524_000.jpg
3120586814;40121;NA;NA
3131570812;7955;NA;PSP_EXTRATLEITIMPL_200526_0352_20000000001752978695_000.jpg
3222758180;14391;T181;PSP_EXTRATLEITIMPL_200526_0352_20000000000352974771_000.jpg
3220332062;14835;T181;PSP_EXTRATLEITIMPL_200526_0352_20000000014602986256_000.jpg
3231372023;10780;NA;PSP_EXTRATLEITIMPL_200526_0352_20000000016202972247_000.jpg
3180444806;68434;NA;PSP_EXTRATLEITIMPL_200526_0352_20000000004753001233_000.jpg
3214288930;28594;T181;PSP_EXTRATLEITIMPL_200526_0352_20000000014752971238_000.jpg
3171799537;39463;NA;PSP_EXTRATLEITIMPL_200526_0352_20000000014402971241_000.jpg
MG39000;88521;NA;PSP_EXTRATLEITIMPL_200526_0352_20000000001602986535_000.jpg
3203710800;1177;NA;PSP_EXTRATLEITIMPL_200526_0352_20000000005702979637_000.jpg
3171563347;1787;NA;PSP_EXTRATLEITIMPL_200526_0352_20000000010702981468_000.jpg
3132721962;4690;NA;PSP_EXTRATLEITIMPL_200526_0352_20000000012252972494_000.jpg
83630221;3449;B111;PSP_EXTRATLEITIMPL_200526_0352_20000000007402970690_000.jpg
3151327434;2599;NA;PSP_EXTRATLEITIMPL_200526_0352_20000000019102976757_000.jpg
3212024448;2511;NA;PSP_EXTRATLEITIMPL_200526_0352_20000000017052982744_000.jpg
3201202344;2002;NA;NA
3171785269;87895;NA;PSP_EXTRATLEITIMPL_200526_0352_20000000006402965852_000.jpg
3131481666;3043;NA;PSP_EXTRATLEITIMPL_200526_0352_20000000010802964600_000.jpg
80682824;1569;NA;PSP_EXTRATLEITIMPL_200526_0352_20000000011452961759_000.jpg
3225473659;8708;NA;PSP_EXTRATLEITIMPL_200526_0352_20000000000802949840_000.jpg
3222758113;43896;T181;PSP_EXTRATLEITIMPL_200526_0352_20000000007302953982_000.jpg
3011076673;14257;NA;PSP_EXTRATLEITIMPL_200526_0352_20000000003202996117_000.jpg
3152852834;5521;T181;PSP_EXTRATLEITIMPL_200526_0352_20000000017352990911_000.jpg
5257814043/3213879242;18447;B131;PSP_EXTRATLEITIMPL_200526_0352_20000000019152969862_000.jpg
3244132790/W32235;851;NA;PSP_EXTRATLEITIMPL_200526_0352_20000000004452988883_000.jpg
5257895175/3205384900;1242;NA;PSP_EXTRATLEITIMPL_200526_0352_20000000007952958886_000.jpg
5256574332/3201202476;2671;T181;PSP_EXTRATLEITIMPL_200526_0352_20000000003852972733_000.jpg
MC23835;20220;M101;PSP_EXTRATLEITIMPL_200526_0352_20000000010702968834_000.jpg
3242918575;9321;T181;PSP_EXTRATLEITIMPL_200526_0352_20000000004352993363_000.jpg
40275193;21101;NA;PSP_EXTRATLEITIMPL_200526_0352_20000000019002978373_000.jpg
640144122;10323;NA;PSP_EXTRATLEITIMPL_200526_0352_20000000010552976383_000.jpg
71003132;11040;NA;PSP_EXTRATLEITIMPL_200526_0352_20000000018952984341_000.jpg
3151504484;15414;NA;PSP_EXTRATLEITIMPL_200526_0352_20000000004652991344_000.jpg
70611643;238;P111;PSP_EXTRATLEITIMPL_200526_0352_20000000009502972605_000.jpg
NQ20574;27351;NA;PSP_EXTRATLEITIMPL_200526_0352_20000000008402962598_000.jpg
3180659292;414714;T181;PSP_EXTRATLEITIMPL_200526_0352_20000000008402962599_000.jpg
3230003580;9889;T181;PSP_EXTRATLEITIMPL_200526_0352_20000000000352978606_000.jpg
3242340301/3231111335;8438;T181;PSP_EXTRATLEITIMPL_200526_0352_20000000005402988640_000.jpg
3241583804;17558;NA;PSP_EXTRATLEITIMPL_200526_0352_20000000005302986654_000.jpg
5256649286/640062517;647;NA;PSP_EXTRATLEITIMPL_200526_0352_20000000006202980345_000.jpg
3011088976;1543;NA;PSP_EXTRATLEITIMPL_200526_0352_20000000005952972753_000.jpg
3212832153;26;NA;PSP_EXTRATLEITIMPL_200526_0352_20000000012802980212_000.jpg
3154912109;26606;NA;PSP_EXTRATLEITIMPL_200526_0352_20000000001552970872_000.jpg
640063424;19447;NA;NA
3160703988;18675;NA;NA
6251468883/NU10525;1331;NA;PSP_EXTRATLEITIMPL_200526_0352_20000000004002958943_000.jpg
3190573019;99999;NA;PSP_EXTRATLEITIMPL_200526_0352_20000000010552973522_000.jpg
3154011381;13967;B131;PSP_EXTRATLEITIMPL_200526_0352_20000000000202969107_000.jpg
3141959912;15929;NA;PSP_EXTRATLEITIMPL_200526_0352_20000000004953009129_000.jpg
3231352502;26232;NA;PSP_EXTRATLEITIMPL_200526_0352_20000000019452987347_000.jpg
3222740702;72845;T181;PSP_EXTRATLEITIMPL_200526_0352_20000000003952977231_000.jpg
3241561452;11674;T181;PSP_EXTRATLEITIMPL_200526_0352_20000000008552974457_000.jpg
3153131510;41162;NA;PSP_EXTRATLEITIMPL_200526_0352_20000000004052998222_000.jpg
3244204308;5;P111;PSP_EXTRATLEITIMPL_200526_0352_20000000011602940967_000.jpg
50938662;3478;NA;PSP_EXTRATLEITIMPL_200526_0352_20000000004402967895_000.jpg
3212503010;145509;NA;PSP_EXTRATLEITIMPL_200526_0352_20000000006802984424_000.jpg
3170149369;9562;NA;PSP_EXTRATLEITIMPL_200526_0352_20000000000752968505_000.jpg
60916047;61530;NA;PSP_EXTRATLEITIMPL_200526_0352_20000000018902981563_000.jpg
3212675155;2436;NA;PSP_EXTRATLEITIMPL_200526_0352_20000000003952973508_000.jpg
3202834239;9874;L101;PSP_EXTRATLEITIMPL_200526_0352_20000000007452974625_000.jpg
NF82637;20114;NA;PSP_EXTRATLEITIMPL_200526_0352_20000000014802972730_000.jpg
5255957971/5256972737/5255957971/3225176662;41633;NA;NA
3132390613;30104;NA;PSP_EXTRATLEITIMPL_200526_0352_20000000000502956722_000.jpg
3154136516;13924;L101;PSP_EXTRATLEITIMPL_200526_0352_20000000011052962771_000.jpg
3151841740;1866;NA;PSP_EXTRATLEITIMPL_200526_0352_20000000004102981205_000.jpg
3210902332;2015;L101;PSP_EXTRATLEITIMPL_200526_0352_20000000012902968588_000.jpg
3212838909;1309;NA;PSP_EXTRATLEITIMPL_200526_0352_20000000000652970431_000.jpg
3245094506/3132748879;3092;T181;PSP_EXTRATLEITIMPL_200526_0352_20000000009652951972_000.jpg
NF91438;36948;NA;PSP_EXTRATLEITIMPL_200526_0352_20000000000102951901_000.jpg
3225777410;19855;L101;PSP_EXTRATLEITIMPL_200526_0352_20000000018802952919_000.jpg
3242497740/3221855077;7315;T181;PSP_EXTRATLEITIMPL_200526_0352_20000000018702988023_000.jpg
3193650685;4925;NA;PSP_EXTRATLEITIMPL_200526_0352_20000000007902970720_000.jpg
3191654721;4151;L101;PSP_EXTRATLEITIMPL_200526_0352_20000000013352964734_000.jpg
5257046470/L73677;0;NA;PSP_EXTRATLEITIMPL_200526_0352_20000000014552967760_000.jpg
3011014193;45139;L101;PSP_EXTRATLEITIMPL_200526_0352_20000000019902967940_000.jpg
3223358453;22045;NA;PSP_EXTRATLEITIMPL_200526_0352_20000000011002953938_000.jpg
3212512760;60774;NA;PSP_EXTRATLEITIMPL_200526_0352_20000000006402973503_000.jpg
3222768429;14900;T181;PSP_EXTRATLEITIMPL_200526_0352_20000000006652990217_000.jpg
70239442;78500;NA;PSP_EXTRATLEITIMPL_200526_0352_20000000000802972251_000.jpg
3225140013;17059;NA;PSP_EXTRATLEITIMPL_200526_0352_20000000009002984136_000.jpg
3141526277;11407;L101;PSP_EXTRATLEITIMPL_200526_0352_20000000005003000118_000.jpg
3172760170;606365;NA;PSP_EXTRATLEITIMPL_200526_0352_20000000002202954958_000.jpg
3190444758;9275;NA;NA
3211166354;24393;T181;PSP_EXTRATLEITIMPL_200526_0352_20000000002502991318_000.jpg
61908196;22661;L101;PSP_EXTRATLEITIMPL_200526_0352_20000000005802958981_000.jpg
3212185298;2273;L101;PSP_EXTRATLEITIMPL_200526_0352_20000000010652947901_000.jpg
3011016843;3286;L101;PSP_EXTRATLEITIMPL_200526_0352_20000000003202978884_000.jpg
3213949321;3523;L101;PSP_EXTRATLEITIMPL_200526_0352_20000000004202983783_000.jpg
3192469391;34007;NA;PSP_EXTRATLEITIMPL_200526_0352_20000000000702943869_000.jpg
5256763739/650075625;3160;T181;PSP_EXTRATLEITIMPL_200526_0352_20000000009552950895_000.jpg
3202485412;10676;NA;PSP_EXTRATLEITIMPL_200526_0352_20000000014752948854_000.jpg
3242204050;2946;L101;PSP_EXTRATLEITIMPL_200526_0352_20000000008702964902_000.jpg
3243647788/3183260048;10801;L101;PSP_EXTRATLEITIMPL_200526_0352_20000000017852981774_000.jpg
3202459322;5950;NA;PSP_EXTRATLEITIMPL_200526_0352_20000000007652966744_000.jpg
3130290352;94;P111;PSP_EXTRATLEITIMPL_200526_0352_20000000007552981088_000.jpg
3231121489;11166;NA;PSP_EXTRATLEITIMPL_200526_0352_20000000003852985125_000.jpg
3140277435;9663;NA;NA
3140271780;17949;NA;NA
3242378775;12075;T181;PSP_EXTRATLEITIMPL_200526_0352_20000000015852963678_000.jpg
3140270724;8936;NA;NA
3140370745;10417;NA;NA
3152602080;18698;NA;NA
3152605152;12340;NA;NA
60470570;76371;NA;PSP_EXTRATLEITIMPL_200526_0352_20000000016752971872_000.jpg
3193298817;12285;L101;PSP_EXTRATLEITIMPL_200526_0352_20000000019202985231_000.jpg
3151828786/3151828840;19123;NA;NA
3222335034;12377;NA;PSP_EXTRATLEITIMPL_200526_0352_20000000003852975636_000.jpg
3172020894;6203;NA;PSP_EXTRATLEITIMPL_200526_0352_20000000016302969647_000.jpg
3201157322;1865;NA;PSP_EXTRATLEITIMPL_200526_0352_20000000001452978793_000.jpg
3231124038/3131191544;0;T161;PSP_EXTRATLEITIMPL_200526_0352_20000000001752969887_001.jpg
3205490204;2263;NA;PSP_EXTRATLEITIMPL_200526_0352_20000000019602958982_000.jpg
3223842215;32498;T181;PSP_EXTRATLEITIMPL_200526_0352_20000000009102954893_000.jpg
3153124980;8403;NA;PSP_EXTRATLEITIMPL_200526_0352_20000000015602961866_000.jpg
3223336166;23330;T181;PSP_EXTRATLEITIMPL_200526_0352_20000000009602966858_000.jpg
3190376280;100516;T111;PSP_EXTRATLEITIMPL_200526_0352_20000000015302980842_000.jpg
3183135553;586;NA;PSP_EXTRATLEITIMPL_200526_0352_20000000007702981520_000.jpg
3212740666;7619;NA;PSP_EXTRATLEITIMPL_200526_0352_20000000017652986706_000.jpg
3244314367/MV38269;3999;T181;PSP_EXTRATLEITIMPL_200526_0352_20000000003002975741_000.jpg
3212572003;97082;T181;PSP_EXTRATLEITIMPL_200526_0352_20000000017152987743_000.jpg
3223296032;37501;T181;PSP_EXTRATLEITIMPL_200526_0352_20000000013402992109_000.jpg
3011205251;61355;NA;PSP_EXTRATLEITIMPL_200526_0352_20000000018752985110_000.jpg
3243751518;2324;NA;NA
3212382441;210522;NA;PSP_EXTRATLEITIMPL_200526_0352_20000000000452969216_000.jpg
3222713462;32843;NA;PSP_EXTRATLEITIMPL_200526_0352_20000000008952966222_000.jpg
61316434;25729;NA;PSP_EXTRATLEITIMPL_200526_0352_20000000018902987359_000.jpg
71606074;268317;NA;PSP_EXTRATLEITIMPL_200526_0352_20000000009502967765_000.jpg
62493178;55825;NA;PSP_EXTRATLEITIMPL_200526_0352_20000000005502984552_000.jpg
3193202100;224094;T181;PSP_EXTRATLEITIMPL_200526_0352_20000000012602976492_000.jpg
3242475312;17839;NA;PSP_EXTRATLEITIMPL_200526_0352_20000000008702981514_000.jpg
60904537;226;L101;PSP_EXTRATLEITIMPL_200526_0352_20000000012202964864_000.jpg
3201728958;134384;NA;PSP_EXTRATLEITIMPL_200526_0352_20000000014552962812_000.jpg
3180270018;22160;NA;PSP_EXTRATLEITIMPL_200526_0352_20000000015952966531_000.jpg
3212373701;73258;NA;PSP_EXTRATLEITIMPL_200526_0352_20000000008802971555_000.jpg
3194013093;58099;T181;PSP_EXTRATLEITIMPL_200526_0352_20000000017952972595_000.jpg
3243535807/3231524079;1302;NA;PSP_EXTRATLEITIMPL_200526_0352_20000000014452963576_000.jpg
70029979;0;P111;PSP_EXTRATLEITIMPL_200526_0352_20000000005352979790_000.jpg
3223312534;27055;T181;PSP_EXTRATLEITIMPL_200526_0352_20000000003502971931_000.jpg
3193289532;205676;NA;PSP_EXTRATLEITIMPL_200526_0352_20000000012402965628_000.jpg
3214194944;28680;NA;PSP_EXTRATLEITIMPL_200526_0352_20000000002902980632_000.jpg
MC89549;10979;P111;PSP_EXTRATLEITIMPL_200526_0352_20000000007052980591_000.jpg
3245078136/3204499968;4729;T181;PSP_EXTRATLEITIMPL_200526_0352_20000000008952958620_000.jpg
3212355207;101941;NA;PSP_EXTRATLEITIMPL_200526_0352_20000000007552972609_000.jpg
3213455752;14384;L101;PSP_EXTRATLEITIMPL_200526_0352_20000000010902973638_000.jpg
3171071592;22579;L101;PSP_EXTRATLEITIMPL_200526_0352_20000000008402961629_000.jpg
3160030630;715562;NA;PSP_EXTRATLEITIMPL_200526_0352_20000000019202985232_000.jpg
3220255050;25123;T181;PSP_EXTRATLEITIMPL_200526_0352_20000000002302960955_000.jpg
B68045;10316;NA;PSP_EXTRATLEITIMPL_200526_0352_20000000005552981134_000.jpg
3200183079;133;P111;PSP_EXTRATLEITIMPL_200526_0352_20000000004902990140_000.jpg
3223311384;30108;T181;PSP_EXTRATLEITIMPL_200526_0352_20000000002352962946_000.jpg
3172232522;6409;NA;PSP_EXTRATLEITIMPL_200526_0352_20000000015952949884_000.jpg
3210648622;670;T181;PSP_EXTRATLEITIMPL_200526_0352_20000000010802951902_000.jpg
3181670109;40764;NA;PSP_EXTRATLEITIMPL_200526_0352_20000000014152962554_000.jpg
V82519;90373;NA;PSP_EXTRATLEITIMPL_200526_0352_20000000019752965853_000.jpg
3201336359;6525;NA;PSP_EXTRATLEITIMPL_200526_0352_20000000016852974939_000.jpg
3011151317;13502;NA;PSP_EXTRATLEITIMPL_200526_0352_20000000004452989927_000.jpg
3222107430;4508;NA;PSP_EXTRATLEITIMPL_200526_0352_20000000016852977930_000.jpg
3222734176;68366;T181;PSP_EXTRATLEITIMPL_200526_0352_20000000019002954889_000.jpg
3212355258;79962;NA;PSP_EXTRATLEITIMPL_200526_0352_20000000002202963910_000.jpg
3171306034;40761;T181;PSP_EXTRATLEITIMPL_200526_0352_20000000004852991905_000.jpg
6251157632/3191053310;0;NA;PSP_EXTRATLEITIMPL_200526_0352_20000000016302953934_000.jpg
3244166082/3204311446;1525;NA;PSP_EXTRATLEITIMPL_200526_0352_20000000008052953937_000.jpg
3153111552;5712;NA;PSP_EXTRATLEITIMPL_200526_0352_20000000012552953859_000.jpg
3192182386;101633;NA;PSP_EXTRATLEITIMPL_200526_0352_20000000013602953909_000.jpg
3245060415/3171715880;4742;NA;PSP_EXTRATLEITIMPL_200526_0352_20000000019952991045_000.jpg
3242778781;1252;NA;PSP_EXTRATLEITIMPL_200526_0352_20000000014402952846_000.jpg
3210741401;3045;NA;PSP_EXTRATLEITIMPL_200526_0352_20000000012252950919_000.jpg
3192183277;287220;NA;PSP_EXTRATLEITIMPL_200526_0352_20000000006302963890_000.jpg
3200500830;5511;M141;PSP_EXTRATLEITIMPL_200526_0352_20000000004603016111_000.jpg
140880B;72787;NA;PSP_EXTRATLEITIMPL_200526_0352_20000000005552981132_000.jpg
3244190307/3245179331/3244190307/3201622386;24516;NA;NA
3224749847;13528;NA;PSP_EXTRATLEITIMPL_200526_0352_20000000000852951848_000.jpg
60354650;31250;NA;PSP_EXTRATLEITIMPL_200526_0352_20000000010152972246_000.jpg
91081792;50238;T111;PSP_EXTRATLEITIMPL_200526_0352_20000000010652966511_000.jpg
3233169659;15213;NA;PSP_EXTRATLEITIMPL_200526_0352_20000000008602981494_000.jpg
3224802594;15506;NA;PSP_EXTRATLEITIMPL_200526_0352_20000000003352968541_000.jpg
3011179594;17102;NA;PSP_EXTRATLEITIMPL_200526_0352_20000000005852978521_000.jpg
3203913140;30899;T181;PSP_EXTRATLEITIMPL_200526_0352_20000000000952964463_000.jpg
3210679412;25332;NA;PSP_EXTRATLEITIMPL_200526_0352_20000000015852945947_000.jpg
3212289670;6068;NA;PSP_EXTRATLEITIMPL_200526_0352_20000000005203001039_000.jpg
3231101526;23303;T181;PSP_EXTRATLEITIMPL_200526_0352_20000000019602974608_000.jpg
3160364318;242741;NA;PSP_EXTRATLEITIMPL_200526_0352_20000000000852964650_000.jpg
40500960;96203;T111;PSP_EXTRATLEITIMPL_200526_0352_20000000017902974749_000.jpg
3211118678;8098;NA;PSP_EXTRATLEITIMPL_200526_0352_20000000019852975699_000.jpg
F42207;0;P111;PSP_EXTRATLEITIMPL_200526_0352_20000000018802969658_000.jpg
3225955483;0;P111;PSP_EXTRATLEITIMPL_200526_0352_20000000014552969695_000.jpg
3141380116;283;P111;PSP_EXTRATLEITIMPL_200526_0352_20000000008652973883_000.jpg
51091175;94;P111;PSP_EXTRATLEITIMPL_200526_0352_20000000011702972242_000.jpg
3242672657;8191;T181;PSP_EXTRATLEITIMPL_200526_0352_20000000013852979329_000.jpg
3241119458;7104;NA;PSP_EXTRATLEITIMPL_200526_0352_20000000013752972361_000.jpg
5257782729/3202140180;9273;T111;PSP_EXTRATLEITIMPL_200526_0352_20000000010102961749_000.jpg
3193222454;69307;T111;PSP_EXTRATLEITIMPL_200526_0352_20000000018952988046_000.jpg
30295650;1;P111;PSP_EXTRATLEITIMPL_200526_0352_20000000000352964911_000.jpg
3161497451;215965;NA;PSP_EXTRATLEITIMPL_200526_0352_20000000010102966632_000.jpg
3203588754;17630;NA;PSP_EXTRATLEITIMPL_200526_0352_20000000004152983567_000.jpg
2178350;44011;NA;PSP_EXTRATLEITIMPL_200526_0352_20000000018452973708_000.jpg
3171450410;2327;NA;PSP_EXTRATLEITIMPL_200526_0352_20000000012402961742_000.jpg
3183130284;14218;NA;PSP_EXTRATLEITIMPL_200526_0352_20000000018102979700_000.jpg
3203936647;23857;T181;PSP_EXTRATLEITIMPL_200526_0352_20000000005552970762_000.jpg
6251157608/3241627615;2342;T181;PSP_EXTRATLEITIMPL_200526_0352_20000000014852962729_000.jpg
138155B;26638;NA;PSP_EXTRATLEITIMPL_200526_0352_20000000015252978735_000.jpg
3201687143;47777;NA;PSP_EXTRATLEITIMPL_200526_0352_20000000007452970734_000.jpg
3230061164;64404;NA;PSP_EXTRATLEITIMPL_200526_0352_20000000012902951934_000.jpg
3222754304;13845;T181;PSP_EXTRATLEITIMPL_200526_0352_20000000019052959894_000.jpg
3212578605;46482;T181;PSP_EXTRATLEITIMPL_200526_0352_20000000013602976206_000.jpg
51679016;70998;NA;PSP_EXTRATLEITIMPL_200526_0352_20000000004502984286_000.jpg
3212623562;3621;NA;PSP_EXTRATLEITIMPL_200526_0352_20000000008252971101_000.jpg
650050002;63849;NA;PSP_EXTRATLEITIMPL_200526_0352_20000000014702975137_000.jpg
3212649561;44263;NA;PSP_EXTRATLEITIMPL_200526_0352_20000000002052999242_000.jpg
3193636747;52366;NA;PSP_EXTRATLEITIMPL_200526_0352_20000000010252968168_000.jpg
3140853479;178361;NA;PSP_EXTRATLEITIMPL_200526_0352_20000000008452961657_000.jpg
3225127408;117209;NA;PSP_EXTRATLEITIMPL_200526_0352_20000000006502985786_000.jpg
3242523457;10738;T181;PSP_EXTRATLEITIMPL_200526_0352_20000000018052965687_000.jpg
3171827654;113743;NA;PSP_EXTRATLEITIMPL_200526_0352_20000000009252965667_000.jpg
103339B;75846;NA;PSP_EXTRATLEITIMPL_200526_0352_20000000007202989116_000.jpg
101065B;11241;NA;PSP_EXTRATLEITIMPL_200526_0352_20000000005852983247_000.jpg
72104B;5748;NA;PSP_EXTRATLEITIMPL_200526_0352_20000000004202996213_000.jpg
B67717;30400;NA;PSP_EXTRATLEITIMPL_200526_0352_20000000002802979745_000.jpg
3181691696;195537;T181;PSP_EXTRATLEITIMPL_200526_0352_20000000004952996734_000.jpg
6250629859/3180500285;13861;T181;PSP_EXTRATLEITIMPL_200526_0352_20000000014902962795_000.jpg
3160031017;147339;NA;PSP_EXTRATLEITIMPL_200526_0352_20000000015452963701_000.jpg
3181687460;10398;NA;PSP_EXTRATLEITIMPL_200526_0352_20000000004752982967_002.jpg
3190367672;110253;NA;PSP_EXTRATLEITIMPL_200526_0352_20000000002602978786_000.jpg
3182531293;37818;NA;PSP_EXTRATLEITIMPL_200526_0352_20000000007852969866_000.jpg
12741B;12832;NA;PSP_EXTRATLEITIMPL_200526_0352_20000000004202985728_000.jpg
3170266292;7446;NA;PSP_EXTRATLEITIMPL_200526_0352_20000000017852983762_000.jpg
3213357971;26441;NA;PSP_EXTRATLEITIMPL_200526_0352_20000000012452969214_000.jpg
43674B;34379;NA;PSP_EXTRATLEITIMPL_200526_0352_20000000007002991093_000.jpg
Q36956;29621;NA;PSP_EXTRATLEITIMPL_200526_0352_20000000013952959720_000.jpg
3242273728;696;NA;PSP_EXTRATLEITIMPL_200526_0352_20000000010252962462_000.jpg
3160365926;146171;NA;PSP_EXTRATLEITIMPL_200526_0352_20000000007402960819_000.jpg
3201730367;147186;T111;PSP_EXTRATLEITIMPL_200526_0352_20000000019402983464_000.jpg
3221002325;5881;NA;PSP_EXTRATLEITIMPL_200526_0352_20000000015652972100_000.jpg
3245098633/B137336;21597;T181;PSP_EXTRATLEITIMPL_200526_0352_20000000000002971876_000.jpg
3242520938;5251;T181;PSP_EXTRATLEITIMPL_200526_0352_20000000013352956850_000.jpg
3140855315;324928;NA;PSP_EXTRATLEITIMPL_200526_0352_20000000012002977172_000.jpg
B106940;41075;NA;PSP_EXTRATLEITIMPL_200526_0352_20000000012552975236_000.jpg
B139683;59233;NA;PSP_EXTRATLEITIMPL_200526_0352_20000000019552997277_000.jpg
3191746669;14408;NA;PSP_EXTRATLEITIMPL_200526_0352_20000000013202950937_000.jpg
61197427;35545;NA;PSP_EXTRATLEITIMPL_200526_0352_20000000008952961472_000.jpg
MD92478;13951;NA;NA
3210730710;4182;NA;PSP_EXTRATLEITIMPL_200526_0352_20000000007302975441_000.jpg
3244067238;2568;NA;PSP_EXTRATLEITIMPL_200526_0352_20000000002952972882_000.jpg
60416532;3813;P111;PSP_EXTRATLEITIMPL_200526_0352_20000000011702966563_000.jpg
3231302076;175;NA;PSP_EXTRATLEITIMPL_200526_0352_20000000019802976877_000.jpg
3152015940;11447;B131;PSP_EXTRATLEITIMPL_200526_0352_20000000018552985474_000.jpg
3141233091;7348;NA;PSP_EXTRATLEITIMPL_200526_0352_20000000011452949980_000.jpg
3192908620;11362;NA;PSP_EXTRATLEITIMPL_200526_0352_20000000015802956497_000.jpg
3210813909;46379;NA;PSP_EXTRATLEITIMPL_200526_0352_20000000003652989410_000.jpg
60320268;74907;NA;PSP_EXTRATLEITIMPL_200526_0352_20000000000652971331_000.jpg
30161009;35635;NA;PSP_EXTRATLEITIMPL_200526_0352_20000000010902974541_000.jpg
3171220369;605916;NA;PSP_EXTRATLEITIMPL_200526_0352_20000000012702966711_000.jpg
3201590310;127490;NA;PSP_EXTRATLEITIMPL_200526_0352_20000000015802956499_000.jpg
3181445792;933;B111;PSP_EXTRATLEITIMPL_200526_0352_20000000007002961969_000.jpg
3213908846;2037;NA;PSP_EXTRATLEITIMPL_200526_0352_20000000014802957919_000.jpg
3221737627;12160;NA;PSP_EXTRATLEITIMPL_200526_0352_20000000005452966817_000.jpg
3160920393;4994;NA;PSP_EXTRATLEITIMPL_200526_0352_20000000005202974955_000.jpg
3221624938;6361;NA;NA
3011204826;8633;NA;PSP_EXTRATLEITIMPL_200526_0352_20000000016902982930_000.jpg
3232687850;862;P111;PSP_EXTRATLEITIMPL_200526_0352_20000000009302964771_000.jpg
3202245179;4370;NA;PSP_EXTRATLEITIMPL_200526_0352_20000000004302989237_000.jpg
3192803828;45487;NA;PSP_EXTRATLEITIMPL_200526_0352_20000000014152954900_000.jpg
3180718051;2639;NA;PSP_EXTRATLEITIMPL_200526_0352_20000000017952969681_000.jpg
61559140;3260;L101;PSP_EXTRATLEITIMPL_200526_0352_20000000014202958691_000.jpg
3011031753;86783;L131;PSP_EXTRATLEITIMPL_200526_0352_20000000000352979560_000.jpg
50494640;49652;NA;PSP_EXTRATLEITIMPL_200526_0352_20000000004502977610_000.jpg
L64178;0;P111;PSP_EXTRATLEITIMPL_200526_0352_20000000002552964944_000.jpg
3191285980;41479;NA;NA
650142225;89216;NA;PSP_EXTRATLEITIMPL_200526_0352_20000000011552977271_000.jpg
16554B;29637;NA;PSP_EXTRATLEITIMPL_200526_0352_20000000005952978496_000.jpg
3230949718;9058;T181;PSP_EXTRATLEITIMPL_200526_0352_20000000011502977433_000.jpg
3210324665;26859;NA;PSP_EXTRATLEITIMPL_200526_0352_20000000011752949894_000.jpg
3220799653;6313;NA;PSP_EXTRATLEITIMPL_200526_0352_20000000012102954947_000.jpg
J73421;28472;NA;PSP_EXTRATLEITIMPL_200526_0352_20000000017552980874_000.jpg
30070275;5719;NA;PSP_EXTRATLEITIMPL_200526_0352_20000000000552960736_000.jpg
3242525522/3242407147/3233355266;10928;T181;PSP_EXTRATLEITIMPL_200526_0352_20000000015052956763_000.jpg
3245100336/3194032950;21162;T181;PSP_EXTRATLEITIMPL_200526_0352_20000000000902950990_000.jpg
3223657094;630;NA;PSP_EXTRATLEITIMPL_200526_0352_20000000010952962722_000.jpg
3221138774;960;P111;PSP_EXTRATLEITIMPL_200526_0352_20000000004552971910_000.jpg
3230119642;2617;NA;PSP_EXTRATLEITIMPL_200526_0352_20000000005152994613_000.jpg
3231028349;14566;T181;PSP_EXTRATLEITIMPL_200526_0352_20000000014252971108_000.jpg
3190136565;8;B111;PSP_EXTRATLEITIMPL_200526_0352_20000000005602962340_000.jpg
3200174134;40034;NA;PSP_EXTRATLEITIMPL_200526_0352_20000000012752969360_000.jpg
124852B;30926;T111;PSP_EXTRATLEITIMPL_200526_0352_20000000013952969294_000.jpg
3244276520/3244743039;6512;T181;PSP_EXTRATLEITIMPL_200526_0352_20000000000352975698_000.jpg
81622620;75754;T111;PSP_EXTRATLEITIMPL_200526_0352_20000000019402979716_000.jpg
3211195630;2352;NA;PSP_EXTRATLEITIMPL_200526_0352_20000000002352973743_000.jpg
N74300;238;NA;PSP_EXTRATLEITIMPL_200526_0352_20000000018852977633_000.jpg
3244200531/P47219;3288;T181;PSP_EXTRATLEITIMPL_200526_0352_20000000015452966627_000.jpg
3141821821;316;NA;PSP_EXTRATLEITIMPL_200526_0352_20000000013552962684_000.jpg
3222517582;13972;NA;PSP_EXTRATLEITIMPL_200526_0352_20000000003002971896_000.jpg
3245090098/3245021509/3193353923;8036;T181;PSP_EXTRATLEITIMPL_200526_0352_20000000005352996012_000.jpg
650133625;14;P111;PSP_EXTRATLEITIMPL_200526_0352_20000000015052968104_000.jpg
81261407;84231;NA;PSP_EXTRATLEITIMPL_200526_0352_20000000019802974963_000.jpg
3171764075;76080;NA;PSP_EXTRATLEITIMPL_200526_0352_20000000018552980750_000.jpg
61429794;44;NA;PSP_EXTRATLEITIMPL_200526_0352_20000000007752961936_000.jpg
3223812600;2872;NA;PSP_EXTRATLEITIMPL_200526_0352_20000000006002982356_000.jpg
3160803770;43;P111;PSP_EXTRATLEITIMPL_200526_0352_20000000011452966579_000.jpg
3011084932;0;P111;PSP_EXTRATLEITIMPL_200526_0352_20000000019102986255_000.jpg
3223402100;9556;T181;PSP_EXTRATLEITIMPL_200526_0352_20000000013252968313_000.jpg
6252254810/3131829204;952;NA;PSP_EXTRATLEITIMPL_200526_0352_20000000011652955929_000.jpg
3242927590;5029;T181;PSP_EXTRATLEITIMPL_200526_0352_20000000013452976494_000.jpg
MA09093;58597;NA;PSP_EXTRATLEITIMPL_200526_0352_20000000010102959720_000.jpg
3242766333;8331;T181;PSP_EXTRATLEITIMPL_200526_0352_20000000012752963636_000.jpg
3244595668/MH53891;348;B131;PSP_EXTRATLEITIMPL_200526_0352_20000000018252968791_000.jpg
MV52671;10199;T111;PSP_EXTRATLEITIMPL_200526_0352_20000000012502974693_000.jpg
3211280670;53330;T181;PSP_EXTRATLEITIMPL_200526_0352_20000000003202983722_000.jpg
3223287688;9120;T181;PSP_EXTRATLEITIMPL_200526_0352_20000000018602981716_000.jpg
3203909917;45499;T181;PSP_EXTRATLEITIMPL_200526_0352_20000000000652966634_000.jpg
3131834348;757208;NA;PSP_EXTRATLEITIMPL_200526_0352_20000000005152993705_000.jpg
3222734168;6483;T181;PSP_EXTRATLEITIMPL_200526_0352_20000000018352974656_000.jpg
44176B;14027;NA;PSP_EXTRATLEITIMPL_200526_0352_20000000000652976003_000.jpg
81798672;38489;NA;PSP_EXTRATLEITIMPL_200526_0352_20000000002902974884_000.jpg
6251400588/MC60795;5675;NA;PSP_EXTRATLEITIMPL_200526_0352_20000000001002953855_000.jpg
60317151;60671;T111;NA
3193203514;65337;T181;PSP_EXTRATLEITIMPL_200526_0352_20000000004602994967_000.jpg
3191197460;4301;NA;NA
70555581;20304;NA;PSP_EXTRATLEITIMPL_200526_0352_20000000016452959924_000.jpg
3225924383;99;NA;NA
3161729409;4158;NA;PSP_EXTRATLEITIMPL_200526_0352_20000000001402972836_000.jpg
40001115;10253;NA;PSP_EXTRATLEITIMPL_200526_0352_20000000015752975131_000.jpg
50829189;20;P111;PSP_EXTRATLEITIMPL_200526_0352_20000000009452949931_000.jpg
3190728942;8429;NA;PSP_EXTRATLEITIMPL_200526_0352_20000000003752951987_000.jpg
3242496034;24548;T181;PSP_EXTRATLEITIMPL_200526_0352_20000000018052950997_000.jpg
80740832;30260;T111;PSP_EXTRATLEITIMPL_200526_0352_20000000000202938947_000.jpg
3203754115;15813;T181;PSP_EXTRATLEITIMPL_200526_0352_20000000014102946877_000.jpg
3191205625;35816;NA;PSP_EXTRATLEITIMPL_200526_0352_20000000014552958891_000.jpg
3232537603;633;NA;PSP_EXTRATLEITIMPL_200526_0352_20000000017653001018_000.jpg
69853B;15796;NA;PSP_EXTRATLEITIMPL_200526_0352_20000000012602964877_000.jpg
57319B;402546;NA;PSP_EXTRATLEITIMPL_200526_0352_20000000018902971810_000.jpg
3201589885;31700;NA;PSP_EXTRATLEITIMPL_200526_0352_20000000019202965882_000.jpg
90429353;22;P111;PSP_EXTRATLEITIMPL_200526_0352_20000000011002979390_000.jpg
3010214599;28606;NA;PSP_EXTRATLEITIMPL_200526_0352_20000000007802967861_000.jpg
5256503052/3011018304;2150;T181;PSP_EXTRATLEITIMPL_200526_0352_20000000011902964719_000.jpg
3200294180;4378;T111;PSP_EXTRATLEITIMPL_200526_0352_20000000008652979643_000.jpg
3225140307;60994;NA;PSP_EXTRATLEITIMPL_200526_0352_20000000018702984336_000.jpg
50988023;20248;NA;PSP_EXTRATLEITIMPL_200526_0352_20000000005053006020_000.jpg
3242791443;162;NA;PSP_EXTRATLEITIMPL_200526_0352_20000000001802979936_000.jpg
3225032016;14938;NA;PSP_EXTRATLEITIMPL_200526_0352_20000000018702972834_000.jpg
40148884;19779;T111;PSP_EXTRATLEITIMPL_200526_0352_20000000007902955936_000.jpg
MB21156;5509;L101;PSP_EXTRATLEITIMPL_200526_0352_20000000000602973064_000.jpg
3212720606;72278;T181;PSP_EXTRATLEITIMPL_200526_0352_20000000003452972616_000.jpg
3204637430;4523;NA;PSP_EXTRATLEITIMPL_200526_0352_20000000005202986750_000.jpg
3193138968;572;T181;PSP_EXTRATLEITIMPL_200526_0352_20000000018252972707_000.jpg
3203912675;46715;T181;PSP_EXTRATLEITIMPL_200526_0352_20000000009302964774_000.jpg
3242590952;5044;T181;PSP_EXTRATLEITIMPL_200526_0352_20000000013152965803_000.jpg
MV06222;83485;NA;PSP_EXTRATLEITIMPL_200526_0352_20000000017952975530_000.jpg
3010223966;13644;NA;NA
3194025717;31588;T181;PSP_EXTRATLEITIMPL_200526_0352_20000000005053008012_000.jpg
3200742787;24277;NA;PSP_EXTRATLEITIMPL_200526_0352_20000000009302966757_000.jpg
3141519165;17279;NA;PSP_EXTRATLEITIMPL_200526_0352_20000000012102970810_000.jpg
121383B;12693;T111;PSP_EXTRATLEITIMPL_200526_0352_20000000004552978564_000.jpg
3223317307;6231;T181;PSP_EXTRATLEITIMPL_200526_0352_20000000007952973632_000.jpg
3243909979/IC11112;157;L101;PSP_EXTRATLEITIMPL_200526_0352_20000000001452986629_000.jpg
71092011;24115;L101;PSP_EXTRATLEITIMPL_200526_0352_20000000017452974764_000.jpg
MV41390;27273;L101;PSP_EXTRATLEITIMPL_200526_0352_20000000014502965693_000.jpg
MV23970;21040;NA;PSP_EXTRATLEITIMPL_200526_0352_20000000001202972741_000.jpg
3245021207/MD72251;288;L101;PSP_EXTRATLEITIMPL_200526_0352_20000000013502966755_000.jpg
MG02190;21036;NA;PSP_EXTRATLEITIMPL_200526_0352_20000000015302977898_000.jpg
3122083151;1287;T181;PSP_EXTRATLEITIMPL_200526_0352_20000000004152986376_000.jpg
3223393534;10471;T181;PSP_EXTRATLEITIMPL_200526_0352_20000000004002974546_000.jpg
3181079397;727664;NA;PSP_EXTRATLEITIMPL_200526_0352_20000000015302998030_000.jpg
5257997946/3203815815;2250;T181;PSP_EXTRATLEITIMPL_200526_0352_20000000010702967882_000.jpg
91251663;36443;NA;PSP_EXTRATLEITIMPL_200526_0352_20000000010302957964_000.jpg
3222737469;89864;T181;PSP_EXTRATLEITIMPL_200526_0352_20000000001502967825_000.jpg
3241584142;43216;B111;PSP_EXTRATLEITIMPL_200526_0352_20000000019752967872_000.jpg
3225105773;0;B111;PSP_EXTRATLEITIMPL_200526_0352_20000000013602960861_000.jpg
3171837226;84158;NA;PSP_EXTRATLEITIMPL_200526_0352_20000000006802981602_000.jpg
3223434214;388375;NA;NA
3222737884;5431;T181;PSP_EXTRATLEITIMPL_200526_0352_20000000004902972922_000.jpg
3212724008;35340;T181;PSP_EXTRATLEITIMPL_200526_0352_20000000011752960804_000.jpg
3241117013;3981;NA;PSP_EXTRATLEITIMPL_200526_0352_20000000003952954915_000.jpg
3201735814;142125;NA;PSP_EXTRATLEITIMPL_200526_0352_20000000015902971753_000.jpg
3221863193;57533;NA;PSP_EXTRATLEITIMPL_200526_0352_20000000015502962745_000.jpg
3161481270;21635;NA;PSP_EXTRATLEITIMPL_200526_0352_20000000005202979878_000.jpg
6251133520/3201502909;22682;NA;PSP_EXTRATLEITIMPL_200526_0352_20000000009102959844_000.jpg
3225127190;0;NA;NA
3161481407;299907;NA;PSP_EXTRATLEITIMPL_200526_0352_20000000017552999173_000.jpg
3180114881;7647;NA;PSP_EXTRATLEITIMPL_200526_0352_20000000002602965968_000.jpg
3181693974;11069;P111;PSP_EXTRATLEITIMPL_200526_0352_20000000003852966853_000.jpg
3192168847;569361;NA;PSP_EXTRATLEITIMPL_200526_0352_20000000014402953863_000.jpg
137878B;64999;NA;PSP_EXTRATLEITIMPL_200526_0352_20000000015102958891_000.jpg
3140157812;26692;NA;NA
30508254;22692;NA;PSP_EXTRATLEITIMPL_200526_0352_20000000009802973128_000.jpg
3212723648;9846;T181;PSP_EXTRATLEITIMPL_200526_0352_20000000006302987277_000.jpg
3153921597;1164;NA;NA
3010213394;16981;NA;NA
3181336969;0;R111;PSP_EXTRATLEITIMPL_200526_0352_20000000006202976549_000.jpg
3203667980;0;R111;PSP_EXTRATLEITIMPL_200526_0352_20000000019452982508_000.jpg
3241632805/3241050717;7069;T181;PSP_EXTRATLEITIMPL_200526_0352_20000000002602985598_000.jpg
3202438481;2201;L101;PSP_EXTRATLEITIMPL_200526_0352_20000000011302956880_000.jpg
G88332;48984;L101;PSP_EXTRATLEITIMPL_200526_0352_20000000010602952817_000.jpg
3230379032;1252;NA;PSP_EXTRATLEITIMPL_200526_0352_20000000015852964726_000.jpg
MV31220;36028;NA;PSP_EXTRATLEITIMPL_200526_0352_20000000012402963717_000.jpg
W49927;12258;NA;PSP_EXTRATLEITIMPL_200526_0352_20000000007352976728_000.jpg
3213564160;686;NA;PSP_EXTRATLEITIMPL_200526_0352_20000000008052949934_000.jpg
3154906575;42354;NA;PSP_EXTRATLEITIMPL_200526_0352_20000000007452958907_000.jpg
J09575;43001;L101;PSP_EXTRATLEITIMPL_200526_0352_20000000019352972879_000.jpg
3011125181;13820;NA;NA
3233224560;349;NA;NA
3181682417;2554;NA;NA
N53982;33801;NA;NA
3141693726;16874;L101;NA
W55612;19839;L101;NA
3201145227;13242;NA;PSP_EXTRATLEITIMPL_200526_0352_20000000007552966867_000.jpg
3203475577;2930;NA;PSP_EXTRATLEITIMPL_200526_0352_20000000006452991079_000.jpg
3220256960;11495;T181;PSP_EXTRATLEITIMPL_200526_0352_20000000005103002343_000.jpg
3222954974;3174;L101;PSP_EXTRATLEITIMPL_200526_0352_20000000013802972399_000.jpg
40222812;168;P111;PSP_EXTRATLEITIMPL_200526_0352_00000000000211753834_000.jpg
3193452123;27817;NA;PSP_EXTRATLEITIMPL_200526_0352_20000000006202959914_000.jpg
3223304051;103496;T181;PSP_EXTRATLEITIMPL_200526_0352_20000000014152968322_000.jpg
6251506530/3133081517;132;NA;PSP_EXTRATLEITIMPL_200526_0352_20000000019252987235_000.jpg
5256852103/61153250;1129;NA;NA
3244287882/3182344094;3727;T181;PSP_EXTRATLEITIMPL_200526_0352_20000000019802993390_000.jpg
90565354;37594;NA;PSP_EXTRATLEITIMPL_200526_0352_20000000017852991372_000.jpg
82743090;12046;NA;PSP_EXTRATLEITIMPL_200526_0352_20000000001702981031_000.jpg
3202579450;11240;NA;PSP_EXTRATLEITIMPL_200526_0352_20000000015652947933_000.jpg
3241920410;1747;L101;PSP_EXTRATLEITIMPL_200526_0352_20000000008852953934_000.jpg
3200527118;76259;NA;NA
3010172966;31525;L101;PSP_EXTRATLEITIMPL_200526_0352_20000000008252962626_000.jpg
62466286;13;NA;NA
41281715;33360;NA;NA
3202338991;30316;L101;NA
3132772338;17197;NA;NA
3230126428;752;P111;PSP_EXTRATLEITIMPL_200526_0352_20000000016552962779_000.jpg
NQ21861;322;P111;PSP_EXTRATLEITIMPL_200526_0352_20000000012952954731_000.jpg
3160529457;294;B111;PSP_EXTRATLEITIMPL_200526_0352_20000000003602976768_000.jpg
3190032590;95;NA;PSP_EXTRATLEITIMPL_200526_0352_20000000013452968831_000.jpg
3230794498;3860;NA;PSP_EXTRATLEITIMPL_200526_0352_20000000003352976007_000.jpg
50667391;37020;NA;PSP_EXTRATLEITIMPL_200526_0352_20000000009252979031_000.jpg
3132634539;54483;NA;PSP_EXTRATLEITIMPL_200526_0352_20000000016302954925_000.jpg
3204615500;391;NA;PSP_EXTRATLEITIMPL_200526_0352_20000000008352973890_000.jpg
3224550293;3957;NA;PSP_EXTRATLEITIMPL_200526_0352_20000000015752953874_000.jpg
3205564186;387;P111;NA
MB48118;46255;NA;PSP_EXTRATLEITIMPL_200526_0352_20000000001252974747_000.jpg
3205145302;29726;NA;NA
6251266601/3205131514;4;M141;NA
3231092098;50154;NA;PSP_EXTRATLEITIMPL_200526_0352_20000000009252976203_000.jpg
3245073444/3245179706/3245073444/3241586722;34331;NA;NA
3203757173;51489;T181;PSP_EXTRATLEITIMPL_200526_0352_20000000014852956769_000.jpg
105985B;31379;NA;PSP_EXTRATLEITIMPL_200526_0352_20000000006052980190_000.jpg
3132634580;715;B111;PSP_EXTRATLEITIMPL_200526_0352_20000000018052976212_000.jpg
3154404979;21040;NA;NA
3222905612;4393;NA;NA
6251471892/3152693205;1571;NA;NA
5257515259/3220124761;2821;NA;NA
3220124753;4842;NA;NA
3182710171;1965;NA;NA
3181499256;21837;T111;PSP_EXTRATLEITIMPL_200526_0352_20000000011302952912_000.jpg
3183661077;57581;NA;PSP_EXTRATLEITIMPL_200526_0352_20000000005502968961_000.jpg
6251620553/60546800;8056;P111;PSP_EXTRATLEITIMPL_200526_0352_20000000011152953892_000.jpg
3180624448;8665;NA;NA
3182629447;6063;NA;NA
3182775540;7010;NA;NA
3180636527;9786;NA;NA
6251985195/3120934030;1234;NA;PSP_EXTRATLEITIMPL_200526_0352_20000000019452960997_000.jpg
3232193076;103;P111;PSP_EXTRATLEITIMPL_200526_0352_20000000013402975810_000.jpg
6251523833/3180544886;10596;NA;NA
3150821311;89400;NA;PSP_EXTRATLEITIMPL_200526_0352_20000000002102979535_000.jpg
3244209458;16033;T181;PSP_EXTRATLEITIMPL_200526_0352_20000000008552955938_000.jpg
3152956389;12633;NA;PSP_EXTRATLEITIMPL_200526_0352_20000000002702988242_000.jpg
6251175240/3242339338/3191042726;2491;NA;PSP_EXTRATLEITIMPL_200526_0352_20000000000052975719_000.jpg
3221581503;6185;NA;PSP_EXTRATLEITIMPL_200526_0352_20000000009052950852_000.jpg
5255959770/5256227810/5255959770/90615629;39989;NA;NA
3154914306;13305;NA;PSP_EXTRATLEITIMPL_200526_0352_20000000010702957977_000.jpg
3242492322;5438;T181;PSP_EXTRATLEITIMPL_200526_0352_20000000003352972244_000.jpg
OT92157;20340;NA;NA
3244288641;4794;T181;PSP_EXTRATLEITIMPL_200526_0352_20000000005352986507_000.jpg
NF29764;59707;NA;PSP_EXTRATLEITIMPL_200526_0352_20000000007502959871_000.jpg
71511138;22134;NA;PSP_EXTRATLEITIMPL_200526_0352_20000000018602989350_000.jpg
3201805162;6812;NA;PSP_EXTRATLEITIMPL_200526_0352_20000000015852965700_000.jpg
90642243;16392;NA;PSP_EXTRATLEITIMPL_200526_0352_20000000019552981902_000.jpg
3242500457;5405;T181;PSP_EXTRATLEITIMPL_200526_0352_20000000018702977675_000.jpg
3183636579;347895;NA;PSP_EXTRATLEITIMPL_200526_0352_20000000014652971541_000.jpg
3190371939;29866;NA;PSP_EXTRATLEITIMPL_200526_0352_20000000001452984593_000.jpg
3212124426;14388;NA;PSP_EXTRATLEITIMPL_200526_0352_20000000001452984595_000.jpg
3203936493;15387;T181;PSP_EXTRATLEITIMPL_200526_0352_20000000005852972753_000.jpg
3242614860;11119;T181;PSP_EXTRATLEITIMPL_200526_0352_20000000019102983378_000.jpg
48366B;13463;NA;PSP_EXTRATLEITIMPL_200526_0352_20000000015052968105_000.jpg
3180499538;115902;T181;PSP_EXTRATLEITIMPL_200526_0352_20000000016202958770_000.jpg
60882371;0;P111;NA
3241072745;9187;T181;NA
3241549800;13786;T181;NA
3244250610/3182176884;2974;T181;NA
3242760491;6155;T181;NA
62052040;28598;NA;PSP_EXTRATLEITIMPL_200526_0352_20000000004752978993_000.jpg
60881189;99999;P111;NA
3220324884;15870;T181;PSP_EXTRATLEITIMPL_200526_0352_20000000013202950940_000.jpg
3242625330;5274;T181;NA
6251567229/70327678;2736;T181;PSP_EXTRATLEITIMPL_200526_0352_20000000003402986117_000.jpg
3230641195;16197;NA;NA
3214292903;39703;T181;PSP_EXTRATLEITIMPL_200526_0352_20000000005602965126_000.jpg
3220358096;31221;T181;PSP_EXTRATLEITIMPL_200526_0352_20000000006802989118_000.jpg
3205415725;38522;NA;PSP_EXTRATLEITIMPL_200526_0352_20000000007752981498_000.jpg
46670;3830;NA;PSP_EXTRATLEITIMPL_200526_0352_20000000005902984325_000.jpg
165254B;52886;NA;PSP_EXTRATLEITIMPL_200526_0352_20000000000402983349_000.jpg
3180662587;109097;T181;PSP_EXTRATLEITIMPL_200526_0352_20000000011002983066_000.jpg
50235637;12085;NA;PSP_EXTRATLEITIMPL_200526_0352_20000000016402974103_000.jpg
90393812;75313;NA;PSP_EXTRATLEITIMPL_200526_0352_20000000003202992247_000.jpg
3242435620/3131861302;3945;NA;PSP_EXTRATLEITIMPL_200526_0352_20000000005552969778_000.jpg
50500250;16034;B101;PSP_EXTRATLEITIMPL_200526_0352_20000000002202974562_000.jpg
3224981480;121;T111;PSP_EXTRATLEITIMPL_200526_0352_20000000013102979438_000.jpg
L23172;28908;NA;PSP_EXTRATLEITIMPL_200526_0352_20000000019202964849_000.jpg
V00257;28968;L101;PSP_EXTRATLEITIMPL_200526_0352_20000000005852955952_000.jpg
V00283;19437;NA;PSP_EXTRATLEITIMPL_200526_0352_20000000016002945920_000.jpg
40937404;19;B111;PSP_EXTRATLEITIMPL_200526_0352_20000000002602971876_000.jpg
3224234588;908;NA;PSP_EXTRATLEITIMPL_200526_0352_20000000009952952761_000.jpg
51300122;19583;NA;PSP_EXTRATLEITIMPL_200526_0352_20000000006052970705_000.jpg
3181753853;62430;NA;PSP_EXTRATLEITIMPL_200526_0352_20000000017502979716_000.jpg
3200963910;31931;NA;PSP_EXTRATLEITIMPL_200526_0352_20000000019502965895_000.jpg
3205243169;2264;T111;PSP_EXTRATLEITIMPL_200526_0352_20000000003052967914_000.jpg
3193573435;5296;NA;PSP_EXTRATLEITIMPL_200526_0352_20000000019502974595_000.jpg
3200428934;24007;T181;PSP_EXTRATLEITIMPL_200526_0352_20000000011252940946_000.jpg
61680020;63326;NA;PSP_EXTRATLEITIMPL_200526_0352_20000000017502980715_000.jpg
3244282554/71100600;3775;T181;NA
3232381972;0;P111;PSP_EXTRATLEITIMPL_200526_0352_20000000008902964625_000.jpg
MC14041;18509;NA;PSP_EXTRATLEITIMPL_200526_0352_20000000010352979289_000.jpg
V84759;11;P111;PSP_EXTRATLEITIMPL_200526_0352_20000000006802987241_000.jpg
3211124848;64570;T181;PSP_EXTRATLEITIMPL_200526_0352_20000000002402967771_000.jpg
3223265633;35899;NA;PSP_EXTRATLEITIMPL_200526_0352_20000000012652966782_000.jpg
3241171506;13937;T181;PSP_EXTRATLEITIMPL_200526_0352_20000000014802973690_000.jpg
3190944785;13897;NA;PSP_EXTRATLEITIMPL_200526_0352_20000000019552986724_000.jpg
3200753118;17162;NA;PSP_EXTRATLEITIMPL_200526_0352_20000000015052954742_000.jpg
3202580687;4358;NA;PSP_EXTRATLEITIMPL_200526_0352_20000000009202971744_000.jpg
3212539936;12144;T181;PSP_EXTRATLEITIMPL_200526_0352_20000000009702957757_000.jpg
3224601378;2246;T181;PSP_EXTRATLEITIMPL_200526_0352_20000000009852975801_000.jpg
3230024927;16098;T181;PSP_EXTRATLEITIMPL_200526_0352_20000000007202980599_000.jpg
3204184991;22566;NA;PSP_EXTRATLEITIMPL_200526_0352_20000000002002980925_000.jpg
3213128280;4513;NA;NA
3241570745;7710;T181;PSP_EXTRATLEITIMPL_200526_0352_20000000014252970142_000.jpg
3131090373;35878;NA;PSP_EXTRATLEITIMPL_200526_0352_20000000017152996371_000.jpg
3230141800;4627;NA;PSP_EXTRATLEITIMPL_200526_0352_20000000019302986335_000.jpg
3203776615;19559;T181;PSP_EXTRATLEITIMPL_200526_0352_20000000015952971308_000.jpg
NU00393;6676;NA;NA
91578620;67146;T111;PSP_EXTRATLEITIMPL_200526_0352_20000000013002946867_000.jpg
60717435;60584;NA;PSP_EXTRATLEITIMPL_200526_0352_20000000014302965736_000.jpg
50728439;51;P111;PSP_EXTRATLEITIMPL_200526_0352_20000000017452980558_000.jpg
80596456;49956;T111;PSP_EXTRATLEITIMPL_200526_0352_20000000001002970249_000.jpg
30355245;41630;NA;PSP_EXTRATLEITIMPL_200526_0352_20000000000552964545_000.jpg
3225809800;215;NA;PSP_EXTRATLEITIMPL_200526_0352_20000000000352965939_000.jpg
3193966518;253241;NA;PSP_EXTRATLEITIMPL_200526_0352_20000000009102975085_000.jpg
D05334;13;P111;PSP_EXTRATLEITIMPL_200526_0352_20000000017052997044_000.jpg
3223383202;6755;T181;PSP_EXTRATLEITIMPL_200526_0352_20000000004853002601_000.jpg
3233377740;28239;NA;NA
3191996797;23292;NA;NA
3172350444;175029;T181;PSP_EXTRATLEITIMPL_200526_0352_20000000013652949936_000.jpg
L47306;3895;NA;PSP_EXTRATLEITIMPL_200526_0352_20000000007552973589_000.jpg
3212517576;49912;NA;NA
3223839419;69873;NA;PSP_EXTRATLEITIMPL_200526_0352_20000000016552969627_000.jpg
91521113;15;P111;PSP_EXTRATLEITIMPL_200526_0352_20000000014852973124_000.jpg
3221709011;7;NA;PSP_EXTRATLEITIMPL_200526_0352_20000000015702955832_000.jpg
50132269;0;P111;PSP_EXTRATLEITIMPL_200526_0352_20000000000652975134_000.jpg
3010056364;59794;NA;PSP_EXTRATLEITIMPL_200526_0352_20000000003402957978_000.jpg
3171086212;10706;NA;PSP_EXTRATLEITIMPL_200526_0352_20000000002452967993_000.jpg
3191181181;8441;NA;PSP_EXTRATLEITIMPL_200526_0352_20000000015502960807_000.jpg
3131851218;44314;NA;PSP_EXTRATLEITIMPL_200526_0352_20000000001652975766_000.jpg
80813740;94437;NA;PSP_EXTRATLEITIMPL_200526_0352_20000000015602976501_000.jpg
3194014774;205631;T181;PSP_EXTRATLEITIMPL_200526_0352_20000000016652989567_000.jpg
3190205036;120;L101;PSP_EXTRATLEITIMPL_200526_0352_20000000002252983569_000.jpg
60742685;66880;NA;PSP_EXTRATLEITIMPL_200526_0352_20000000019602977542_000.jpg
40927778;71768;NA;PSP_EXTRATLEITIMPL_200526_0352_20000000006352964981_000.jpg
40072527;49040;NA;PSP_EXTRATLEITIMPL_200526_0352_20000000008052962708_000.jpg
NF53741;41234;NA;PSP_EXTRATLEITIMPL_200526_0352_20000000006552964949_000.jpg
3221359380;6479;NA;PSP_EXTRATLEITIMPL_200526_0352_20000000006952965912_000.jpg
5257952136/90564617;23;NA;PSP_EXTRATLEITIMPL_200526_0352_20000000009052947917_000.jpg
71146006;26179;L101;NA
80041004;2317;P111;NA
3170651021;126;NA;PSP_EXTRATLEITIMPL_200526_0352_20000000004753001236_000.jpg
3132312493;8667;NA;PSP_EXTRATLEITIMPL_200526_0352_20000000014302962775_000.jpg
3193246620;40899;NA;PSP_EXTRATLEITIMPL_200526_0352_20000000005153007008_000.jpg
G65977;2014;NA;PSP_EXTRATLEITIMPL_200526_0352_20000000017702971954_000.jpg
3192071681;9173;NA;NA
C24117;4194;NA;PSP_EXTRATLEITIMPL_200526_0352_20000000017752993150_000.jpg
3204599326;33491;T181;PSP_EXTRATLEITIMPL_200526_0352_20000000014702977031_000.jpg
V54000;17705;L101;PSP_EXTRATLEITIMPL_200526_0352_20000000014152948966_000.jpg
30184602;7617;L101;PSP_EXTRATLEITIMPL_200526_0352_20000000006602972870_000.jpg
097847B;37075;L131;PSP_EXTRATLEITIMPL_200526_0352_20000000016052958994_000.jpg
3180505520;420972;NA;NA
3194032527;52328;T181;PSP_EXTRATLEITIMPL_200526_0352_20000000013702967724_000.jpg
3220260886;61569;T181;PSP_EXTRATLEITIMPL_200526_0352_20000000017852984681_000.jpg
6251615290/3243622963/MH18993;971;NA;PSP_EXTRATLEITIMPL_200526_0352_20000000000202955778_000.jpg
5256601810/3152090225;837;NA;PSP_EXTRATLEITIMPL_200526_0352_20000000016602978935_000.jpg
3244278344;6903;T181;PSP_EXTRATLEITIMPL_200526_0352_20000000019152966895_000.jpg
91480786;4253;NA;PSP_EXTRATLEITIMPL_200526_0352_20000000001252979598_000.jpg
3210708927;1174;P111;PSP_EXTRATLEITIMPL_200526_0352_20000000004552985351_000.jpg
3151551067;9459;L101;PSP_EXTRATLEITIMPL_200526_0352_20000000018502980368_000.jpg
3241172243;5438;T181;PSP_EXTRATLEITIMPL_200526_0352_20000000015552946804_000.jpg
3243784734;9629;T181;PSP_EXTRATLEITIMPL_200526_0352_20000000012902951938_000.jpg
40139478;35312;NA;PSP_EXTRATLEITIMPL_200526_0352_20000000005252986988_000.jpg
3242173944;205;L101;PSP_EXTRATLEITIMPL_200526_0352_20000000000252976844_000.jpg
3221072536;6905;L101;PSP_EXTRATLEITIMPL_200526_0352_20000000003752963805_000.jpg
176305;4743;L101;PSP_EXTRATLEITIMPL_200526_0352_20000000001552975823_000.jpg
80747500;45;NA;PSP_EXTRATLEITIMPL_200526_0352_20000000007902968867_000.jpg
5256494789/3160304773;5544;T181;PSP_EXTRATLEITIMPL_200526_0352_20000000002402964838_000.jpg
5257615164/3011189853;956;NA;PSP_EXTRATLEITIMPL_200526_0352_20000000012352954793_000.jpg
40732896;81376;NA;PSP_EXTRATLEITIMPL_200526_0352_20000000010552973525_000.jpg
3193964280;156245;NA;PSP_EXTRATLEITIMPL_200526_0352_20000000019102980531_000.jpg
3192994453;7676;NA;PSP_EXTRATLEITIMPL_200526_0352_20000000016252964731_000.jpg
61919880;73405;NA;PSP_EXTRATLEITIMPL_200526_0352_20000000012052972699_000.jpg
3154146384;33986;NA;PSP_EXTRATLEITIMPL_200526_0352_20000000017602968800_000.jpg
3192493888;2417;NA;NA
3130380769;14349;NA;NA
3201771810;34813;NA;PSP_EXTRATLEITIMPL_200526_0352_20000000013002948790_000.jpg
3011125596;767;P111;PSP_EXTRATLEITIMPL_200526_0352_20000000003902964846_000.jpg
3200667548;12744;L101;PSP_EXTRATLEITIMPL_200526_0352_20000000007352959965_000.jpg
30282159;24652;L101;PSP_EXTRATLEITIMPL_200526_0352_20000000007302978313_000.jpg
3203778650;68978;T181;NA
3213165428;11715;NA;PSP_EXTRATLEITIMPL_200526_0352_20000000011702969436_000.jpg
3201714698;124476;NA;PSP_EXTRATLEITIMPL_200526_0352_20000000016402947928_000.jpg
3220263850;68978;T181;PSP_EXTRATLEITIMPL_200526_0352_20000000014552952914_000.jpg
3202385477;2137;NA;PSP_EXTRATLEITIMPL_200526_0352_20000000012302968919_000.jpg
640026553;11258;NA;PSP_EXTRATLEITIMPL_200526_0352_20000000009652951982_000.jpg
3150507838;8921;L101;PSP_EXTRATLEITIMPL_200526_0352_20000000001502960919_000.jpg
3201574462;4077;T181;PSP_EXTRATLEITIMPL_200526_0352_00000000000211737130_001.jpg
3141434763;24510;L101;PSP_EXTRATLEITIMPL_200526_0352_20000000001452995052_000.jpg
3242302779/3221146432;4784;T181;PSP_EXTRATLEITIMPL_200526_0352_20000000017202984271_000.jpg
3231981380;1567;NA;PSP_EXTRATLEITIMPL_200526_0352_20000000018652997318_000.jpg
P39302;76667;NA;PSP_EXTRATLEITIMPL_200526_0352_20000000019902982786_000.jpg
3231115535;90171;NA;PSP_EXTRATLEITIMPL_200526_0352_20000000009402958680_000.jpg
82657827;39482;NA;PSP_EXTRATLEITIMPL_200526_0352_20000000014852970307_000.jpg
3231115926;78476;NA;PSP_EXTRATLEITIMPL_200526_0352_20000000017952955994_000.jpg
3154846173;102598;NA;PSP_EXTRATLEITIMPL_200526_0352_20000000008402954816_000.jpg
5257845577/3212704708;2004;NA;PSP_EXTRATLEITIMPL_200526_0352_20000000007102975468_000.jpg
3212583854;12502;NA;PSP_EXTRATLEITIMPL_200526_0352_20000000019602979472_000.jpg
3172127630;12502;NA;PSP_EXTRATLEITIMPL_200526_0352_20000000018402976654_000.jpg
5257921311/3010255395;136;NA;PSP_EXTRATLEITIMPL_200526_0352_20000000000152974334_000.jpg
3223326969;16307;T181;PSP_EXTRATLEITIMPL_200526_0352_20000000006052978321_000.jpg
3205118437;6133;L101;PSP_EXTRATLEITIMPL_200526_0352_20000000015652970377_000.jpg
3244195546/3243851059/83202483;4333;T181;PSP_EXTRATLEITIMPL_200526_0352_20000000017502988388_000.jpg
3211438893;26861;NA;PSP_EXTRATLEITIMPL_200526_0352_20000000019202984358_000.jpg
3225110319;14958;T181;PSP_EXTRATLEITIMPL_200526_0352_20000000010452944960_000.jpg
5257992588/3201076829;3839;NA;PSP_EXTRATLEITIMPL_200526_0352_20000000008752947931_000.jpg
3242679821/3231022952;3807;T181;PSP_EXTRATLEITIMPL_200526_0352_20000000010352952933_000.jpg
3183262318;81369;NA;PSP_EXTRATLEITIMPL_200526_0352_20000000012302957950_000.jpg
3202484440;45;P111;PSP_EXTRATLEITIMPL_200526_0352_20000000017852970960_000.jpg
3121412674;16268;L101;PSP_EXTRATLEITIMPL_200526_0352_20000000006952958948_000.jpg
3210321992;650;P111;PSP_EXTRATLEITIMPL_200526_0352_20000000005002971923_000.jpg
3225005914;37627;T181;PSP_EXTRATLEITIMPL_200526_0352_20000000015252990123_000.jpg
3200430947;25872;T181;PSP_EXTRATLEITIMPL_200526_0352_20000000012452970125_000.jpg
3243784343/3221668668;3905;T181;PSP_EXTRATLEITIMPL_200526_0352_20000000005752950995_000.jpg
3180505333;29;NA;NA
3241203335/3121038802;30190;NA;PSP_EXTRATLEITIMPL_200526_0352_20000000018152977365_001.jpg
3203778618;18921;T181;PSP_EXTRATLEITIMPL_200526_0352_20000000011602963619_000.jpg
3223326764;10062;T181;PSP_EXTRATLEITIMPL_200526_0352_20000000019802989613_000.jpg
90614150;84937;NA;PSP_EXTRATLEITIMPL_200526_0352_20000000013902957901_000.jpg
3220449687;31290;NA;PSP_EXTRATLEITIMPL_200526_0352_20000000019952992005_000.jpg
3200815636;88928;NA;PSP_EXTRATLEITIMPL_200526_0352_20000000013902957902_000.jpg
3170275070;81181;NA;PSP_EXTRATLEITIMPL_200526_0352_20000000004752985930_000.jpg
3242520482;35186;T181;PSP_EXTRATLEITIMPL_200526_0352_20000000001052970637_000.jpg
650008413;17859;NA;PSP_EXTRATLEITIMPL_200526_0352_20000000007602955945_000.jpg
3203940849;24803;T181;PSP_EXTRATLEITIMPL_200526_0352_20000000002902974886_000.jpg
L80305;0;P111;PSP_EXTRATLEITIMPL_200526_0352_20000000007902962841_000.jpg
3243617153/MH17833;24;T111;PSP_EXTRATLEITIMPL_200526_0352_20000000010052985322_000.jpg
70582511;45587;T111;PSP_EXTRATLEITIMPL_200526_0352_20000000013002960233_000.jpg
3232922930;98572;NA;PSP_EXTRATLEITIMPL_200526_0352_20000000008902948918_000.jpg
3212624828;134880;NA;PSP_EXTRATLEITIMPL_200526_0352_20000000003852957989_000.jpg
3242290126;11878;T181;PSP_EXTRATLEITIMPL_200526_0352_20000000001852972832_000.jpg
3222343037;29218;NA;PSP_EXTRATLEITIMPL_200526_0352_20000000007052983568_000.jpg
3171765942;166;NA;PSP_EXTRATLEITIMPL_200526_0352_20000000001202955875_000.jpg
3212447225;41539;NA;PSP_EXTRATLEITIMPL_200526_0352_20000000017252986615_000.jpg
3213369392;491;NA;PSP_EXTRATLEITIMPL_200526_0352_20000000013152970589_000.jpg
3243522942/MB96913;23;P111;PSP_EXTRATLEITIMPL_200526_0352_20000000012602959931_000.jpg
40758941;35508;NA;PSP_EXTRATLEITIMPL_200526_0352_20000000007802958991_000.jpg
3225425638;3244;NA;PSP_EXTRATLEITIMPL_200526_0352_20000000007202967862_000.jpg
3171609380;8076;NA;PSP_EXTRATLEITIMPL_200526_0352_20000000011802964876_000.jpg
3220259390;11429;T181;PSP_EXTRATLEITIMPL_200526_0352_20000000005003002003_000.jpg
3222735415;15375;T181;PSP_EXTRATLEITIMPL_200526_0352_20000000006102964855_000.jpg
N28232;42936;L101;PSP_EXTRATLEITIMPL_200526_0352_20000000015552952767_000.jpg
61378081;0;P111;PSP_EXTRATLEITIMPL_200526_0352_20000000007052982505_000.jpg
50450147;90651;NA;NA
3212372977;119913;NA;PSP_EXTRATLEITIMPL_200526_0352_20000000005302973949_000.jpg
50427307;69413;NA;PSP_EXTRATLEITIMPL_200526_0352_20000000004203000016_000.jpg
640305053;34147;NA;PSP_EXTRATLEITIMPL_200526_0352_20000000004902993054_000.jpg
3223332365;10723;T181;PSP_EXTRATLEITIMPL_200526_0352_20000000019752962901_000.jpg
5257127844/3140755663;814;NA;PSP_EXTRATLEITIMPL_200526_0352_20000000015902984311_000.jpg
B45367;64173;NA;PSP_EXTRATLEITIMPL_200526_0352_20000000002852990007_000.jpg
3201511703;35716;NA;PSP_EXTRATLEITIMPL_200526_0352_20000000016702998439_000.jpg
3194028333;185610;T181;PSP_EXTRATLEITIMPL_200526_0352_20000000017252991408_000.jpg
3244200060;12370;T181;PSP_EXTRATLEITIMPL_200526_0352_20000000015302993314_000.jpg
3214199032;105790;NA;PSP_EXTRATLEITIMPL_200526_0352_20000000017502987357_000.jpg
3191070150;1232;P111;PSP_EXTRATLEITIMPL_200526_0352_20000000006602990347_000.jpg
70967B;58053;NA;PSP_EXTRATLEITIMPL_200526_0352_20000000000352978610_000.jpg
50457206;24296;NA;NA
3220347442;32552;T181;PSP_EXTRATLEITIMPL_200526_0352_20000000007302953991_000.jpg
6252109682/ME69416;96;T181;PSP_EXTRATLEITIMPL_200526_0352_20000000009902952972_000.jpg
3205520286;20977;NA;PSP_EXTRATLEITIMPL_200526_0352_20000000013352976012_000.jpg
3230905427;14188;T181;PSP_EXTRATLEITIMPL_200526_0352_20000000016152946920_000.jpg
5255956053/3241634328/5255956053/3220256250/3011198946;21056;NA;NA
3225872669;3449;NA;NA
3151758664;17890;NA;NA
3011003556;62528;NA;PSP_EXTRATLEITIMPL_200526_0352_20000000016402970482_000.jpg
3220358967;23401;T181;PSP_EXTRATLEITIMPL_200526_0352_20000000013252966447_000.jpg
3182377456;11490;NA;PSP_EXTRATLEITIMPL_200526_0352_20000000009252979034_000.jpg
50685748;0;P111;PSP_EXTRATLEITIMPL_200526_0352_20000000002902975844_000.jpg
5255956223/5256226229/5255956223/3161535191;29169;NA;NA
5256769389/3182481660;4529;NA;PSP_EXTRATLEITIMPL_200526_0352_20000000007902968870_000.jpg
5250122260/MC01080;6173;NA;PSP_EXTRATLEITIMPL_200526_0352_20000000008202965808_000.jpg
IC22412;17155;NA;PSP_EXTRATLEITIMPL_200526_0352_00000000000211747107_000.jpg
50735010;5360;NA;PSP_EXTRATLEITIMPL_200526_0352_20000000008652973890_000.jpg
3121492210;136;P111;PSP_EXTRATLEITIMPL_200526_0352_20000000016052969723_000.jpg
3220362590;35628;T181;PSP_EXTRATLEITIMPL_200526_0352_20000000016502954841_000.jpg
3224060750;2949;NA;NA
3194019105;123297;T181;PSP_EXTRATLEITIMPL_200526_0352_20000000011952958842_000.jpg
3183259376;7600;NA;PSP_EXTRATLEITIMPL_200526_0352_20000000017252991407_000.jpg
3194019229;158223;T181;PSP_EXTRATLEITIMPL_200526_0352_20000000015652973028_000.jpg
3192202921;597298;NA;PSP_EXTRATLEITIMPL_200526_0352_20000000011902973226_000.jpg
3190533173;22490;NA;NA
3203930045;28185;T181;PSP_EXTRATLEITIMPL_200526_0352_20000000006602983588_000.jpg
3161459665;5705;NA;PSP_EXTRATLEITIMPL_200526_0352_20000000005002990640_000.jpg
5256493731/3220347280;5836;T181;PSP_EXTRATLEITIMPL_200526_0352_20000000014752963675_000.jpg
3230101689;12312;NA;PSP_EXTRATLEITIMPL_200526_0352_20000000013652955851_000.jpg
6252009017/3202185427;99999;NA;PSP_EXTRATLEITIMPL_200526_0352_20000000004202999016_000.jpg
3194018214;44267;T181;PSP_EXTRATLEITIMPL_200526_0352_20000000002302964891_000.jpg
3190532541;3150;NA;PSP_EXTRATLEITIMPL_200526_0352_20000000017902988032_000.jpg
3225527031;3200;NA;NA
5256961590/3214198559;3447;NA;PSP_EXTRATLEITIMPL_200526_0352_20000000003103001021_000.jpg
MD63703;35;P111;PSP_EXTRATLEITIMPL_200526_0352_20000000017552977956_000.jpg
90123203;2468;NA;PSP_EXTRATLEITIMPL_200526_0352_20000000004752997377_000.jpg
5257909885/3190839388;7880;NA;PSP_EXTRATLEITIMPL_200526_0352_20000000016902997331_000.jpg
3230101506;6563;NA;PSP_EXTRATLEITIMPL_200526_0352_20000000005402967999_000.jpg
3150104865;57169;NA;PSP_EXTRATLEITIMPL_200526_0352_20000000012952945896_000.jpg
T28032;39;P111;PSP_EXTRATLEITIMPL_200526_0352_20000000014752973110_000.jpg
3153377781;32598;NA;PSP_EXTRATLEITIMPL_200526_0352_20000000003253002123_000.jpg
3154160441;1601;NA;PSP_EXTRATLEITIMPL_200526_0352_20000000009552948936_000.jpg
3202218325;11;P111;PSP_EXTRATLEITIMPL_200526_0352_20000000008052957937_000.jpg
3212587850;62762;T181;PSP_EXTRATLEITIMPL_200526_0352_20000000016402963725_000.jpg
3010253625;65746;NA;PSP_EXTRATLEITIMPL_200526_0352_20000000019402975815_000.jpg
3183014535;6715;NA;PSP_EXTRATLEITIMPL_200526_0352_20000000015702957768_000.jpg
3203774213;15742;T181;PSP_EXTRATLEITIMPL_200526_0352_20000000006502981793_000.jpg
3231029736;18409;T181;PSP_EXTRATLEITIMPL_200526_0352_20000000007752987121_000.jpg
3203775422;18311;T181;PSP_EXTRATLEITIMPL_200526_0352_20000000006402956909_000.jpg
3194018311;38376;T181;PSP_EXTRATLEITIMPL_200526_0352_20000000014652973492_000.jpg
3193301842;9259;L101;PSP_EXTRATLEITIMPL_200526_0352_20000000010052961927_000.jpg
3202108210;8986;NA;PSP_EXTRATLEITIMPL_200526_0352_20000000017852973899_000.jpg
3212582165;9096;T181;PSP_EXTRATLEITIMPL_200526_0352_20000000012402952890_000.jpg
3231029540;10806;T181;NA
3220341096;17088;T181;PSP_EXTRATLEITIMPL_200526_0352_20000000008552967756_000.jpg
3200455109;40681;T181;PSP_EXTRATLEITIMPL_200526_0352_20000000002352971721_000.jpg
3211946821;9973;L101;PSP_EXTRATLEITIMPL_200526_0352_20000000010002970785_000.jpg
3223348989;32318;T181;PSP_EXTRATLEITIMPL_200526_0352_20000000010302970751_000.jpg
3193685829;8599;L101;PSP_EXTRATLEITIMPL_200526_0352_20000000018902976758_000.jpg
3181016093;27827;NA;PSP_EXTRATLEITIMPL_200526_0352_20000000015902973751_000.jpg
3203783247;68732;T181;PSP_EXTRATLEITIMPL_200526_0352_20000000014502960768_000.jpg
5256681902/J38666;11985;T181;PSP_EXTRATLEITIMPL_200526_0352_20000000003652968990_000.jpg
5256217904/3201725800;9049;NA;PSP_EXTRATLEITIMPL_200526_0352_20000000011852964769_000.jpg
3172941051;8372;NA;NA
3183684875;2830;NA;NA
3183693653;6185;NA;NA
3212592438;59637;T181;PSP_EXTRATLEITIMPL_200526_0352_20000000003102989581_000.jpg
3202413039;7791;NA;PSP_EXTRATLEITIMPL_200526_0352_20000000016602977954_000.jpg
3182301700;24096;NA;PSP_EXTRATLEITIMPL_200526_0352_20000000018852967822_000.jpg
5256771715/J31197;817;L101;PSP_EXTRATLEITIMPL_200526_0352_20000000008552970639_000.jpg
3172803635;182969;NA;NA
3231122981;9593;T181;NA
3225567807;162;P111;NA
ME57478;13802;L101;NA
3212689407;29908;T181;NA
3244267750;3897;T181;NA
3172974928;3897;NA;NA
3202281582;9553;NA;NA
3210712703;99999;P111;PSP_EXTRATLEITIMPL_200526_0352_20000000018152973553_000.jpg
3242926381/3010054152;8354;T181;PSP_EXTRATLEITIMPL_200526_0352_20000000002802984628_000.jpg
5256493715/3243999986;5196;T181;PSP_EXTRATLEITIMPL_200526_0352_20000000018302977631_000.jpg
3171297698;60058;NA;PSP_EXTRATLEITIMPL_200526_0352_20000000003302987615_000.jpg
3181752261;5695;NA;PSP_EXTRATLEITIMPL_200526_0352_20000000019252989108_000.jpg
30496655;11765;NA;PSP_EXTRATLEITIMPL_200526_0352_20000000008502969124_000.jpg
3210395171;12374;NA;PSP_EXTRATLEITIMPL_200526_0352_20000000012402974109_000.jpg
3171307090;13523;NA;NA
3171306921;4553;NA;NA
3152592298;14107;NA;NA
3204358060;638;T111;PSP_EXTRATLEITIMPL_200526_0352_20000000014652952929_000.jpg
71135527;41570;T111;PSP_EXTRATLEITIMPL_200526_0352_20000000004002979224_000.jpg
3180676936;339566;NA;NA
3201921588;6609;NA;PSP_EXTRATLEITIMPL_200526_0352_20000000004352990518_000.jpg
3131406869;9531;NA;PSP_EXTRATLEITIMPL_200526_0352_20000000001002963605_000.jpg
3214313633;19134;NA;PSP_EXTRATLEITIMPL_200526_0352_20000000018302977633_000.jpg
3140776326;33294;NA;PSP_EXTRATLEITIMPL_200526_0352_20000000006602972872_000.jpg
93063B;2035;NA;PSP_EXTRATLEITIMPL_200526_0352_20000000003352950950_000.jpg
3220324922;24899;T181;PSP_EXTRATLEITIMPL_200526_0352_20000000014302954859_000.jpg
3241172545;0;T161;PSP_EXTRATLEITIMPL_200526_0352_20000000019152966897_000.jpg
3242361643;8807;T181;PSP_EXTRATLEITIMPL_200526_0352_20000000010752956927_000.jpg
3172354989;76414;T181;PSP_EXTRATLEITIMPL_200526_0352_20000000018602970911_000.jpg
3230002770;18872;T181;PSP_EXTRATLEITIMPL_200526_0352_20000000014202948862_000.jpg
3183439030;43020;NA;PSP_EXTRATLEITIMPL_200526_0352_20000000016903004020_000.jpg
3200995065;30909;NA;PSP_EXTRATLEITIMPL_200526_0352_20000000013252943954_000.jpg
3244267091;8652;T181;PSP_EXTRATLEITIMPL_200526_0352_20000000010902985008_000.jpg
3244270114/3231415253;3744;T181;PSP_EXTRATLEITIMPL_200526_0352_20000000017452990010_000.jpg
3232727925;3297;NA;PSP_EXTRATLEITIMPL_200526_0352_20000000012152945972_000.jpg
3170720430;13389;NA;PSP_EXTRATLEITIMPL_200526_0352_20000000012452944884_000.jpg
3242768930;5367;T181;PSP_EXTRATLEITIMPL_200526_0352_20000000017452990005_000.jpg
3212777713;15591;NA;PSP_EXTRATLEITIMPL_200526_0352_20000000002752970910_000.jpg
3193203085;26730;T181;PSP_EXTRATLEITIMPL_200526_0352_20000000001652959989_000.jpg
3211829400;28349;NA;PSP_EXTRATLEITIMPL_200526_0352_20000000003302966980_000.jpg
70040891;26046;NA;PSP_EXTRATLEITIMPL_200526_0352_20000000008302958944_000.jpg
3222476274;25814;T181;PSP_EXTRATLEITIMPL_200526_0352_20000000013052947966_000.jpg
3120088032;7414;NA;PSP_EXTRATLEITIMPL_200526_0352_20000000010402940991_000.jpg
3230892309;15123;T181;PSP_EXTRATLEITIMPL_200526_0352_20000000000652950963_000.jpg
3220230227;21246;T181;PSP_EXTRATLEITIMPL_200526_0352_20000000017002980977_000.jpg
3220320285;13500;T181;PSP_EXTRATLEITIMPL_200526_0352_20000000005003003003_000.jpg
3230030609;21891;T181;PSP_EXTRATLEITIMPL_200526_0352_20000000015552940925_000.jpg
3011167681;30419;NA;PSP_EXTRATLEITIMPL_200526_0352_20000000019902988594_000.jpg
3170144103;36158;NA;PSP_EXTRATLEITIMPL_200526_0352_20000000013402985554_000.jpg
3230000688;22673;T181;PSP_EXTRATLEITIMPL_200526_0352_20000000002752984587_000.jpg
3203780590;18142;T181;PSP_EXTRATLEITIMPL_200526_0352_20000000002052992486_000.jpg
3213675388;3132;NA;PSP_EXTRATLEITIMPL_200526_0352_20000000005852979538_000.jpg
3242589733;8971;T181;PSP_EXTRATLEITIMPL_200526_0352_20000000003252995576_000.jpg
3181030940;107629;T181;PSP_EXTRATLEITIMPL_200526_0352_20000000010152959845_000.jpg
51605063;8661;NA;PSP_EXTRATLEITIMPL_200526_0352_20000000017902973851_000.jpg
3204395089;28041;NA;PSP_EXTRATLEITIMPL_200526_0352_20000000018902973813_000.jpg
3220344540;21918;T181;PSP_EXTRATLEITIMPL_200526_0352_20000000018902963988_000.jpg
82677135;1214;NA;PSP_EXTRATLEITIMPL_200526_0352_20000000008402944943_000.jpg
3200441868;31836;T111;PSP_EXTRATLEITIMPL_200526_0352_20000000001452990366_000.jpg
3223344126;14093;T181;PSP_EXTRATLEITIMPL_200526_0352_20000000010202978349_000.jpg
L49495;79862;NA;PSP_EXTRATLEITIMPL_200526_0352_20000000009002980365_000.jpg
3203524730;8143;NA;PSP_EXTRATLEITIMPL_200526_0352_20000000017202983358_000.jpg
3121828170;32601;NA;PSP_EXTRATLEITIMPL_200526_0352_20000000007702985359_000.jpg
3131864166;195265;NA;PSP_EXTRATLEITIMPL_200526_0352_20000000000552971129_000.jpg
3211169590;24032;T181;PSP_EXTRATLEITIMPL_200526_0352_20000000009852988090_000.jpg
3230977304;16205;T181;PSP_EXTRATLEITIMPL_200526_0352_20000000013102985060_000.jpg
5256558205/3154120601;1092;T181;PSP_EXTRATLEITIMPL_200526_0352_20000000001852988283_000.jpg
3212532834;35303;T181;PSP_EXTRATLEITIMPL_200526_0352_20000000015302982830_000.jpg
3010092382;25127;NA;PSP_EXTRATLEITIMPL_200526_0352_20000000006402966810_000.jpg
3214308826;19406;T181;PSP_EXTRATLEITIMPL_200526_0352_20000000002702974815_000.jpg
L48834;570;B111;PSP_EXTRATLEITIMPL_200526_0352_20000000001252962987_000.jpg
3211175213;18273;T181;PSP_EXTRATLEITIMPL_200526_0352_20000000007502962836_000.jpg
3241339792;1615;NA;PSP_EXTRATLEITIMPL_200526_0352_20000000002452996131_000.jpg
3213937749;4346;L101;PSP_EXTRATLEITIMPL_200526_0352_20000000001502986097_000.jpg
3242382403;4517;T181;PSP_EXTRATLEITIMPL_200526_0352_20000000015252990126_000.jpg
3220424242;131575;NA;PSP_EXTRATLEITIMPL_200526_0352_20000000001552991122_000.jpg
3171212196;52811;NA;PSP_EXTRATLEITIMPL_200526_0352_20000000019602984139_000.jpg
3230977240;12332;T181;PSP_EXTRATLEITIMPL_200526_0352_20000000013852982133_000.jpg
5256530769/MC09938;6106;T111;PSP_EXTRATLEITIMPL_200526_0352_20000000005952984126_000.jpg
5257161937/650063953;3830;NA;PSP_EXTRATLEITIMPL_200526_0352_20000000000552972140_000.jpg
3212707987;15813;T181;PSP_EXTRATLEITIMPL_200526_0352_20000000015302996121_000.jpg
3244207510/3244227332;6025;T181;PSP_EXTRATLEITIMPL_200526_0352_20000000009002984146_000.jpg
3214310723;14419;T181;PSP_EXTRATLEITIMPL_200526_0352_20000000013052976115_000.jpg
3200459333;40671;T181;PSP_EXTRATLEITIMPL_200526_0352_20000000002652991230_000.jpg
5256531471/Q55652;4002;T181;PSP_EXTRATLEITIMPL_200526_0352_20000000019802996257_000.jpg
3225013275;14810;T181;PSP_EXTRATLEITIMPL_200526_0352_20000000014302975248_000.jpg
3230000670;10809;T181;PSP_EXTRATLEITIMPL_200526_0352_20000000000402985222_000.jpg
3231013694;11902;T181;PSP_EXTRATLEITIMPL_200526_0352_20000000003452981238_000.jpg
3220290661;50894;T181;PSP_EXTRATLEITIMPL_200526_0352_20000000007502953924_000.jpg
3193213560;57191;T181;PSP_EXTRATLEITIMPL_200526_0352_20000000018252983083_000.jpg
154337B;51107;NA;PSP_EXTRATLEITIMPL_200526_0352_20000000003802964943_000.jpg
MG58477;15073;NA;PSP_EXTRATLEITIMPL_200526_0352_20000000012802951917_000.jpg
5257377239/30436318;34;NA;PSP_EXTRATLEITIMPL_200526_0352_20000000006652963955_000.jpg
3221219375;29;NA;PSP_EXTRATLEITIMPL_200526_0352_20000000003652969995_000.jpg
5257697977/3244928322/MH54973;3986;T181;PSP_EXTRATLEITIMPL_200526_0352_20000000017852996046_000.jpg
51663365;48335;NA;PSP_EXTRATLEITIMPL_200526_0352_20000000010202964837_000.jpg
3242425269/3225153808;28670;NA;PSP_EXTRATLEITIMPL_200526_0352_20000000016602988910_000.jpg
3230040310;13664;T181;PSP_EXTRATLEITIMPL_200526_0352_20000000001202968881_000.jpg
3242383710;7748;T181;PSP_EXTRATLEITIMPL_200526_0352_20000000002202967828_000.jpg
61345949;89752;NA;NA
3191781634;22990;NA;PSP_EXTRATLEITIMPL_200526_0352_20000000012302965912_000.jpg
6251115085/3200062956;467;T181;PSP_EXTRATLEITIMPL_200526_0352_20000000012202963836_000.jpg
3220294993;27124;T181;PSP_EXTRATLEITIMPL_200526_0352_20000000002352964956_000.jpg
3242618180;10111;T181;PSP_EXTRATLEITIMPL_200526_0352_20000000015702947880_000.jpg
3231019072;10858;T181;PSP_EXTRATLEITIMPL_200526_0352_20000000018652975963_000.jpg
3230899290;24718;T181;PSP_EXTRATLEITIMPL_200526_0352_20000000016302953941_000.jpg
3203937899;23587;NA;NA
3230855411;16993;T181;PSP_EXTRATLEITIMPL_200526_0352_20000000011852957881_000.jpg
3133032141;16047;NA;PSP_EXTRATLEITIMPL_200526_0352_20000000013402972860_000.jpg
3204601991;17264;T181;NA
3220288683;8588;T181;NA
3160330375;536087;NA;NA
3220472824;175630;NA;NA
3233492115;15908;NA;NA
3223241947;8423;NA;NA
3242589695;25463;T181;NA
3193204405;37933;T181;NA
3205308457;20958;NA;NA
3230656761;4684;NA;PSP_EXTRATLEITIMPL_200526_0352_20000000014752953815_000.jpg
3181692293;693445;T181;PSP_EXTRATLEITIMPL_200526_0352_20000000017802996208_000.jpg
3220369020;17203;T181;PSP_EXTRATLEITIMPL_200526_0352_20000000001802981911_000.jpg
3243572044/MC87540;732;L101;PSP_EXTRATLEITIMPL_200526_0352_20000000019152964940_000.jpg
3231017584;9724;T181;PSP_EXTRATLEITIMPL_200526_0352_20000000005902964921_000.jpg
3233222096;1365;NA;PSP_EXTRATLEITIMPL_200526_0352_20000000002052982880_000.jpg
3230013402;14218;T181;PSP_EXTRATLEITIMPL_200526_0352_20000000014152946946_000.jpg
3181706499;54344;T181;PSP_EXTRATLEITIMPL_200526_0352_20000000018502965904_000.jpg
3200454455;38878;T181;PSP_EXTRATLEITIMPL_200526_0352_20000000019502964883_000.jpg
3210432476;18881;NA;NA
3241056952;7900;T181;PSP_EXTRATLEITIMPL_200526_0352_20000000018652993474_000.jpg
3221545159;10018;T111;PSP_EXTRATLEITIMPL_200526_0352_20000000013652974476_000.jpg
3223356981;13308;T181;PSP_EXTRATLEITIMPL_200526_0352_20000000019702964836_000.jpg
3204602203;32249;T181;PSP_EXTRATLEITIMPL_200526_0352_20000000019552976924_000.jpg
3221517740;1194;NA;PSP_EXTRATLEITIMPL_200526_0352_20000000005202975957_000.jpg
40309004;14212;NA;PSP_EXTRATLEITIMPL_200526_0352_20000000014102953808_000.jpg
3190922480;14861;NA;PSP_EXTRATLEITIMPL_200526_0352_20000000005102991768_000.jpg
3243383535;2323;NA;PSP_EXTRATLEITIMPL_200526_0352_20000000008702974775_000.jpg
3245028520/R84547;5;P111;PSP_EXTRATLEITIMPL_200526_0352_20000000017402984794_000.jpg
3222840227;2160;NA;PSP_EXTRATLEITIMPL_200526_0352_20000000009902958899_000.jpg
3243386372;3623;B131;PSP_EXTRATLEITIMPL_200526_0352_20000000004352987587_000.jpg
3244196097;4612;T181;PSP_EXTRATLEITIMPL_200526_0352_20000000000252985504_000.jpg
3223357112;14500;T181;PSP_EXTRATLEITIMPL_200526_0352_20000000014752960688_000.jpg
3231561004;4465;NA;PSP_EXTRATLEITIMPL_200526_0352_20000000000852958816_000.jpg
3214309725;19737;T181;PSP_EXTRATLEITIMPL_200526_0352_20000000003752964792_000.jpg
3161267332;12967;NA;PSP_EXTRATLEITIMPL_200526_0352_20000000019702981030_000.jpg
3241569003;9603;T181;PSP_EXTRATLEITIMPL_200526_0352_20000000007652950935_000.jpg
6251372541/3131452879;2488;T181;PSP_EXTRATLEITIMPL_200526_0352_20000000013702978020_000.jpg
3223841782;15941;NA;PSP_EXTRATLEITIMPL_200526_0352_20000000013302977124_000.jpg
3193800652;8582;NA;PSP_EXTRATLEITIMPL_200526_0352_20000000003252981994_000.jpg
3242536397/3212351376;5747;L101;PSP_EXTRATLEITIMPL_200526_0352_20000000012902959848_001.jpg
3242527835;9967;T181;PSP_EXTRATLEITIMPL_200526_0352_20000000016502944950_000.jpg
3211136226;106702;T181;PSP_EXTRATLEITIMPL_200526_0352_20000000006652970871_000.jpg
114766B;80461;NA;PSP_EXTRATLEITIMPL_200526_0352_20000000005052976984_000.jpg
3222728168;98238;T181;PSP_EXTRATLEITIMPL_200526_0352_20000000010252960604_000.jpg
3231746772;47647;T181;PSP_EXTRATLEITIMPL_200526_0352_20000000006402968765_000.jpg
3231033296;10698;T181;PSP_EXTRATLEITIMPL_200526_0352_20000000010102963708_000.jpg
3211169230;27618;T181;PSP_EXTRATLEITIMPL_200526_0352_20000000014202958693_000.jpg
3242072153;7584;NA;PSP_EXTRATLEITIMPL_200526_0352_20000000002852974769_000.jpg
MG49483;22975;NA;PSP_EXTRATLEITIMPL_200526_0352_20000000018052965693_000.jpg
6251150344/3231062555;3257;T181;PSP_EXTRATLEITIMPL_200526_0352_20000000019452986373_000.jpg
3220230901;26427;T181;PSP_EXTRATLEITIMPL_200526_0352_20000000012752969361_000.jpg
41230630;9881;NA;PSP_EXTRATLEITIMPL_200526_0352_20000000007152963975_000.jpg
3242587781;539;T181;PSP_EXTRATLEITIMPL_200526_0352_20000000009102954902_000.jpg
3212351600;65518;NA;PSP_EXTRATLEITIMPL_200526_0352_20000000012502988042_000.jpg
3011107196;32935;NA;PSP_EXTRATLEITIMPL_200526_0352_20000000017003003257_000.jpg
3131022440;4686;NA;PSP_EXTRATLEITIMPL_200526_0352_20000000007802975727_000.jpg
3191121979;16933;NA;PSP_EXTRATLEITIMPL_200526_0352_20000000014702963714_000.jpg
3153220122;13327;NA;NA
80874995;8583;NA;NA
3232247800;5771;NA;PSP_EXTRATLEITIMPL_200526_0352_20000000009152973740_000.jpg
3242583409;10907;T181;PSP_EXTRATLEITIMPL_200526_0352_20000000002052980939_000.jpg
3211494092;0;NA;NA
3245195060/3211411081;200;NA;NA
3211408927;0;NA;NA
3192319608;5587;NA;NA
3231848125;773;NA;PSP_EXTRATLEITIMPL_200526_0352_20000000019252989110_000.jpg
3223315908;17221;T181;PSP_EXTRATLEITIMPL_200526_0352_20000000008452944993_000.jpg
MG77468;11020;NA;PSP_EXTRATLEITIMPL_200526_0352_20000000014402949895_000.jpg
3202339289;1528;NA;PSP_EXTRATLEITIMPL_200526_0352_20000000011202970689_000.jpg
5256938148/3171830230;9071;NA;PSP_EXTRATLEITIMPL_200526_0352_20000000010602967536_000.jpg
3231063721;26208;T181;PSP_EXTRATLEITIMPL_200526_0352_20000000009852981570_000.jpg
6251362139/D89314;751;NA;PSP_EXTRATLEITIMPL_200526_0352_20000000018002989528_000.jpg
3245156234/62189819;12268;NA;PSP_EXTRATLEITIMPL_200526_0352_20000000007802981522_000.jpg
3132316200;474942;NA;PSP_EXTRATLEITIMPL_200526_0352_20000000003702980512_000.jpg
5255957645/5256974985/5255957645/3223268268;36625;NA;NA
3193198979;68752;T181;PSP_EXTRATLEITIMPL_200526_0352_20000000000452966329_000.jpg
3221853449;202688;NA;PSP_EXTRATLEITIMPL_200526_0352_20000000006102975759_000.jpg
3223275795;51090;NA;PSP_EXTRATLEITIMPL_200526_0352_20000000017652984751_000.jpg
3222733234;49510;T181;NA
61067809;25155;NA;PSP_EXTRATLEITIMPL_200526_0352_20000000016602978938_000.jpg
3211413068;4039;NA;NA
3220447560;0;NA;PSP_EXTRATLEITIMPL_200526_0352_20000000008752959827_002.jpg
3011200970;3879;NA;PSP_EXTRATLEITIMPL_200526_0352_20000000017152980924_000.jpg
3214117389;0;NA;NA
3192236397;0;NA;NA
3192236389;90656;NA;NA
3192211386;13810;NA;NA
3192211378;3403;NA;NA
3192211424;11925;NA;NA
3192211360;6688;NA;NA
3192211335;5619;NA;NA
3192323320;5238;NA;NA
3192211351;8964;NA;NA
3132390940;81771;NA;PSP_EXTRATLEITIMPL_200526_0352_20000000016102949793_000.jpg
3243084694;4837;NA;PSP_EXTRATLEITIMPL_200526_0352_20000000009302951962_000.jpg
3203932544;29129;T181;PSP_EXTRATLEITIMPL_200526_0352_20000000004902993058_000.jpg
6251137445/3242495747;8981;T181;PSP_EXTRATLEITIMPL_200526_0352_20000000014552970590_000.jpg
3200423088;22650;T181;PSP_EXTRATLEITIMPL_200526_0352_20000000008852974506_000.jpg
70218445;43869;L101;PSP_EXTRATLEITIMPL_200526_0352_20000000010852968549_000.jpg
3133027911;47020;NA;PSP_EXTRATLEITIMPL_200526_0352_20000000019052973737_000.jpg
3200434810;28624;NA;PSP_EXTRATLEITIMPL_200526_0352_20000000013202967673_000.jpg
3211121300;40822;T181;PSP_EXTRATLEITIMPL_200526_0352_20000000008952961478_000.jpg
3211685491;3745;NA;PSP_EXTRATLEITIMPL_200526_0352_20000000000152971398_000.jpg
074735B;37604;NA;PSP_EXTRATLEITIMPL_200526_0352_20000000001902983565_000.jpg
3224679423/3152203267;661;NA;NA
6251201267/5260249055/91773422;789;T181;PSP_EXTRATLEITIMPL_200526_0352_20000000002552978550_000.jpg
5257350160/3223902714;2043;T181;PSP_EXTRATLEITIMPL_200526_0352_20000000003602981517_000.jpg
3224032241;2553;L101;PSP_EXTRATLEITIMPL_200526_0352_20000000013402982702_000.jpg
3180138071;541;NA;PSP_EXTRATLEITIMPL_200526_0352_20000000018752974721_000.jpg
3242765400;30303;T181;PSP_EXTRATLEITIMPL_200526_0352_20000000017852979840_000.jpg
3231034748;72660;T181;PSP_EXTRATLEITIMPL_200526_0352_20000000004552971913_000.jpg
62436115;56266;NA;PSP_EXTRATLEITIMPL_200526_0352_20000000014002954814_000.jpg
3223327140;22782;T181;PSP_EXTRATLEITIMPL_200526_0352_20000000016802974948_000.jpg
3242478419;16601;NA;PSP_EXTRATLEITIMPL_200526_0352_20000000002352988022_000.jpg
3193913244;11115;NA;PSP_EXTRATLEITIMPL_200526_0352_20000000014802959965_000.jpg
3243598132;2037;NA;PSP_EXTRATLEITIMPL_200526_0352_20000000003402977628_000.jpg
3130209962;78404;NA;PSP_EXTRATLEITIMPL_200526_0352_20000000016202968454_000.jpg
3161298564;28221;NA;PSP_EXTRATLEITIMPL_200526_0352_20000000013952971242_000.jpg
3243600943;17;P111;NA
3200349686;20621;NA;PSP_EXTRATLEITIMPL_200526_0352_20000000005652981231_000.jpg
3154669298;46330;NA;NA
3242874284;2573;NA;PSP_EXTRATLEITIMPL_200526_0352_20000000012902975237_000.jpg
40717536;73217;NA;PSP_EXTRATLEITIMPL_200526_0352_20000000006902980229_000.jpg
3243598078;1256;NA;PSP_EXTRATLEITIMPL_200526_0352_20000000007902980234_000.jpg
3192960451;89;NA;PSP_EXTRATLEITIMPL_200526_0352_20000000012552964702_000.jpg
61112863;1802;NA;PSP_EXTRATLEITIMPL_200526_0352_20000000003352956867_000.jpg
3231569846;9273;NA;PSP_EXTRATLEITIMPL_200526_0352_20000000007502974494_000.jpg
3212709548;24310;T181;PSP_EXTRATLEITIMPL_200526_0352_20000000019252983402_000.jpg
3225124476;27707;NA;PSP_EXTRATLEITIMPL_200526_0352_20000000010802975019_000.jpg
3192483068;179505;NA;PSP_EXTRATLEITIMPL_200526_0352_20000000014802957924_000.jpg
3222878631;18551;NA;PSP_EXTRATLEITIMPL_200526_0352_20000000019552985789_000.jpg
3223978087;3646;NA;PSP_EXTRATLEITIMPL_200526_0352_20000000017652983749_000.jpg
3120455841;13688;NA;PSP_EXTRATLEITIMPL_200526_0352_20000000005053005047_000.jpg
3160027796;36340;NA;PSP_EXTRATLEITIMPL_200526_0352_20000000014552954946_000.jpg
132529B;88663;NA;PSP_EXTRATLEITIMPL_200526_0352_20000000012502959977_000.jpg
94867B;71766;NA;PSP_EXTRATLEITIMPL_200526_0352_20000000015602953993_000.jpg
3131846672;116569;NA;PSP_EXTRATLEITIMPL_200526_0352_20000000007202991007_000.jpg
3132305101;82771;NA;PSP_EXTRATLEITIMPL_200526_0352_20000000000302952895_000.jpg
60306613;47335;NA;PSP_EXTRATLEITIMPL_200526_0352_20000000011802959956_000.jpg
3153141702;61688;NA;PSP_EXTRATLEITIMPL_200526_0352_20000000010702963838_000.jpg
6251200163/3193461424;590;NA;PSP_EXTRATLEITIMPL_200526_0352_20000000003253004060_000.jpg
6251040956/3120455825;3991;NA;PSP_EXTRATLEITIMPL_200526_0352_20000000016352949920_000.jpg
3180483631;32209;NA;PSP_EXTRATLEITIMPL_200526_0352_20000000015852947967_000.jpg
B98901;51390;NA;PSP_EXTRATLEITIMPL_200526_0352_20000000006752988007_000.jpg
3183645110;58117;NA;PSP_EXTRATLEITIMPL_200526_0352_20000000003552968954_000.jpg
6252265064/3150795264;1055;NA;PSP_EXTRATLEITIMPL_200526_0352_20000000008602987150_000.jpg
3132276101;37843;NA;PSP_EXTRATLEITIMPL_200526_0352_20000000009052973098_000.jpg
5256221154/3150795060;5615;NA;PSP_EXTRATLEITIMPL_200526_0352_20000000015552967119_000.jpg
3221834541;68578;NA;PSP_EXTRATLEITIMPL_200526_0352_20000000004652994124_000.jpg
3193483630;45489;NA;PSP_EXTRATLEITIMPL_200526_0352_20000000015002970105_000.jpg
3130203794;65280;NA;PSP_EXTRATLEITIMPL_200526_0352_20000000007752987124_000.jpg
3120441824;80799;NA;PSP_EXTRATLEITIMPL_200526_0352_20000000000152977122_000.jpg
3141354433;37966;NA;PSP_EXTRATLEITIMPL_200526_0352_20000000013702977103_000.jpg
3171167654;47229;NA;PSP_EXTRATLEITIMPL_200526_0352_20000000018252982125_000.jpg
3140013152;45379;NA;PSP_EXTRATLEITIMPL_200526_0352_20000000007602968769_000.jpg
3241746193;4268;NA;PSP_EXTRATLEITIMPL_200526_0352_20000000005852974727_000.jpg
3121050110;73141;NA;PSP_EXTRATLEITIMPL_200526_0352_20000000009502969741_000.jpg
C85880;8301;NA;PSP_EXTRATLEITIMPL_200526_0352_20000000014252958736_000.jpg
3132347513;222606;NA;PSP_EXTRATLEITIMPL_200526_0352_20000000009352972743_000.jpg
B108202;16850;NA;PSP_EXTRATLEITIMPL_200526_0352_20000000009052961730_000.jpg
3232932170;22718;NA;PSP_EXTRATLEITIMPL_200526_0352_20000000015252980777_000.jpg
3244340724;18608;NA;PSP_EXTRATLEITIMPL_200526_0352_20000000013552963723_000.jpg
M07053;87096;NA;PSP_EXTRATLEITIMPL_200526_0352_20000000014352949720_000.jpg
3160386753;267449;NA;PSP_EXTRATLEITIMPL_200526_0352_20000000004603004752_000.jpg
B14596;88161;NA;PSP_EXTRATLEITIMPL_200526_0352_20000000019952978720_000.jpg
3232918089;13270;NA;PSP_EXTRATLEITIMPL_200526_0352_20000000006552962985_000.jpg
3212475660;38630;NA;PSP_EXTRATLEITIMPL_200526_0352_20000000005002970991_000.jpg
3160124988;572655;NA;PSP_EXTRATLEITIMPL_200526_0352_20000000002302964895_000.jpg
M34544;26293;NA;PSP_EXTRATLEITIMPL_200526_0352_20000000019702980046_000.jpg
3193216616;12512;NA;PSP_EXTRATLEITIMPL_200526_0352_20000000003102975995_000.jpg
OB27747;86821;NA;PSP_EXTRATLEITIMPL_200526_0352_20000000014152957762_000.jpg
081645B;80176;NA;PSP_EXTRATLEITIMPL_200526_0352_20000000007052960941_000.jpg
M34531;70612;NA;PSP_EXTRATLEITIMPL_200526_0352_20000000014052959862_000.jpg
83048476;25411;NA;PSP_EXTRATLEITIMPL_200526_0352_20000000013152951891_000.jpg
3193216586;53182;NA;PSP_EXTRATLEITIMPL_200526_0352_20000000002802963967_000.jpg
E41869;65931;NA;PSP_EXTRATLEITIMPL_200526_0352_20000000014352933896_000.jpg
3160021976;68916;NA;PSP_EXTRATLEITIMPL_200526_0352_20000000011202954941_000.jpg
3120463739;36754;NA;PSP_EXTRATLEITIMPL_200526_0352_20000000007952984006_000.jpg
3150464616;58445;NA;PSP_EXTRATLEITIMPL_200526_0352_20000000003252974979_000.jpg
3151453014;34116;NA;PSP_EXTRATLEITIMPL_200526_0352_20000000016052955922_000.jpg
3192785021;46592;NA;PSP_EXTRATLEITIMPL_200526_0352_20000000009052952837_000.jpg
3120464689;141;NA;PSP_EXTRATLEITIMPL_200526_0352_20000000008452948924_000.jpg
3213885994;37973;NA;PSP_EXTRATLEITIMPL_200526_0352_20000000002102962951_000.jpg
3225141729;32352;NA;PSP_EXTRATLEITIMPL_200526_0352_20000000000452945899_000.jpg
3225142407;15315;NA;PSP_EXTRATLEITIMPL_200526_0352_20000000008702967900_000.jpg
3153688620;173647;NA;PSP_EXTRATLEITIMPL_200526_0352_20000000002852987036_000.jpg
50553698;26085;NA;PSP_EXTRATLEITIMPL_200526_0352_20000000017452989010_000.jpg
3223273768;9520;NA;PSP_EXTRATLEITIMPL_200526_0352_20000000005802981346_001.jpg
71713202;78827;NA;PSP_EXTRATLEITIMPL_200526_0352_20000000002102982348_000.jpg
122082B;78827;NA;PSP_EXTRATLEITIMPL_200526_0352_20000000019202984361_000.jpg
3011199706;33836;NA;PSP_EXTRATLEITIMPL_200526_0352_20000000015802961346_000.jpg
60308748;25190;NA;PSP_EXTRATLEITIMPL_200526_0352_20000000009902979332_000.jpg
85191B;26095;NA;PSP_EXTRATLEITIMPL_200526_0352_20000000007852978607_000.jpg
30176529;18005;NA;PSP_EXTRATLEITIMPL_200526_0352_20000000011502974624_000.jpg
3161475172;61420;NA;PSP_EXTRATLEITIMPL_200526_0352_20000000008602978555_000.jpg
51659821;22191;NA;PSP_EXTRATLEITIMPL_200526_0352_20000000016852988573_000.jpg
3171254476;73917;NA;PSP_EXTRATLEITIMPL_200526_0352_20000000010602965627_000.jpg
630156807;25568;NA;PSP_EXTRATLEITIMPL_200526_0352_20000000018752976591_000.jpg
3193953475;28887;NA;PSP_EXTRATLEITIMPL_200526_0352_20000000014752965586_000.jpg
3171370832;261527;NA;NA
51659813;30078;NA;PSP_EXTRATLEITIMPL_200526_0352_20000000008152966757_000.jpg
61219846;84806;NA;PSP_EXTRATLEITIMPL_200526_0352_20000000006152975763_000.jpg
3161478180;65972;NA;PSP_EXTRATLEITIMPL_200526_0352_20000000010402955744_000.jpg
80665580;230793;NA;PSP_EXTRATLEITIMPL_200526_0352_20000000008752963698_000.jpg
3233175225;3960;L101;PSP_EXTRATLEITIMPL_200526_0352_20000000005602964191_000.jpg
5256551022/3193416194;1666;NA;PSP_EXTRATLEITIMPL_200526_0352_20000000012102983232_000.jpg
3223314200;44065;T181;PSP_EXTRATLEITIMPL_200526_0352_20000000004002981130_000.jpg
3154275737;33332;NA;PSP_EXTRATLEITIMPL_200526_0352_20000000010652972134_000.jpg
3191465910;59122;NA;PSP_EXTRATLEITIMPL_200526_0352_20000000004753002130_000.jpg
N97857;4300;NA;PSP_EXTRATLEITIMPL_200526_0352_20000000005552981142_000.jpg
3171291304;208066;NA;PSP_EXTRATLEITIMPL_200526_0352_20000000009952954772_000.jpg
3180010873;246322;NA;PSP_EXTRATLEITIMPL_200526_0352_20000000018602979755_000.jpg
3193456790;228746;NA;PSP_EXTRATLEITIMPL_200526_0352_20000000012102970814_000.jpg
3200860224;26054;NA;PSP_EXTRATLEITIMPL_200526_0352_20000000015252979724_000.jpg
3141688510;39614;NA;PSP_EXTRATLEITIMPL_200526_0352_20000000006202972726_000.jpg
3200375954;35302;NA;PSP_EXTRATLEITIMPL_200526_0352_20000000015352974732_000.jpg
3223530299;16727;NA;PSP_EXTRATLEITIMPL_200526_0352_20000000014252959720_000.jpg
3120436618;63894;L131;PSP_EXTRATLEITIMPL_200526_0352_20000000018102979705_000.jpg
074975B;95932;NA;PSP_EXTRATLEITIMPL_200526_0352_20000000018402973723_000.jpg
3220483958;14062;NA;PSP_EXTRATLEITIMPL_200526_0352_20000000009052962726_000.jpg
81601658;92203;NA;PSP_EXTRATLEITIMPL_200526_0352_20000000012502974697_000.jpg
3225259746;2397;P111;PSP_EXTRATLEITIMPL_200526_0352_20000000002002988766_000.jpg
3153405530;14607;NA;PSP_EXTRATLEITIMPL_200526_0352_20000000017552986777_000.jpg
3140666750;86476;NA;PSP_EXTRATLEITIMPL_200526_0352_20000000018252969770_000.jpg
3232958803;20852;NA;PSP_EXTRATLEITIMPL_200526_0352_20000000004252981861_000.jpg
3232958846;19018;NA;PSP_EXTRATLEITIMPL_200526_0352_20000000013852965869_000.jpg
3245162765/3192461633;5456;NA;PSP_EXTRATLEITIMPL_200526_0352_20000000015452950910_000.jpg
3241803154;8089;NA;PSP_EXTRATLEITIMPL_200526_0352_20000000006402952976_000.jpg
B28545;59481;NA;PSP_EXTRATLEITIMPL_200526_0352_20000000003302995135_000.jpg
3182323682;18258;NA;PSP_EXTRATLEITIMPL_200526_0352_20000000008002948970_000.jpg
3242484990/3121049634;16216;NA;PSP_EXTRATLEITIMPL_200526_0352_20000000007402969749_000.jpg
3183117563;5;P111;PSP_EXTRATLEITIMPL_200526_0352_20000000004152979716_000.jpg
3120355162;34200;NA;PSP_EXTRATLEITIMPL_200526_0352_20000000006102959916_000.jpg
3214282657;92503;NA;NA
3231086454;9132;T181;PSP_EXTRATLEITIMPL_200526_0352_20000000000152975229_000.jpg
3244573818/3241810754/MC14656;2174;NA;PSP_EXTRATLEITIMPL_200526_0352_20000000009902971697_000.jpg
6251606070/3171371340;24811;NA;NA
130457B;17408;NA;PSP_EXTRATLEITIMPL_200526_0352_20000000001802995594_000.jpg
130521B;70889;NA;PSP_EXTRATLEITIMPL_200526_0352_20000000005002993590_000.jpg
40014B;68920;NA;PSP_EXTRATLEITIMPL_200526_0352_20000000018602987534_000.jpg
3242357590/40343687;3907;NA;PSP_EXTRATLEITIMPL_200526_0352_20000000018152976477_000.jpg
078841B;95918;NA;PSP_EXTRATLEITIMPL_200526_0352_20000000017802991502_000.jpg
3244341658;3549;NA;PSP_EXTRATLEITIMPL_200526_0352_20000000010202980162_000.jpg
3131862155;126126;NA;PSP_EXTRATLEITIMPL_200526_0352_20000000001602992226_000.jpg
3140671869;209501;NA;PSP_EXTRATLEITIMPL_200526_0352_20000000017702968997_000.jpg
3223254356;268;NA;PSP_EXTRATLEITIMPL_200526_0352_20000000007902957977_000.jpg
3193947947;33949;NA;PSP_EXTRATLEITIMPL_200526_0352_20000000004752978995_000.jpg
3152276205;27645;NA;PSP_EXTRATLEITIMPL_200526_0352_20000000012902967619_000.jpg
3231661610;10931;NA;PSP_EXTRATLEITIMPL_200526_0352_20000000001502975690_000.jpg
3120351299;55415;NA;PSP_EXTRATLEITIMPL_200526_0352_20000000008052973351_000.jpg
3191087614;30795;NA;PSP_EXTRATLEITIMPL_200526_0352_20000000003752976221_000.jpg
3193268292;41826;NA;PSP_EXTRATLEITIMPL_200526_0352_20000000004552986249_000.jpg
60309531;52650;NA;PSP_EXTRATLEITIMPL_200526_0352_20000000016002970245_000.jpg
E31629;63546;NA;PSP_EXTRATLEITIMPL_200526_0352_20000000011402986254_000.jpg
3171202824;57095;NA;PSP_EXTRATLEITIMPL_200526_0352_20000000016603002242_000.jpg
124194B;23529;NA;PSP_EXTRATLEITIMPL_200526_0352_20000000012252977224_000.jpg
M33473;69565;NA;PSP_EXTRATLEITIMPL_200526_0352_20000000007402979221_000.jpg
OM68754;9604;NA;PSP_EXTRATLEITIMPL_200526_0352_20000000007952981227_000.jpg
3191108654;50172;NA;PSP_EXTRATLEITIMPL_200526_0352_20000000009102973226_000.jpg
B13211;96442;NA;PSP_EXTRATLEITIMPL_200526_0352_20000000004853008231_000.jpg
3191158570;30122;NA;PSP_EXTRATLEITIMPL_200526_0352_20000000002352983246_000.jpg
60344671;69043;NA;PSP_EXTRATLEITIMPL_200526_0352_20000000006052979246_000.jpg
80419821;17941;NA;PSP_EXTRATLEITIMPL_200526_0352_20000000010352980226_000.jpg
3241604615;56;NA;PSP_EXTRATLEITIMPL_200526_0352_20000000014352947823_000.jpg
71724824;86743;NA;PSP_EXTRATLEITIMPL_200526_0352_20000000005452968781_000.jpg
139955B;15607;L131;PSP_EXTRATLEITIMPL_200526_0352_20000000017602966734_000.jpg
3244572960/3011032131;1526;L101;PSP_EXTRATLEITIMPL_200526_0352_20000000005902973783_000.jpg
3182984620;26453;NA;PSP_EXTRATLEITIMPL_200526_0352_20000000006652977738_000.jpg
3245104935/3212442436;5435;NA;PSP_EXTRATLEITIMPL_200526_0352_20000000007852974771_000.jpg
L09352;18686;NA;PSP_EXTRATLEITIMPL_200526_0352_20000000011552966748_000.jpg
081738B;92973;NA;PSP_EXTRATLEITIMPL_200526_0352_20000000014152958751_000.jpg
3011204515;3719;NA;PSP_EXTRATLEITIMPL_200526_0352_20000000011502969778_000.jpg
3121460059;29554;NA;PSP_EXTRATLEITIMPL_200526_0352_20000000000652962766_000.jpg
D01496;2401;NA;PSP_EXTRATLEITIMPL_200526_0352_20000000012552963751_000.jpg
3140869553;91516;NA;PSP_EXTRATLEITIMPL_200526_0352_20000000016502957783_000.jpg
3244329038;4137;NA;PSP_EXTRATLEITIMPL_200526_0352_20000000016602990789_001.jpg
B51995;189921;NA;PSP_EXTRATLEITIMPL_200526_0352_20000000006302976739_000.jpg
3225051991;25597;NA;PSP_EXTRATLEITIMPL_200526_0352_20000000000102961751_000.jpg
90842B;44615;NA;PSP_EXTRATLEITIMPL_200526_0352_20000000000802960743_000.jpg
38829B;3785;NA;PSP_EXTRATLEITIMPL_200526_0352_20000000018302972754_000.jpg
50554104;1701;NA;PSP_EXTRATLEITIMPL_200526_0352_20000000015602969783_000.jpg
130679B;36509;NA;PSP_EXTRATLEITIMPL_200526_0352_20000000014052980390_000.jpg
3232958706;26021;NA;PSP_EXTRATLEITIMPL_200526_0352_20000000010052986373_000.jpg
115920B;5213;NA;PSP_EXTRATLEITIMPL_200526_0352_20000000019952986399_000.jpg
3201508079;63681;NA;PSP_EXTRATLEITIMPL_200526_0352_20000000018602988363_000.jpg
3120356258;29782;NA;PSP_EXTRATLEITIMPL_200526_0352_20000000016302975357_000.jpg
3242687026;13243;NA;PSP_EXTRATLEITIMPL_200526_0352_20000000002452991401_000.jpg
3242496638/50553833;13801;T181;PSP_EXTRATLEITIMPL_200526_0352_20000000012652976368_000.jpg
3161496986;69936;NA;PSP_EXTRATLEITIMPL_200526_0352_20000000019102983385_000.jpg
6252234517/3140675848;346;NA;PSP_EXTRATLEITIMPL_200526_0352_20000000018402980361_000.jpg
5260136617/3191591240;29;NA;PSP_EXTRATLEITIMPL_200526_0352_20000000001952967988_000.jpg
630030188;89627;NA;PSP_EXTRATLEITIMPL_200526_0352_20000000009602970755_000.jpg
144595B;55641;NA;PSP_EXTRATLEITIMPL_200526_0352_20000000015202959912_000.jpg
30146387;78753;NA;PSP_EXTRATLEITIMPL_200526_0352_20000000011902952878_000.jpg
3150793385;92211;NA;PSP_EXTRATLEITIMPL_200526_0352_20000000016002947834_000.jpg
41352590;33825;NA;PSP_EXTRATLEITIMPL_200526_0352_20000000004402965967_000.jpg
40340998;18493;NA;PSP_EXTRATLEITIMPL_200526_0352_20000000018902975834_000.jpg
71718492;12425;NA;PSP_EXTRATLEITIMPL_200526_0352_20000000014702960840_000.jpg
81129940;11331;NA;PSP_EXTRATLEITIMPL_200526_0352_20000000005552963889_000.jpg
62193085;79321;NA;PSP_EXTRATLEITIMPL_200526_0352_20000000006902978414_000.jpg
640312084;11798;NA;NA
3212477140;258538;NA;NA
3210357288;27932;NA;NA
3205465420;26825;NA;NA
3222377845;3066;NA;NA
3190853852;9754;NA;NA
3220292222;60792;T181;PSP_EXTRATLEITIMPL_200526_0352_20000000012802980221_000.jpg
3181049765;349237;NA;PSP_EXTRATLEITIMPL_200526_0352_20000000013502977135_000.jpg
3220292303;56408;T181;PSP_EXTRATLEITIMPL_200526_0352_20000000003802990184_000.jpg
3132365724;462326;NA;PSP_EXTRATLEITIMPL_200526_0352_20000000006852973927_000.jpg
3132276411;556908;NA;PSP_EXTRATLEITIMPL_200526_0352_20000000018202971896_000.jpg
3242480308;13292;NA;PSP_EXTRATLEITIMPL_200526_0352_20000000011502980235_000.jpg
3191531379;2906;NA;NA
3181081545;323161;NA;NA
082008B;35343;NA;PSP_EXTRATLEITIMPL_200526_0352_20000000008802973451_000.jpg
3140669937;64034;NA;PSP_EXTRATLEITIMPL_200526_0352_20000000003602983436_000.jpg
M34161;62537;NA;PSP_EXTRATLEITIMPL_200526_0352_20000000005002992586_000.jpg
E84477;358553;NA;PSP_EXTRATLEITIMPL_200526_0352_20000000015352980459_000.jpg
139402B;67133;NA;NA
3225035953;2181;NA;NA
3161537275;105764;NA;PSP_EXTRATLEITIMPL_200526_0352_20000000013902958857_000.jpg
80160941;16675;NA;NA
3193482839;169586;NA;NA
30272030;4;P111;PSP_EXTRATLEITIMPL_200526_0352_20000000018552986379_000.jpg
3213966145;634;NA;PSP_EXTRATLEITIMPL_200526_0352_20000000013102971744_000.jpg
3231090761;52086;T181;PSP_EXTRATLEITIMPL_200526_0352_20000000010152960762_000.jpg
3170260405;590671;NA;PSP_EXTRATLEITIMPL_200526_0352_20000000017303002127_000.jpg
5255952333/3245128354/5255952333/3242357328;35209;NA;NA
3224048733;7751;NA;NA
3154684785;91439;NA;PSP_EXTRATLEITIMPL_200526_0352_20000000000502970146_000.jpg
3011200946;2097;NA;PSP_EXTRATLEITIMPL_200526_0352_20000000006352968855_000.jpg
3212575746;47505;T181;PSP_EXTRATLEITIMPL_200526_0352_20000000002552965965_000.jpg
3192208776;50753;T181;PSP_EXTRATLEITIMPL_200526_0352_20000000018752978453_000.jpg
3245134567/3193221288;1825;NA;PSP_EXTRATLEITIMPL_200526_0352_20000000019902989558_000.jpg
3243848759;8595;NA;PSP_EXTRATLEITIMPL_200526_0352_20000000013952947933_000.jpg
3220292273;30046;T181;PSP_EXTRATLEITIMPL_200526_0352_20000000011802964883_000.jpg
053611B;143973;NA;NA
3231063780;35994;T181;PSP_EXTRATLEITIMPL_200526_0352_20000000014502953889_000.jpg
3242874934;140;L101;PSP_EXTRATLEITIMPL_200526_0352_20000000016802992334_000.jpg
3154671853;51185;NA;PSP_EXTRATLEITIMPL_200526_0352_20000000005202995409_000.jpg
5257844686/5256641692/3192367513;46;P111;NA
ME82150;60995;NA;PSP_EXTRATLEITIMPL_200526_0352_20000000003152996126_000.jpg
3212575495;23033;NA;PSP_EXTRATLEITIMPL_200526_0352_20000000009852980646_000.jpg
145038B;53551;NA;PSP_EXTRATLEITIMPL_200526_0352_20000000001152958901_000.jpg
3183142797;33272;NA;PSP_EXTRATLEITIMPL_200526_0352_20000000016252964733_000.jpg
3220306371;22507;T181;PSP_EXTRATLEITIMPL_200526_0352_20000000008952956749_000.jpg
3191526448;17747;NA;PSP_EXTRATLEITIMPL_200526_0352_20000000018902988249_000.jpg
3183142630;22195;NA;PSP_EXTRATLEITIMPL_200526_0352_20000000014452972114_000.jpg
100925B;88449;NA;PSP_EXTRATLEITIMPL_200526_0352_20000000008902974135_000.jpg
3193416151;43403;NA;PSP_EXTRATLEITIMPL_200526_0352_20000000006852989671_000.jpg
5260141939/3212559724;272;T181;PSP_EXTRATLEITIMPL_200526_0352_20000000011852967661_000.jpg
3183345213;11942;NA;PSP_EXTRATLEITIMPL_200526_0352_20000000012752961727_000.jpg
3233475962/M09270;1955;NA;PSP_EXTRATLEITIMPL_200526_0352_20000000009302968752_000.jpg
3161491011;192332;NA;PSP_EXTRATLEITIMPL_200526_0352_20000000017802984756_000.jpg
3231063195;70110;T181;PSP_EXTRATLEITIMPL_200526_0352_20000000005552961953_000.jpg
3242677330/3223528669;4181;T181;PSP_EXTRATLEITIMPL_200526_0352_20000000019152981634_000.jpg
3241608858;13794;NA;PSP_EXTRATLEITIMPL_200526_0352_20000000011402979605_000.jpg
3190925446;34585;NA;PSP_EXTRATLEITIMPL_200526_0352_20000000001702972577_000.jpg
3243427141/3242403940/3243427141/3241206458;65058;NA;NA
3193244865;39014;NA;PSP_EXTRATLEITIMPL_200526_0352_20000000013802974363_000.jpg
3244201341/3241961833;7215;T181;PSP_EXTRATLEITIMPL_200526_0352_20000000013452981370_000.jpg
3220470511;29524;NA;PSP_EXTRATLEITIMPL_200526_0352_20000000009952964370_000.jpg
3161467323;136855;NA;PSP_EXTRATLEITIMPL_200526_0352_20000000010502975330_000.jpg
3203927559;23779;T181;PSP_EXTRATLEITIMPL_200526_0352_20000000019452987364_000.jpg
3231091504;50565;T181;PSP_EXTRATLEITIMPL_200526_0352_20000000009852985312_000.jpg
6251462702/3182150605;121;T181;PSP_EXTRATLEITIMPL_200526_0352_20000000019902984773_000.jpg
3243772183;9124;NA;PSP_EXTRATLEITIMPL_200526_0352_20000000001702974537_000.jpg
3130354539;751972;NA;PSP_EXTRATLEITIMPL_200526_0352_20000000007452956938_000.jpg
81804222;65628;L131;NA
3130343570;92012;NA;PSP_EXTRATLEITIMPL_200526_0352_20000000008102966909_000.jpg
83037466;12473;NA;PSP_EXTRATLEITIMPL_200526_0352_20000000014802962857_000.jpg
104090B;65730;T111;NA
3213650024;5560;T111;NA
3231113850;29591;T181;PSP_EXTRATLEITIMPL_200526_0352_20000000004603005781_000.jpg
3231114512;114807;T181;PSP_EXTRATLEITIMPL_200526_0352_20000000008252958721_000.jpg
3011200717;77644;NA;PSP_EXTRATLEITIMPL_200526_0352_20000000005202990586_000.jpg
3132305608;75794;NA;PSP_EXTRATLEITIMPL_200526_0352_20000000011052967639_000.jpg
3245134036/3011197867;5254;NA;PSP_EXTRATLEITIMPL_200526_0352_20000000015552958589_000.jpg
3193967603;21459;NA;PSP_EXTRATLEITIMPL_200526_0352_20000000019952982639_000.jpg
3223299759;12178;NA;PSP_EXTRATLEITIMPL_200526_0352_20000000007652966752_000.jpg
3203580893;205578;NA;PSP_EXTRATLEITIMPL_200526_0352_20000000019502971745_000.jpg
3202080439;251;P111;PSP_EXTRATLEITIMPL_200526_0352_20000000010602962722_000.jpg
3203795725;19614;T181;PSP_EXTRATLEITIMPL_200526_0352_20000000016302967705_000.jpg
3194021100;76022;T181;PSP_EXTRATLEITIMPL_200526_0352_20000000009702959743_000.jpg
3150789485;38265;NA;PSP_EXTRATLEITIMPL_200526_0352_20000000016202961712_000.jpg
60224803;92388;NA;PSP_EXTRATLEITIMPL_200526_0352_20000000010452963732_000.jpg
3221854208;150931;NA;NA
3225008905;15385;T181;NA
3231063365;8794;T181;NA
3202759385;162;P111;NA
3242506196;4824;T181;NA
3242809962;0;P111;PSP_EXTRATLEITIMPL_200526_0352_20000000017752987503_000.jpg
3191439197;23251;NA;PSP_EXTRATLEITIMPL_200526_0352_20000000002252983572_000.jpg
3245160428/NU09755;8179;NA;PSP_EXTRATLEITIMPL_200526_0352_20000000003202980882_000.jpg
650084187;17126;NA;PSP_EXTRATLEITIMPL_200526_0352_20000000019552988645_000.jpg
3211121199;75086;T181;PSP_EXTRATLEITIMPL_200526_0352_20000000006002970838_000.jpg
3180499988;65248;T181;PSP_EXTRATLEITIMPL_200526_0352_20000000019802982853_000.jpg
3220291870;167718;T181;NA
3152221273;439835;NA;NA
3160087098;5757;NA;NA
3222879506;6548;NA;NA
3011096784;23942;NA;PSP_EXTRATLEITIMPL_200526_0352_20000000004902975769_000.jpg
3131659864;19322;L101;PSP_EXTRATLEITIMPL_200526_0352_20000000003752968647_000.jpg
3244204960/3183680942;14075;T181;PSP_EXTRATLEITIMPL_200526_0352_20000000004902989122_000.jpg
3212724288;54045;T181;PSP_EXTRATLEITIMPL_200526_0352_20000000013952946906_000.jpg
3192941376;185;NA;PSP_EXTRATLEITIMPL_200526_0352_20000000005452972632_000.jpg
3241523577;5984;T181;NA
3212547920;16545;T181;PSP_EXTRATLEITIMPL_200526_0352_20000000014452969343_000.jpg
3214117095;0;NA;NA
3152189833;467;NA;NA
3171031051;2754;NA;PSP_EXTRATLEITIMPL_200526_0352_20000000001702972576_000.jpg
3224299728;2489;NA;PSP_EXTRATLEITIMPL_200526_0352_20000000018952972865_000.jpg
61339035;33022;L101;PSP_EXTRATLEITIMPL_200526_0352_20000000004052991558_000.jpg
61331484;18190;L101;PSP_EXTRATLEITIMPL_200526_0352_20000000016752983530_000.jpg
3224583795;95037;NA;PSP_EXTRATLEITIMPL_200526_0352_20000000015402960716_000.jpg
3132774764;11515;L101;PSP_EXTRATLEITIMPL_200526_0352_20000000012652972575_000.jpg
3161021406;12766;NA;PSP_EXTRATLEITIMPL_200526_0352_20000000019652981470_000.jpg
5256220670/3242503901/3153841151;2167;T181;PSP_EXTRATLEITIMPL_200526_0352_20000000001803005060_000.jpg
3172363775;11840;L101;PSP_EXTRATLEITIMPL_200526_0352_20000000016052984119_000.jpg
3211164041;17644;T181;PSP_EXTRATLEITIMPL_200526_0352_20000000006802989120_000.jpg
3152193571;10146;NA;NA
3212698163;25153;T181;NA
30696646;1250;NA;PSP_EXTRATLEITIMPL_200526_0352_20000000001602992227_000.jpg
3153628440;680734;NA;NA
3161496056;98696;NA;PSP_EXTRATLEITIMPL_200526_0352_20000000012752944916_000.jpg
6251354993/3230873703;1609;T181;PSP_EXTRATLEITIMPL_200526_0352_20000000002602971878_000.jpg
3205632483;86199;NA;PSP_EXTRATLEITIMPL_200526_0352_20000000011002956998_000.jpg
3225142040;33927;NA;NA
3243811448/3242334069;15640;NA;NA
3180998089;35153;NA;PSP_EXTRATLEITIMPL_200526_0352_20000000019352994363_000.jpg
41323930;81427;NA;PSP_EXTRATLEITIMPL_200526_0352_20000000006502993331_000.jpg
41323663;76278;NA;PSP_EXTRATLEITIMPL_200526_0352_20000000011802984379_000.jpg
50395057;85659;NA;PSP_EXTRATLEITIMPL_200526_0352_20000000008152977347_000.jpg
3153688612;144129;NA;NA
3153695902;128192;NA;PSP_EXTRATLEITIMPL_200526_0352_20000000012352964471_000.jpg
101632B;23313;L131;PSP_EXTRATLEITIMPL_200526_0352_20000000011052970499_000.jpg
3132349192;399981;NA;PSP_EXTRATLEITIMPL_200526_0352_20000000005602937992_000.jpg
3193468500;164919;NA;PSP_EXTRATLEITIMPL_200526_0352_20000000008602960908_000.jpg
3181048475;379308;NA;PSP_EXTRATLEITIMPL_200526_0352_20000000002202954967_000.jpg
3193464822;250591;NA;NA
3170117068;13749;NA;NA
3120039090;0;NA;NA
3244668061/3200227645;0;NA;NA
3130483525;0;NA;NA
3132435099;0;NA;NA
3201557940;4436;NA;NA
3131842413;727134;NA;PSP_EXTRATLEITIMPL_200526_0352_20000000011352955621_000.jpg
6251417154/3190764531;1540;NA;PSP_EXTRATLEITIMPL_200526_0352_20000000009952959582_000.jpg
3223433692;134115;T181;PSP_EXTRATLEITIMPL_200526_0352_20000000010552964768_000.jpg
3183643826;65591;NA;PSP_EXTRATLEITIMPL_200526_0352_20000000011102953917_000.jpg
3190416347;668686;NA;PSP_EXTRATLEITIMPL_200526_0352_20000000005002972977_000.jpg
3244738892;2173;NA;PSP_EXTRATLEITIMPL_200526_0352_20000000018702975712_000.jpg
3193383202;440;P111;PSP_EXTRATLEITIMPL_200526_0352_20000000016552951985_000.jpg
3243452740;1132;NA;PSP_EXTRATLEITIMPL_200526_0352_20000000014252961595_000.jpg
3243989930;1047;NA;PSP_EXTRATLEITIMPL_200526_0352_20000000005152994621_000.jpg
3242342380/143561B;4455;T181;PSP_EXTRATLEITIMPL_200526_0352_20000000000552962665_000.jpg
3211421923;6655;NA;NA
3211357273;38581;NA;NA
3245196015/3211358458;1256;NA;NA
3224693728;868;NA;NA
3201554739;7483;NA;NA
3211445580;0;NA;NA
3243782790/3201557355;3220;T181;PSP_EXTRATLEITIMPL_200526_0352_20000000003252982949_000.jpg
3201558521;5529;NA;NA
3201558572;4078;NA;NA
3201557010;10488;P111;PSP_EXTRATLEITIMPL_200526_0352_20000000011202981131_000.jpg
3201558335;0;NA;NA
3223404390;18905;T181;PSP_EXTRATLEITIMPL_200526_0352_20000000015502967446_000.jpg
3230618584;9451;NA;PSP_EXTRATLEITIMPL_200526_0352_20000000014552976380_000.jpg
90074806;145;P111;PSP_EXTRATLEITIMPL_200526_0352_20000000019002976382_000.jpg
3241628190;12836;T181;PSP_EXTRATLEITIMPL_200526_0352_20000000006752982366_000.jpg
3201554631;4895;NA;PSP_EXTRATLEITIMPL_200526_0352_20000000016102963269_000.jpg
3245195531/3211362064;906;NA;NA
3121919680;0;NA;PSP_EXTRATLEITIMPL_200526_0352_20000000004002982068_000.jpg
6251152142/3223248020;5074;NA;PSP_EXTRATLEITIMPL_200526_0352_20000000017902989029_000.jpg
3220072214;0;NA;NA
3140715025;16335;NA;PSP_EXTRATLEITIMPL_200526_0352_20000000009702951882_000.jpg
5256809453/3181200358;2278;NA;PSP_EXTRATLEITIMPL_200526_0352_20000000019802982855_000.jpg
5257291113/3200424955;3034;T181;PSP_EXTRATLEITIMPL_200526_0352_20000000005752957949_000.jpg
3132539226;12986;L101;NA
3204610095;69;NA;PSP_EXTRATLEITIMPL_200526_0352_20000000002252963983_000.jpg
MD76040;76467;NA;PSP_EXTRATLEITIMPL_200526_0352_20000000009952949857_000.jpg
30225643;77179;NA;PSP_EXTRATLEITIMPL_200526_0352_20000000005052987869_000.jpg
3232713266;1961;L101;PSP_EXTRATLEITIMPL_200526_0352_20000000014302960831_000.jpg
3222909618;49113;NA;PSP_EXTRATLEITIMPL_200526_0352_20000000010302969800_000.jpg
3194012640;81570;T181;PSP_EXTRATLEITIMPL_200526_0352_20000000013352959878_000.jpg
3010178094;26319;NA;PSP_EXTRATLEITIMPL_200526_0352_20000000000452960731_000.jpg
5257276181/50628817;1610;NA;PSP_EXTRATLEITIMPL_200526_0352_20000000010552969672_000.jpg
3132520452;17639;NA;PSP_EXTRATLEITIMPL_200526_0352_20000000012902966629_000.jpg
3010082689;16023;NA;PSP_EXTRATLEITIMPL_200526_0352_20000000010352956925_000.jpg
3193650707;42237;NA;PSP_EXTRATLEITIMPL_200526_0352_20000000010802966558_000.jpg
90054171;56794;L101;PSP_EXTRATLEITIMPL_200526_0352_20000000004603010457_000.jpg
3204469112;9218;NA;PSP_EXTRATLEITIMPL_200526_0352_20000000019402990129_000.jpg
5256864217/W65724;2106;NA;PSP_EXTRATLEITIMPL_200526_0352_20000000015802964112_000.jpg
3171841460;79;P111;PSP_EXTRATLEITIMPL_200526_0352_20000000016052984120_000.jpg
3192996898;16111;L101;PSP_EXTRATLEITIMPL_200526_0352_20000000010052989134_000.jpg
3223330028;70843;T181;PSP_EXTRATLEITIMPL_200526_0352_20000000016903002115_000.jpg
5256979308/3220254827;4939;T181;PSP_EXTRATLEITIMPL_200526_0352_20000000017802993416_000.jpg
3193656977;37762;NA;PSP_EXTRATLEITIMPL_200526_0352_20000000019452986378_000.jpg
3190518727;36987;NA;PSP_EXTRATLEITIMPL_200526_0352_20000000001452980771_000.jpg
3212706107;27291;T181;PSP_EXTRATLEITIMPL_200526_0352_20000000000852961741_000.jpg
3223165035;15755;NA;PSP_EXTRATLEITIMPL_200526_0352_20000000006652977740_000.jpg
3212583650;24859;T181;PSP_EXTRATLEITIMPL_200526_0352_20000000010102961752_000.jpg
3220289442;6434;T181;PSP_EXTRATLEITIMPL_200526_0352_20000000015252977731_000.jpg
3212560846;25127;T181;PSP_EXTRATLEITIMPL_200526_0352_20000000008502947898_000.jpg
3170574612;2931;NA;PSP_EXTRATLEITIMPL_200526_0352_20000000001602998012_000.jpg
70252236;28984;NA;PSP_EXTRATLEITIMPL_200526_0352_20000000016752960985_000.jpg
3183627286;34710;NA;PSP_EXTRATLEITIMPL_200526_0352_20000000015902960916_000.jpg
3220292230;83073;T181;PSP_EXTRATLEITIMPL_200526_0352_20000000009452974121_000.jpg
3193456323;31085;NA;PSP_EXTRATLEITIMPL_200526_0352_20000000005103008080_000.jpg
3201887649;6771;NA;PSP_EXTRATLEITIMPL_200526_0352_20000000005902963887_000.jpg
40335498;7194;NA;PSP_EXTRATLEITIMPL_200526_0352_20000000007152970825_000.jpg
5257844376/90844210;48710;NA;PSP_EXTRATLEITIMPL_200526_0352_20000000008052963801_000.jpg
M74073;24127;NA;PSP_EXTRATLEITIMPL_200526_0352_20000000015302992337_000.jpg
6251133628/3181035608;1202;NA;PSP_EXTRATLEITIMPL_200526_0352_20000000016302971558_000.jpg
3172761282;64299;T181;PSP_EXTRATLEITIMPL_200526_0352_20000000006702983485_000.jpg
3205562604;1593;L101;NA
3241618683;12095;NA;PSP_EXTRATLEITIMPL_200526_0352_20000000014552952916_000.jpg
51659848;28931;NA;PSP_EXTRATLEITIMPL_200526_0352_20000000003452954956_000.jpg
3244340465;18493;NA;PSP_EXTRATLEITIMPL_200526_0352_20000000008252955868_000.jpg
3214311886;23813;T181;PSP_EXTRATLEITIMPL_200526_0352_20000000011952948908_000.jpg
3201486199;377708;NA;PSP_EXTRATLEITIMPL_200526_0352_20000000009002959855_000.jpg
91315726;14323;NA;PSP_EXTRATLEITIMPL_200526_0352_20000000008152953932_000.jpg
3202260488;182;NA;PSP_EXTRATLEITIMPL_200526_0352_20000000005103008081_000.jpg
5256813990/MD06479;309;L101;PSP_EXTRATLEITIMPL_200526_0352_20000000017302971994_000.jpg
3203529464;2443;NA;PSP_EXTRATLEITIMPL_200526_0352_20000000015602961871_000.jpg
3181701934;79849;NA;NA
6251947064/3200906003;2443;NA;PSP_EXTRATLEITIMPL_200526_0352_20000000002002987729_000.jpg
3213870970;5643;NA;NA
5252535480/3231050441;10794;T181;PSP_EXTRATLEITIMPL_200526_0352_20000000007652951912_000.jpg
5252534379/3183397310;610;NA;NA
3245237463/D34115;2064;NA;NA
3245233735/3223481646;693;NA;NA
5252371615/40953574;795;NA;PSP_EXTRATLEITIMPL_200526_0352_20000000005402975920_000.jpg
3245198026/3211482140;3394;NA;NA
5252547470/3220355860;17471;P111;PSP_EXTRATLEITIMPL_200526_0352_20000000004002961839_000.jpg
3245239474/3193493822;0;NA;NA
3245239415/3231086780;8233;P111;PSP_EXTRATLEITIMPL_200526_0352_20000000003752970572_000.jpg
5252537505/3010175220;207;NA;NA
3245239423/3150105454;0;NA;NA
3242306596;9018;T181;PSP_EXTRATLEITIMPL_200526_0352_20000000010502975331_000.jpg
3192344246;6218;NA;NA
3193163482;16890;NA;PSP_EXTRATLEITIMPL_200526_0352_20000000004603017101_000.jpg
3121801450;2;P111;PSP_EXTRATLEITIMPL_200526_0352_20000000008802980081_000.jpg
3244135276/3193169111;604;NA;PSP_EXTRATLEITIMPL_200526_0352_20000000006752985214_000.jpg
6251125838/3224244834;0;NA;PSP_EXTRATLEITIMPL_200526_0352_20000000013902981219_000.jpg
5257292284/90018388;2470;L101;PSP_EXTRATLEITIMPL_200526_0352_20000000004853007356_000.jpg
3225010799;13375;T181;PSP_EXTRATLEITIMPL_200526_0352_20000000019952987356_000.jpg
3232714009;1583;L101;PSP_EXTRATLEITIMPL_200526_0352_20000000007652950938_000.jpg
3010048125;2661;L101;PSP_EXTRATLEITIMPL_200526_0352_20000000010852974064_000.jpg
61473840;382;P111;PSP_EXTRATLEITIMPL_200526_0352_20000000000302966579_000.jpg
3154821278;22515;NA;PSP_EXTRATLEITIMPL_200526_0352_20000000008952957662_000.jpg
NU11781;14141;B131;PSP_EXTRATLEITIMPL_200526_0352_20000000011602962571_000.jpg
3151153959;54390;NA;PSP_EXTRATLEITIMPL_200526_0352_20000000001952980754_000.jpg
5256792615/3201452537;917;NA;PSP_EXTRATLEITIMPL_200526_0352_20000000018202972784_000.jpg
3121292199;40040;NA;PSP_EXTRATLEITIMPL_200526_0352_00000000000211747110_000.jpg
62501197;80119;NA;PSP_EXTRATLEITIMPL_200526_0352_20000000001552975828_000.jpg
6251154013/81144575;2281;NA;PSP_EXTRATLEITIMPL_200526_0352_20000000018702971867_000.jpg
6251411407/50144720;7625;NA;PSP_EXTRATLEITIMPL_200526_0352_20000000013152969632_000.jpg
91599996;15343;L101;PSP_EXTRATLEITIMPL_200526_0352_20000000009002962878_000.jpg
3141430644;5409;L101;PSP_EXTRATLEITIMPL_200526_0352_20000000005702966957_000.jpg
3171658470;7301;NA;PSP_EXTRATLEITIMPL_200526_0352_20000000016652978969_000.jpg
60425787;0;P111;PSP_EXTRATLEITIMPL_200526_0352_20000000011802964885_000.jpg
3223836126;2540;L101;PSP_EXTRATLEITIMPL_200526_0352_20000000019102986263_000.jpg
3180054706;5997;NA;PSP_EXTRATLEITIMPL_200526_0352_20000000014752971245_000.jpg
3202300226;42;NA;PSP_EXTRATLEITIMPL_200526_0352_20000000007652977232_000.jpg
3202758052;9164;NA;PSP_EXTRATLEITIMPL_200526_0352_20000000019852970808_000.jpg
3241658677;476;T181;PSP_EXTRATLEITIMPL_200526_0352_20000000003902967901_000.jpg
3121515716;12490;L101;PSP_EXTRATLEITIMPL_200526_0352_20000000016802985738_000.jpg
3132757789;354;P111;PSP_EXTRATLEITIMPL_200526_0352_20000000018052964778_000.jpg
3193626210;52523;NA;PSP_EXTRATLEITIMPL_200526_0352_20000000004952997728_000.jpg
3154964109;243412;NA;PSP_EXTRATLEITIMPL_200526_0352_20000000014802976660_000.jpg
3172029603;6;P111;PSP_EXTRATLEITIMPL_200526_0352_20000000001852981644_000.jpg
3191300776;4350;L101;PSP_EXTRATLEITIMPL_200526_0352_20000000018052979007_000.jpg
3121266791;93202;L101;PSP_EXTRATLEITIMPL_200526_0352_20000000018552973899_000.jpg
3202065324;72642;NA;PSP_EXTRATLEITIMPL_200526_0352_20000000014252946874_000.jpg
3010145667;555006;NA;PSP_EXTRATLEITIMPL_200526_0352_20000000002752992146_000.jpg
X43740;25836;L101;PSP_EXTRATLEITIMPL_200526_0352_20000000013152961836_000.jpg
3193626490;66;P111;PSP_EXTRATLEITIMPL_200526_0352_20000000003002967989_000.jpg
90613596;66439;NA;PSP_EXTRATLEITIMPL_200526_0352_20000000010652965540_000.jpg
3183144170;5031;NA;PSP_EXTRATLEITIMPL_200526_0352_20000000005052996505_000.jpg
3213679294;3206;NA;PSP_EXTRATLEITIMPL_200526_0352_20000000011952969432_000.jpg
3011003735;19621;NA;PSP_EXTRATLEITIMPL_200526_0352_20000000018302968867_000.jpg
5257590579/3151653188;84618;L101;PSP_EXTRATLEITIMPL_200526_0352_20000000018952972866_000.jpg
670048314;18;P111;PSP_EXTRATLEITIMPL_200526_0352_20000000018602966984_000.jpg
5257614362/82999612;99999;NA;PSP_EXTRATLEITIMPL_200526_0352_20000000005902969869_000.jpg
82290281;20603;L101;PSP_EXTRATLEITIMPL_200526_0352_20000000008852975522_000.jpg
3151648745;9830;L101;PSP_EXTRATLEITIMPL_200526_0352_20000000010002976513_000.jpg
3231664199;563;NA;PSP_EXTRATLEITIMPL_200526_0352_20000000010752968835_000.jpg
90962302;6022;NA;PSP_EXTRATLEITIMPL_200526_0352_20000000004352997079_000.jpg
L58874;23099;L101;PSP_EXTRATLEITIMPL_200526_0352_20000000012602965855_000.jpg
6251157527/3212727090;3480;T181;PSP_EXTRATLEITIMPL_200526_0352_20000000001752966911_000.jpg
3172231496;12506;NA;NA
3244674495/MB76948;1907;NA;NA
3202277984;2623;NA;NA
3232358199;1479;NA;PSP_EXTRATLEITIMPL_200526_0352_20000000008852960841_000.jpg
5256888183/5256973032/5256888183/3192198967;10;NA;NA
3244096572/3171260069;9567;NA;NA
3223418464;12683;T181;PSP_EXTRATLEITIMPL_200526_0352_20000000017302984871_000.jpg
3191889010;15150;NA;NA
3220765309;9464;NA;NA
3220251399;46919;T181;PSP_EXTRATLEITIMPL_200526_0352_20000000009252973396_000.jpg
61216537;31574;NA;PSP_EXTRATLEITIMPL_200526_0352_20000000003052984503_000.jpg
40696458;16143;NA;NA
3225115124;61524;NA;PSP_EXTRATLEITIMPL_200526_0352_20000000005253011013_000.jpg
3223310035;5613;T181;PSP_EXTRATLEITIMPL_200526_0352_20000000001952968967_000.jpg
3193218112;73951;NA;PSP_EXTRATLEITIMPL_200526_0352_20000000017452984342_000.jpg
3212607265;26227;NA;PSP_EXTRATLEITIMPL_200526_0352_20000000001852987364_000.jpg
3223310078;7021;T181;PSP_EXTRATLEITIMPL_200526_0352_20000000018402963955_000.jpg
3233444749;13271;NA;PSP_EXTRATLEITIMPL_200526_0352_20000000014752964619_000.jpg
6251548003;2745;NA;PSP_EXTRATLEITIMPL_200526_0352_20000000018902981572_000.jpg
3230081637;87547;T181;PSP_EXTRATLEITIMPL_200526_0352_20000000009852968819_000.jpg
3193201775;52317;T181;PSP_EXTRATLEITIMPL_200526_0352_20000000004102984022_000.jpg
3212635420;27775;NA;PSP_EXTRATLEITIMPL_200526_0352_20000000003352947989_000.jpg
3193451399;55082;NA;PSP_EXTRATLEITIMPL_200526_0352_20000000000802949845_000.jpg
3192177269;154082;NA;PSP_EXTRATLEITIMPL_200526_0352_20000000005352982716_000.jpg
3201611422;83445;NA;PSP_EXTRATLEITIMPL_200526_0352_20000000006302981606_000.jpg
83047178;13566;NA;PSP_EXTRATLEITIMPL_200526_0352_20000000018802971617_000.jpg
3222480301;26256;T181;PSP_EXTRATLEITIMPL_200526_0352_20000000013402984606_000.jpg
3222479605;11216;T181;PSP_EXTRATLEITIMPL_200526_0352_20000000004102974578_000.jpg
3243905620/61512721;4396;L101;PSP_EXTRATLEITIMPL_200526_0352_20000000000002985605_000.jpg
3212659125;66082;NA;PSP_EXTRATLEITIMPL_200526_0352_20000000007352977688_000.jpg
70452723;74423;NA;PSP_EXTRATLEITIMPL_200526_0352_20000000012752972130_000.jpg
3201717824;25586;NA;PSP_EXTRATLEITIMPL_200526_0352_20000000010402959655_000.jpg
3211164661;19367;T181;PSP_EXTRATLEITIMPL_200526_0352_20000000012052982194_000.jpg
640307900;59553;T111;PSP_EXTRATLEITIMPL_200526_0352_20000000010352980227_000.jpg
6250980459/5257458441/3225410576;892;NA;PSP_EXTRATLEITIMPL_200526_0352_20000000003552964969_000.jpg
3213077758;7952;L101;PSP_EXTRATLEITIMPL_200526_0352_20000000003452958855_000.jpg
3154884156;434185;NA;PSP_EXTRATLEITIMPL_200526_0352_20000000014752945910_000.jpg
3212732060;29621;T181;PSP_EXTRATLEITIMPL_200526_0352_20000000011852976204_000.jpg
3211285221;50916;T181;PSP_EXTRATLEITIMPL_200526_0352_20000000010752984118_000.jpg
3204600332;41224;T181;PSP_EXTRATLEITIMPL_200526_0352_20000000007802987168_000.jpg
3244158225/3231032753;10004;NA;PSP_EXTRATLEITIMPL_200526_0352_20000000009152983187_000.jpg
3201573083;15650;T181;PSP_EXTRATLEITIMPL_200526_0352_20000000012602959935_000.jpg
3191941925;24289;NA;PSP_EXTRATLEITIMPL_200526_0352_20000000015702960778_000.jpg
82755411;66672;NA;PSP_EXTRATLEITIMPL_200526_0352_20000000016102953704_000.jpg
3154787983;34015;NA;PSP_EXTRATLEITIMPL_200526_0352_20000000004202984744_000.jpg
5257033572/3010085263;190;T111;PSP_EXTRATLEITIMPL_200526_0352_20000000019502982294_000.jpg
3241251941;4037;L131;PSP_EXTRATLEITIMPL_200526_0352_20000000014252970147_000.jpg
3160393032;140670;T181;PSP_EXTRATLEITIMPL_200526_0352_20000000005252979977_000.jpg
3132326796;300505;NA;PSP_EXTRATLEITIMPL_200526_0352_20000000008402967310_000.jpg
3011198631;69583;NA;PSP_EXTRATLEITIMPL_200526_0352_20000000014502973295_000.jpg
3212730245;35114;T181;PSP_EXTRATLEITIMPL_200526_0352_20000000017552995378_000.jpg
3213662154;103410;NA;PSP_EXTRATLEITIMPL_200526_0352_20000000007802983400_000.jpg
3181081642;84470;NA;PSP_EXTRATLEITIMPL_200526_0352_20000000008452971288_000.jpg
3132250714;157012;NA;PSP_EXTRATLEITIMPL_200526_0352_20000000013502974368_000.jpg
3010055804;61870;T111;PSP_EXTRATLEITIMPL_200526_0352_20000000014252967378_000.jpg
3224708539;23966;NA;PSP_EXTRATLEITIMPL_200526_0352_20000000003602979688_001.jpg
3212399450;10261;NA;PSP_EXTRATLEITIMPL_200526_0352_20000000001652979630_000.jpg
3010234962;38805;NA;PSP_EXTRATLEITIMPL_200526_0352_20000000001652976711_000.jpg
60465703;19984;L101;PSP_EXTRATLEITIMPL_200526_0352_20000000002702991000_000.jpg
70448025;3885;NA;PSP_EXTRATLEITIMPL_200526_0352_20000000004752999337_000.jpg
5257300961/3223613488;1038;T181;PSP_EXTRATLEITIMPL_200526_0352_20000000018402982356_000.jpg
3170980653;8722;NA;PSP_EXTRATLEITIMPL_200526_0352_20000000012202952946_000.jpg
103970B;5245;NA;PSP_EXTRATLEITIMPL_200526_0352_20000000000602968326_000.jpg
T43722;18778;NA;PSP_EXTRATLEITIMPL_200526_0352_20000000007702973817_000.jpg
MG35729;89424;NA;PSP_EXTRATLEITIMPL_200526_0352_20000000005452956991_000.jpg
3231881785;8145;NA;PSP_EXTRATLEITIMPL_200526_0352_20000000014052955984_000.jpg
3213277137;5389;NA;PSP_EXTRATLEITIMPL_200526_0352_20000000003302977884_000.jpg
3132085128;47179;NA;PSP_EXTRATLEITIMPL_200526_0352_20000000013302958911_000.jpg
3202797538;11814;NA;PSP_EXTRATLEITIMPL_200526_0352_20000000007302966807_000.jpg
3242253360;1133;NA;PSP_EXTRATLEITIMPL_200526_0352_20000000014752948867_000.jpg
J94332;63829;NA;PSP_EXTRATLEITIMPL_200526_0352_20000000019002953967_000.jpg
3220339512;19948;T181;PSP_EXTRATLEITIMPL_200526_0352_20000000000302953822_000.jpg
3220338818;13176;T181;PSP_EXTRATLEITIMPL_200526_0352_20000000002952963960_000.jpg
3212718830;34390;T181;PSP_EXTRATLEITIMPL_200526_0352_20000000015752976017_000.jpg
3181808992;9899;NA;PSP_EXTRATLEITIMPL_200526_0352_20000000002952977734_000.jpg
3220269468;42295;T181;PSP_EXTRATLEITIMPL_200526_0352_20000000007902972700_000.jpg
3150097800;114916;NA;PSP_EXTRATLEITIMPL_200526_0352_20000000019052971716_000.jpg
3243369354;3097;NA;NA
3194029224;41624;T181;PSP_EXTRATLEITIMPL_200526_0352_20000000015302987615_000.jpg
41353406;10479;NA;PSP_EXTRATLEITIMPL_200526_0352_20000000006652981623_000.jpg
5257391878/3182564850;926;NA;PSP_EXTRATLEITIMPL_200526_0352_20000000006402974545_000.jpg
3244187187/3181706790;11920;T181;PSP_EXTRATLEITIMPL_200526_0352_20000000005152996652_000.jpg
3181431090;5328;NA;PSP_EXTRATLEITIMPL_200526_0352_20000000014252962589_000.jpg
3231824196;742;NA;PSP_EXTRATLEITIMPL_200526_0352_20000000014852966648_000.jpg
30442407;3469;P111;PSP_EXTRATLEITIMPL_200526_0352_20000000007252966936_000.jpg
50275728;35499;NA;PSP_EXTRATLEITIMPL_200526_0352_20000000016152964698_000.jpg
51551524;842;P111;PSP_EXTRATLEITIMPL_200526_0352_20000000001852977707_000.jpg
3220287431;10286;T181;PSP_EXTRATLEITIMPL_200526_0352_20000000001952982717_000.jpg
3202202542;2632;T111;PSP_EXTRATLEITIMPL_200526_0352_20000000003152998068_000.jpg
3241534897;3341;NA;PSP_EXTRATLEITIMPL_200526_0352_20000000007552952948_000.jpg
61354727;81;P111;PSP_EXTRATLEITIMPL_200526_0352_20000000013852962883_000.jpg
3160975880;19;P111;PSP_EXTRATLEITIMPL_200526_0352_20000000011502980239_000.jpg
3130935434;7896;NA;PSP_EXTRATLEITIMPL_200526_0352_20000000009652950966_000.jpg
3201903377;22123;NA;PSP_EXTRATLEITIMPL_200526_0352_20000000015202986007_000.jpg
3222743116;14471;T181;PSP_EXTRATLEITIMPL_200526_0352_20000000017403000099_000.jpg
3241599972/38441B;14487;NA;PSP_EXTRATLEITIMPL_200526_0352_20000000017702992379_000.jpg
3212535531;19542;T181;PSP_EXTRATLEITIMPL_200526_0352_20000000014252967377_000.jpg
3231062490;22422;T181;PSP_EXTRATLEITIMPL_200526_0352_20000000016052980363_000.jpg
NQ22789;21705;B131;PSP_EXTRATLEITIMPL_200526_0352_20000000008052973353_000.jpg
6251190095/3220471763;0;T161;PSP_EXTRATLEITIMPL_200526_0352_20000000010402964378_000.jpg
NQ12737;26956;T111;PSP_EXTRATLEITIMPL_200526_0352_20000000003652991339_000.jpg
81298343;11244;NA;PSP_EXTRATLEITIMPL_200526_0352_20000000008352988345_000.jpg
3213230742;4214;NA;PSP_EXTRATLEITIMPL_200526_0352_20000000009952949858_000.jpg
NF74279;15592;T111;PSP_EXTRATLEITIMPL_200526_0352_20000000005002984881_000.jpg
NF74194;31924;NA;PSP_EXTRATLEITIMPL_200526_0352_20000000002952972885_000.jpg
NF74274;88;T111;PSP_EXTRATLEITIMPL_200526_0352_20000000018752969858_000.jpg
3011038289;12521;NA;PSP_EXTRATLEITIMPL_200526_0352_20000000002802976868_000.jpg
NF74230;23292;NA;PSP_EXTRATLEITIMPL_200526_0352_20000000018752969859_000.jpg
3154681808;93082;NA;PSP_EXTRATLEITIMPL_200526_0352_20000000013652965803_000.jpg
3242495291;5613;T181;PSP_EXTRATLEITIMPL_200526_0352_20000000012202958859_000.jpg
50227995;29954;NA;PSP_EXTRATLEITIMPL_200526_0352_20000000002402966779_000.jpg
3131760522;5785;L101;PSP_EXTRATLEITIMPL_200526_0352_20000000016752990139_000.jpg
MB29498;13887;NA;PSP_EXTRATLEITIMPL_200526_0352_20000000015502962751_000.jpg
NU17154;1;P111;PSP_EXTRATLEITIMPL_200526_0352_20000000017302994560_000.jpg
3233210063;813;NA;PSP_EXTRATLEITIMPL_200526_0352_20000000007852985224_000.jpg
5258002069/3211137036;2544;P111;PSP_EXTRATLEITIMPL_200526_0352_20000000000602950974_000.jpg
3183210555;5488;NA;PSP_EXTRATLEITIMPL_200526_0352_20000000016152966614_000.jpg
3243337258/MD90128;322;NA;PSP_EXTRATLEITIMPL_200526_0352_20000000008502942938_000.jpg
3191110853;21091;NA;PSP_EXTRATLEITIMPL_200526_0352_20000000011552968757_000.jpg
3150594960;11701;NA;PSP_EXTRATLEITIMPL_200526_0352_20000000009852975805_000.jpg
ME59779;9755;NA;PSP_EXTRATLEITIMPL_200526_0352_20000000013202968663_000.jpg
3230717175;1287;NA;PSP_EXTRATLEITIMPL_200526_0352_20000000010752961912_000.jpg
3133132693;8785;L101;PSP_EXTRATLEITIMPL_200526_0352_20000000005252998718_000.jpg
W67398;61853;NA;PSP_EXTRATLEITIMPL_200526_0352_20000000000002984783_000.jpg
L13957;28221;NA;PSP_EXTRATLEITIMPL_200526_0352_20000000000802961701_000.jpg
41354283;32465;T111;PSP_EXTRATLEITIMPL_200526_0352_20000000005902968862_000.jpg
70036150;73;P111;PSP_EXTRATLEITIMPL_200526_0352_20000000018752968819_000.jpg
3212579326;52558;T181;PSP_EXTRATLEITIMPL_200526_0352_20000000007402956975_000.jpg
3170222562;33482;NA;PSP_EXTRATLEITIMPL_200526_0352_20000000016852977941_000.jpg
3191900323;3593;NA;PSP_EXTRATLEITIMPL_200526_0352_20000000008902959725_000.jpg
3220325902;19742;T181;NA
3212997195;26911;T111;PSP_EXTRATLEITIMPL_200526_0352_20000000011002975546_000.jpg
MV15464;15195;L101;PSP_EXTRATLEITIMPL_200526_0352_20000000018452961919_000.jpg
MV19272;20;P111;PSP_EXTRATLEITIMPL_200526_0352_20000000001402980632_000.jpg
3243530066;3;NA;NA
3232567065;1397;NA;PSP_EXTRATLEITIMPL_200526_0352_20000000017152992602_000.jpg
3141798935;5268;NA;PSP_EXTRATLEITIMPL_200526_0352_20000000005302967995_000.jpg
3200833553;29403;NA;PSP_EXTRATLEITIMPL_200526_0352_20000000009452976050_000.jpg
51356039;56261;NA;PSP_EXTRATLEITIMPL_200526_0352_20000000010702967891_000.jpg
3242052187;407;NA;PSP_EXTRATLEITIMPL_200526_0352_20000000009402952829_000.jpg
3193194850;5749;T111;PSP_EXTRATLEITIMPL_200526_0352_20000000005552978376_000.jpg
6252156540;99999;NA;PSP_EXTRATLEITIMPL_200526_0352_20000000008952950867_000.jpg
3161303223;26308;NA;PSP_EXTRATLEITIMPL_200526_0352_20000000008552978341_000.jpg
3230055270;947;NA;PSP_EXTRATLEITIMPL_200526_0352_20000000010102946960_000.jpg
40647694;123;L101;PSP_EXTRATLEITIMPL_200526_0352_20000000009252951895_000.jpg
3223323226;10096;T181;PSP_EXTRATLEITIMPL_200526_0352_20000000000552973031_000.jpg
3213421130;27467;NA;PSP_EXTRATLEITIMPL_200526_0352_20000000004102983073_000.jpg
62498110;22492;NA;PSP_EXTRATLEITIMPL_200526_0352_20000000004152995021_000.jpg
3153715105;59547;NA;PSP_EXTRATLEITIMPL_200526_0352_20000000016202955853_000.jpg
3212540780;18786;T181;PSP_EXTRATLEITIMPL_200526_0352_20000000004902978759_000.jpg
3171775620;48964;NA;PSP_EXTRATLEITIMPL_200526_0352_20000000018502971733_000.jpg
3242539787;15087;T181;PSP_EXTRATLEITIMPL_200526_0352_20000000010302971701_000.jpg
3170361520;29827;NA;PSP_EXTRATLEITIMPL_200526_0352_20000000004202984746_000.jpg
3223316777;11002;T181;PSP_EXTRATLEITIMPL_200526_0352_20000000011252958688_000.jpg
3205326382;18969;NA;PSP_EXTRATLEITIMPL_200526_0352_20000000008902963693_000.jpg
3242540718/3222721643;2258;T181;PSP_EXTRATLEITIMPL_200526_0352_20000000011502970723_000.jpg
3203791258;17533;T181;PSP_EXTRATLEITIMPL_200526_0352_20000000016852995233_000.jpg
3230900395;11561;T181;PSP_EXTRATLEITIMPL_200526_0352_20000000003002988084_000.jpg
3211287917;50808;T181;PSP_EXTRATLEITIMPL_200526_0352_20000000000502965512_000.jpg
3230078555;154310;T181;PSP_EXTRATLEITIMPL_200526_0352_20000000004453001519_000.jpg
3193434710;23416;NA;PSP_EXTRATLEITIMPL_200526_0352_20000000018802967764_000.jpg
3211139349;26596;T181;PSP_EXTRATLEITIMPL_200526_0352_20000000002352985128_000.jpg
3241452297;15907;NA;PSP_EXTRATLEITIMPL_200526_0352_20000000011502976489_000.jpg
3160032129;134713;NA;PSP_EXTRATLEITIMPL_200526_0352_20000000013952946909_000.jpg
3212733600;20344;T181;PSP_EXTRATLEITIMPL_200526_0352_20000000000252973849_000.jpg
3243306298;11781;T181;PSP_EXTRATLEITIMPL_200526_0352_20000000004652997021_000.jpg
3221466119;13301;NA;PSP_EXTRATLEITIMPL_200526_0352_20000000003002988085_000.jpg
3211138741;40262;T181;PSP_EXTRATLEITIMPL_200526_0352_20000000011802958999_000.jpg
3193193497;7300;T111;PSP_EXTRATLEITIMPL_200526_0352_20000000000952945893_000.jpg
3241181390/48351B;3734;NA;PSP_EXTRATLEITIMPL_200526_0352_20000000004852981992_000.jpg
3161482144;72682;NA;PSP_EXTRATLEITIMPL_200526_0352_20000000011452967519_000.jpg
3132250846;66308;NA;PSP_EXTRATLEITIMPL_200526_0352_20000000009402961581_000.jpg
5257433651;573;NA;PSP_EXTRATLEITIMPL_200526_0352_20000000011602959746_000.jpg
3140694923;634;T111;PSP_EXTRATLEITIMPL_200526_0352_20000000014552973454_000.jpg
62130490;13767;T111;PSP_EXTRATLEITIMPL_200526_0352_20000000002202977479_000.jpg
3223342239;8574;T181;PSP_EXTRATLEITIMPL_200526_0352_20000000001502988027_000.jpg
5256534659/3230970121;3127;NA;PSP_EXTRATLEITIMPL_200526_0352_20000000006152973848_000.jpg
MD70189;20922;T111;PSP_EXTRATLEITIMPL_200526_0352_20000000005552979233_000.jpg
3212574529;29095;T181;PSP_EXTRATLEITIMPL_200526_0352_20000000001352992126_000.jpg
3170413325;1808;NA;PSP_EXTRATLEITIMPL_200526_0352_20000000009152962852_000.jpg
3221377302;0;NA;PSP_EXTRATLEITIMPL_200526_0352_20000000002602976820_000.jpg
L71446;7291;NA;PSP_EXTRATLEITIMPL_200526_0352_20000000019302967901_000.jpg
3161221863;11713;T111;PSP_EXTRATLEITIMPL_200526_0352_20000000014852973131_000.jpg
3170419390;10512;NA;PSP_EXTRATLEITIMPL_200526_0352_20000000018802979228_000.jpg
MD35948;27764;NA;PSP_EXTRATLEITIMPL_200526_0352_20000000014002972123_000.jpg
3150694220;1908;NA;NA
3192756633;14222;NA;NA
3213605371;1745;P111;PSP_EXTRATLEITIMPL_200526_0352_20000000009302953928_000.jpg
L09026;47;P111;PSP_EXTRATLEITIMPL_200526_0352_20000000014152967399_000.jpg
3232141823;159;NA;PSP_EXTRATLEITIMPL_200526_0352_20000000000952956847_000.jpg
T35365;12;P111;PSP_EXTRATLEITIMPL_200526_0352_20000000012902967624_000.jpg
3223398242;30277;T181;PSP_EXTRATLEITIMPL_200526_0352_20000000011002979402_000.jpg
3232279361;10935;L101;PSP_EXTRATLEITIMPL_200526_0352_20000000017252987564_000.jpg
T48325;5;P111;PSP_EXTRATLEITIMPL_200526_0352_20000000000002995143_000.jpg
60765758;25926;NA;NA
3171779927;372816;NA;NA
3223281213;10888;T181;PSP_EXTRATLEITIMPL_200526_0352_20000000008602978561_000.jpg
3190897213;1068;NA;PSP_EXTRATLEITIMPL_200526_0352_20000000001202969840_000.jpg
3152944941;13462;NA;PSP_EXTRATLEITIMPL_200526_0352_20000000013752964727_000.jpg
5256554277/61172440;2616;T181;NA
3150157365;104888;NA;NA
3151512061;20217;NA;NA
3131267427;39645;NA;NA
3230984696;7479;T181;PSP_EXTRATLEITIMPL_200526_0352_20000000008252951847_000.jpg
3232712197;6236;L131;PSP_EXTRATLEITIMPL_200526_0352_20000000003452984044_000.jpg
3224778030;24333;NA;PSP_EXTRATLEITIMPL_200526_0352_20000000014602974735_000.jpg
5256219940/3220234273;9568;T181;PSP_EXTRATLEITIMPL_200526_0352_20000000005302990527_000.jpg
3183007172;1570;NA;PSP_EXTRATLEITIMPL_200526_0352_20000000005052993588_000.jpg
3181707665;1163;NA;PSP_EXTRATLEITIMPL_200526_0352_20000000004402974726_002.jpg
3223300552;35718;T181;PSP_EXTRATLEITIMPL_200526_0352_20000000006052980196_000.jpg
51656849;41928;T111;PSP_EXTRATLEITIMPL_200526_0352_20000000016603001269_000.jpg
3241051888;15858;T181;PSP_EXTRATLEITIMPL_200526_0352_20000000009002957962_000.jpg
3220272000;30702;T181;PSP_EXTRATLEITIMPL_200526_0352_20000000004152967952_000.jpg
3225138973;50451;NA;PSP_EXTRATLEITIMPL_200526_0352_20000000006002969896_000.jpg
3241652725;11438;T181;PSP_EXTRATLEITIMPL_200526_0352_20000000008302981255_000.jpg
62241934;51464;NA;PSP_EXTRATLEITIMPL_200526_0352_20000000008752966675_000.jpg
62241926;1;P111;PSP_EXTRATLEITIMPL_200526_0352_20000000005702973794_000.jpg
3220305642;23431;T181;PSP_EXTRATLEITIMPL_200526_0352_20000000009552965646_000.jpg
3242358707;20078;T181;PSP_EXTRATLEITIMPL_200526_0352_20000000001452983722_000.jpg
3212553980;24169;T181;PSP_EXTRATLEITIMPL_200526_0352_20000000004652973916_000.jpg
650073592;4984;T111;PSP_EXTRATLEITIMPL_200526_0352_20000000005452974478_000.jpg
40446990;1837;P111;PSP_EXTRATLEITIMPL_200526_0352_20000000004352994246_000.jpg
3232429746;12099;NA;PSP_EXTRATLEITIMPL_200526_0352_20000000018502971734_000.jpg
30124820;478;P111;PSP_EXTRATLEITIMPL_200526_0352_20000000001302970935_000.jpg
81144559;81165;NA;PSP_EXTRATLEITIMPL_200526_0352_20000000012302965916_000.jpg
MC20767;32997;NA;PSP_EXTRATLEITIMPL_200526_0352_20000000015702947886_000.jpg
3011105318;0;P111;PSP_EXTRATLEITIMPL_200526_0352_20000000005552972616_000.jpg
70504995;8;P111;PSP_EXTRATLEITIMPL_200526_0352_20000000015902961983_000.jpg
3232862610;8503;NA;PSP_EXTRATLEITIMPL_200526_0352_20000000007152969922_000.jpg
3231065481;36063;T181;PSP_EXTRATLEITIMPL_200526_0352_20000000015102975614_000.jpg
3243304686;5796;T181;PSP_EXTRATLEITIMPL_200526_0352_20000000011652957983_000.jpg
3223325415;14697;T181;PSP_EXTRATLEITIMPL_200526_0352_20000000015302991557_000.jpg
3231034080;30442;T181;NA
3201509300;17250;NA;NA
3201602326;4206;NA;NA
3141539816;3603;L101;PSP_EXTRATLEITIMPL_200526_0352_20000000001552970887_000.jpg
61942548;12019;NA;PSP_EXTRATLEITIMPL_200526_0352_20000000006902961879_000.jpg
61241469;12251;T111;PSP_EXTRATLEITIMPL_200526_0352_20000000005253002587_000.jpg
3202461955;1454;NA;PSP_EXTRATLEITIMPL_200526_0352_20000000008852971687_000.jpg
3222370271;18606;T111;PSP_EXTRATLEITIMPL_200526_0352_20000000012552956870_000.jpg
3180499112;148654;T181;PSP_EXTRATLEITIMPL_200526_0352_20000000017302981897_000.jpg
3161438919;174268;T181;PSP_EXTRATLEITIMPL_200526_0352_20000000016802996133_000.jpg
6252039560/G81276;99999;NA;PSP_EXTRATLEITIMPL_200526_0352_20000000011502979310_000.jpg
3142785420;1300;NA;PSP_EXTRATLEITIMPL_200526_0352_20000000003802993034_000.jpg
5257343199/90825585;15;NA;PSP_EXTRATLEITIMPL_200526_0352_20000000016502941965_000.jpg
3244315851;6565;T181;PSP_EXTRATLEITIMPL_200526_0352_20000000005302995237_000.jpg
3212648093;24329;NA;PSP_EXTRATLEITIMPL_200526_0352_20000000019402981609_000.jpg
40855939;90917;NA;PSP_EXTRATLEITIMPL_200526_0352_20000000014452963588_000.jpg
3160659652;61101;NA;PSP_EXTRATLEITIMPL_200526_0352_20000000008652981646_000.jpg
3154727786;5573;NA;PSP_EXTRATLEITIMPL_200526_0352_20000000019952992012_000.jpg
3230253527;3264;M141;PSP_EXTRATLEITIMPL_200526_0352_20000000019752982244_000.jpg
3223283690;15343;T181;PSP_EXTRATLEITIMPL_200526_0352_20000000009552960819_000.jpg
3122041971;13561;L101;PSP_EXTRATLEITIMPL_200526_0352_20000000003902982047_000.jpg
3011121939;3540;NA;PSP_EXTRATLEITIMPL_200526_0352_20000000017303003014_000.jpg
3203645650;19985;T111;PSP_EXTRATLEITIMPL_200526_0352_20000000004852988965_000.jpg
3212735093;59345;T181;PSP_EXTRATLEITIMPL_200526_0352_20000000019152963948_000.jpg
3232826257;1123;T111;PSP_EXTRATLEITIMPL_200526_0352_20000000009852965827_000.jpg
3194019547;56841;T181;PSP_EXTRATLEITIMPL_200526_0352_20000000014902955926_000.jpg
3211605870;22731;NA;PSP_EXTRATLEITIMPL_200526_0352_20000000016102949802_000.jpg
3243426714/3245164857/3243426714/3221873601;106449;NA;NA
3241626295;6126;NA;PSP_EXTRATLEITIMPL_200526_0352_20000000015702954836_000.jpg
3212399417;44975;T181;PSP_EXTRATLEITIMPL_200526_0352_20000000018002987638_000.jpg
3241053600;41899;T181;PSP_EXTRATLEITIMPL_200526_0352_20000000003552968957_000.jpg
3223288781;17287;T181;PSP_EXTRATLEITIMPL_200526_0352_20000000016052964883_000.jpg
3242291017/3192575361;273;P111;PSP_EXTRATLEITIMPL_200526_0352_20000000001552966939_000.jpg
3161504725;50358;NA;PSP_EXTRATLEITIMPL_200526_0352_20000000017502976858_000.jpg
148944B;20319;NA;PSP_EXTRATLEITIMPL_200526_0352_00000000000211747111_000.jpg
5255957122/3245117166/5255957122/3181691530;74856;NA;NA
139670;5102;L101;PSP_EXTRATLEITIMPL_200526_0352_20000000016552976360_000.jpg
3192574098;18407;NA;PSP_EXTRATLEITIMPL_200526_0352_20000000019052980364_000.jpg
3011181327;45985;NA;PSP_EXTRATLEITIMPL_200526_0352_20000000015602980375_000.jpg
3211279159;60022;T181;PSP_EXTRATLEITIMPL_200526_0352_20000000005402996254_000.jpg
W63269;1054;B111;PSP_EXTRATLEITIMPL_200526_0352_20000000000602969369_000.jpg
60186359;13251;NA;PSP_EXTRATLEITIMPL_200526_0352_20000000011902975111_000.jpg
3244376010/MC75511;0;NA;PSP_EXTRATLEITIMPL_200526_0352_20000000016552979140_000.jpg
61217304;38321;NA;PSP_EXTRATLEITIMPL_200526_0352_20000000013052955847_000.jpg
3152228804;9825;NA;NA
6252266222/3132258553;0;T161;PSP_EXTRATLEITIMPL_200526_0352_20000000019052984099_001.jpg
3202412202;6961;NA;PSP_EXTRATLEITIMPL_200526_0352_20000000017502971897_000.jpg
3204278880;17745;T181;PSP_EXTRATLEITIMPL_200526_0352_20000000012702963798_000.jpg
3170858378;5087;NA;PSP_EXTRATLEITIMPL_200526_0352_20000000014452970261_000.jpg
3203926234;20385;T181;PSP_EXTRATLEITIMPL_200526_0352_20000000019752965864_000.jpg
82668926;396;P111;PSP_EXTRATLEITIMPL_200526_0352_20000000004252978923_000.jpg
3201674017;42674;T111;PSP_EXTRATLEITIMPL_200526_0352_20000000000252982699_000.jpg
3223304086;112950;T181;PSP_EXTRATLEITIMPL_200526_0352_20000000003402976671_000.jpg
3223342581;8977;T181;PSP_EXTRATLEITIMPL_200526_0352_20000000006852976918_000.jpg
3121037768;35209;NA;PSP_EXTRATLEITIMPL_200526_0352_20000000013252969244_000.jpg
3203478169;753;NA;PSP_EXTRATLEITIMPL_200526_0352_20000000019652969839_000.jpg
82654909;88353;NA;PSP_EXTRATLEITIMPL_200526_0352_20000000002002995404_000.jpg
3205341985;65908;NA;NA
3011165103;0;P111;PSP_EXTRATLEITIMPL_200526_0352_20000000014952954798_000.jpg
3193503844;7784;NA;PSP_EXTRATLEITIMPL_200526_0352_20000000010602967541_000.jpg
5257044060/82845640;2133;T181;PSP_EXTRATLEITIMPL_200526_0352_20000000007552951954_000.jpg
3241171654;7752;T181;NA
3193155412;3928;NA;NA
3214303816;19536;T181;PSP_EXTRATLEITIMPL_200526_0352_20000000016903001120_000.jpg
83707020;62340;NA;PSP_EXTRATLEITIMPL_200526_0352_20000000019852963940_000.jpg
5257263810/70058189;7;NA;PSP_EXTRATLEITIMPL_200526_0352_20000000018802981062_000.jpg
5256525897/83106611;440;NA;PSP_EXTRATLEITIMPL_200526_0352_20000000019652972839_000.jpg
82286071;18588;L101;PSP_EXTRATLEITIMPL_200526_0352_20000000012352950887_000.jpg
3120953418;923351;NA;PSP_EXTRATLEITIMPL_200526_0352_20000000013452972721_000.jpg
82956743;74450;NA;PSP_EXTRATLEITIMPL_200526_0352_20000000016152947975_000.jpg
5260141572/3221279416;8373;NA;PSP_EXTRATLEITIMPL_200526_0352_20000000017552988690_000.jpg
82960996;85828;NA;PSP_EXTRATLEITIMPL_200526_0352_20000000015252960923_000.jpg
82961070;13728;NA;PSP_EXTRATLEITIMPL_200526_0352_20000000007902960939_000.jpg
82865179;9131;NA;PSP_EXTRATLEITIMPL_200526_0352_20000000013702965725_000.jpg
3203777603;13559;T181;PSP_EXTRATLEITIMPL_200526_0352_20000000017952973559_000.jpg
6251558122/90249282;1763;NA;PSP_EXTRATLEITIMPL_200526_0352_20000000005202977942_000.jpg
3244737322/3204944635;1907;NA;PSP_EXTRATLEITIMPL_200526_0352_20000000007652950942_000.jpg
3242501259;18039;T181;PSP_EXTRATLEITIMPL_200526_0352_20000000014252969251_000.jpg
3211601972;18019;NA;NA
3225030145;5654;NA;NA
83044233;95476;NA;PSP_EXTRATLEITIMPL_200526_0352_20000000013902956953_000.jpg
3241050539;15388;T181;PSP_EXTRATLEITIMPL_200526_0352_20000000002402981025_000.jpg
3223350550;16746;T181;PSP_EXTRATLEITIMPL_200526_0352_20000000014602980539_000.jpg
83044217;45004;NA;PSP_EXTRATLEITIMPL_200526_0352_20000000010102961755_000.jpg
90230956;69794;NA;PSP_EXTRATLEITIMPL_200526_0352_20000000000352964928_000.jpg
3223283798;14357;T181;PSP_EXTRATLEITIMPL_200526_0352_20000000006752982372_000.jpg
3231000851;17639;T181;PSP_EXTRATLEITIMPL_200526_0352_20000000011752963736_000.jpg
3194028864;58785;T181;PSP_EXTRATLEITIMPL_200526_0352_20000000016702984986_000.jpg
83159006;37;P111;PSP_EXTRATLEITIMPL_200526_0352_20000000009752968741_000.jpg
3203787323;17963;T181;PSP_EXTRATLEITIMPL_200526_0352_20000000002402955903_000.jpg
3210697143;0;T111;PSP_EXTRATLEITIMPL_200526_0352_20000000002702982560_000.jpg
3130984141;3563;NA;PSP_EXTRATLEITIMPL_200526_0352_20000000002302969923_000.jpg
3160414544;84637;NA;PSP_EXTRATLEITIMPL_200526_0352_20000000014552972565_000.jpg
3212563780;30047;T181;PSP_EXTRATLEITIMPL_200526_0352_20000000004253004029_000.jpg
3180978835;8679;NA;PSP_EXTRATLEITIMPL_200526_0352_20000000007702989037_000.jpg
83164999;1;P111;PSP_EXTRATLEITIMPL_200526_0352_20000000002202977481_000.jpg
90121758;89610;NA;PSP_EXTRATLEITIMPL_200526_0352_20000000013652950950_000.jpg
3212626669;61126;NA;PSP_EXTRATLEITIMPL_200526_0352_20000000001552976827_000.jpg
3223312666;19299;T181;PSP_EXTRATLEITIMPL_200526_0352_20000000002802993081_000.jpg
3192352044;17331;NA;NA
82099670;97013;NA;PSP_EXTRATLEITIMPL_200526_0352_20000000014652976354_000.jpg
3193000273;95;M141;PSP_EXTRATLEITIMPL_200526_0352_20000000012302973781_000.jpg
3230865018;2545;NA;PSP_EXTRATLEITIMPL_200526_0352_20000000002252963986_000.jpg
6252397904/3230946638;0;NA;PSP_EXTRATLEITIMPL_200526_0352_20000000010802963726_000.jpg
3193483070;42087;NA;PSP_EXTRATLEITIMPL_200526_0352_20000000001102947947_000.jpg
3244315568/3222479788;3094;T181;PSP_EXTRATLEITIMPL_200526_0352_20000000003252995580_000.jpg
3132409705;39778;NA;PSP_EXTRATLEITIMPL_200526_0352_20000000010552972563_000.jpg
3220076309;70184;T181;PSP_EXTRATLEITIMPL_200526_0352_20000000007702976803_000.jpg
3191381938;8738;NA;PSP_EXTRATLEITIMPL_200526_0352_20000000013602964772_000.jpg
3200700936;4620;NA;PSP_EXTRATLEITIMPL_200526_0352_20000000017452978631_000.jpg
3200709240;57;P111;NA
3193838439;12407;NA;PSP_EXTRATLEITIMPL_200526_0352_20000000010052983455_000.jpg
3242606158;7139;T181;NA
3121443820;4443;M141;PSP_EXTRATLEITIMPL_200526_0352_20000000015952944996_000.jpg
3141595104;17707;T111;PSP_EXTRATLEITIMPL_200526_0352_20000000010752961916_000.jpg
3242496557;6745;T181;PSP_EXTRATLEITIMPL_200526_0352_20000000005502962982_000.jpg
60516103;2991;NA;PSP_EXTRATLEITIMPL_200526_0352_20000000009952954774_000.jpg
90908995;82956;NA;PSP_EXTRATLEITIMPL_200526_0352_20000000014952969120_000.jpg
90082280;35438;NA;PSP_EXTRATLEITIMPL_200526_0352_20000000000202955787_000.jpg
3220275638;172497;T181;PSP_EXTRATLEITIMPL_200526_0352_20000000018502962937_000.jpg
91618419;5632;NA;PSP_EXTRATLEITIMPL_200526_0352_20000000014602984374_000.jpg
3212544751;28512;T181;PSP_EXTRATLEITIMPL_200526_0352_20000000007602980221_000.jpg
90902636;11162;NA;PSP_EXTRATLEITIMPL_200526_0352_20000000004753006000_000.jpg
5257755799/3180576311/3140363854;2195;NA;PSP_EXTRATLEITIMPL_200526_0352_20000000010752960857_000.jpg
90750089;6334;L101;PSP_EXTRATLEITIMPL_200526_0352_20000000008102970952_000.jpg
90903535;19476;NA;PSP_EXTRATLEITIMPL_200526_0352_20000000009202985144_000.jpg
3121047119;52419;NA;PSP_EXTRATLEITIMPL_200526_0352_20000000000402979523_000.jpg
83255935;74746;NA;PSP_EXTRATLEITIMPL_200526_0352_20000000006152977735_000.jpg
80310161;650338;NA;PSP_EXTRATLEITIMPL_200526_0352_20000000003502985762_000.jpg
83255757;74284;NA;PSP_EXTRATLEITIMPL_200526_0352_20000000016102952732_000.jpg
3244303853;5273;T181;PSP_EXTRATLEITIMPL_200526_0352_20000000016452979562_000.jpg
3202317390;81;P111;PSP_EXTRATLEITIMPL_200526_0352_20000000018052965695_000.jpg
91611660;14996;NA;PSP_EXTRATLEITIMPL_200526_0352_20000000009152979436_000.jpg
3211126573;49511;T181;PSP_EXTRATLEITIMPL_200526_0352_20000000002502980755_000.jpg
91612658;1160;NA;PSP_EXTRATLEITIMPL_200526_0352_20000000005302974996_000.jpg
90998501;0;P111;PSP_EXTRATLEITIMPL_200526_0352_20000000016252965729_000.jpg
3211284330;43263;T181;PSP_EXTRATLEITIMPL_200526_0352_20000000018452987025_000.jpg
90936930;32773;NA;PSP_EXTRATLEITIMPL_200526_0352_20000000000502956734_000.jpg
90326767;17209;NA;PSP_EXTRATLEITIMPL_200526_0352_20000000003202985598_000.jpg
3242463888;3285;NA;PSP_EXTRATLEITIMPL_200526_0352_20000000004752993665_000.jpg
3131476590;66811;NA;PSP_EXTRATLEITIMPL_200526_0352_20000000019702970601_000.jpg
3132221641;82527;NA;PSP_EXTRATLEITIMPL_200526_0352_20000000015202984139_000.jpg
3194033876;77230;T181;PSP_EXTRATLEITIMPL_200526_0352_20000000005302993407_000.jpg
3231071228;41750;T181;PSP_EXTRATLEITIMPL_200526_0352_20000000015752961712_000.jpg
3241548367;10430;T181;PSP_EXTRATLEITIMPL_200526_0352_20000000008752953907_000.jpg
91619644;88370;NA;PSP_EXTRATLEITIMPL_200526_0352_20000000000602964545_000.jpg
3132814847;36095;NA;PSP_EXTRATLEITIMPL_200526_0352_20000000009302951965_000.jpg
3140361428;956;NA;PSP_EXTRATLEITIMPL_200526_0352_20000000016352970627_000.jpg
3172768309;40229;T181;PSP_EXTRATLEITIMPL_200526_0352_20000000006002983349_000.jpg
3192170051;11622;NA;PSP_EXTRATLEITIMPL_200526_0352_20000000011302960839_000.jpg
3009022268;64549;NA;PSP_EXTRATLEITIMPL_200526_0352_20000000018202988007_000.jpg
91256088;55064;NA;PSP_EXTRATLEITIMPL_200526_0352_20000000017552996348_000.jpg
3152204441;12996;NA;NA
3160084641;11543;NA;NA
91829681;4284;NA;PSP_EXTRATLEITIMPL_200526_0352_20000000011302964781_000.jpg
3233292043;243;NA;PSP_EXTRATLEITIMPL_200526_0352_20000000010152950958_000.jpg
3011107031;43952;NA;NA
3212585997;34861;T181;PSP_EXTRATLEITIMPL_200526_0352_20000000014602978652_000.jpg
3193216918;112386;NA;PSP_EXTRATLEITIMPL_200526_0352_20000000003002975751_000.jpg
3193216934;54271;L131;PSP_EXTRATLEITIMPL_200526_0352_20000000001952981780_000.jpg
3130217310;9085;T111;PSP_EXTRATLEITIMPL_200526_0352_20000000017952980126_000.jpg
5252535510/3225734690;493;NA;NA
5256697744/3010024129;4134;T181;PSP_EXTRATLEITIMPL_200526_0352_20000000017002980980_000.jpg
3201074265;75303;L131;PSP_EXTRATLEITIMPL_200526_0352_20000000015352956954_000.jpg
3010028856;31472;NA;NA
3009023987;3646;NA;NA
3010029354;26531;NA;PSP_EXTRATLEITIMPL_200526_0352_20000000010152965612_000.jpg
3010025748;10397;NA;PSP_EXTRATLEITIMPL_200526_0352_20000000017152983874_000.jpg
3154581455;9358;NA;PSP_EXTRATLEITIMPL_200526_0352_20000000014002970248_000.jpg
3192207141;0;T161;NA
3172759164;330522;NA;PSP_EXTRATLEITIMPL_200526_0352_20000000018802980118_000.jpg
3009023632;12972;NA;PSP_EXTRATLEITIMPL_200526_0352_20000000003602973868_000.jpg
3224492218;3436;NA;PSP_EXTRATLEITIMPL_200526_0352_20000000007352981539_000.jpg
3141272321;5158;NA;PSP_EXTRATLEITIMPL_200526_0352_20000000017652998118_000.jpg
5256218021/3009023646;3782;T181;PSP_EXTRATLEITIMPL_200526_0352_20000000013452983195_000.jpg
3220407801;65771;NA;PSP_EXTRATLEITIMPL_200526_0352_20000000016902983863_000.jpg
3212223149;4858;NA;PSP_EXTRATLEITIMPL_200526_0352_20000000013202956817_000.jpg
3241220469;120;NA;NA
3010100558;83848;NA;PSP_EXTRATLEITIMPL_200526_0352_20000000005552965823_000.jpg
3212668566;17217;NA;PSP_EXTRATLEITIMPL_200526_0352_20000000005952957961_000.jpg
3241546577;11593;T181;PSP_EXTRATLEITIMPL_200526_0352_20000000012602966852_000.jpg
80573928;19640;NA;PSP_EXTRATLEITIMPL_200526_0352_20000000000052978649_000.jpg
3010038053;4648;NA;PSP_EXTRATLEITIMPL_200526_0352_20000000016452968851_000.jpg
3203921410;26948;T181;PSP_EXTRATLEITIMPL_200526_0352_20000000008252964490_000.jpg
3010101764;16161;NA;PSP_EXTRATLEITIMPL_200526_0352_20000000019652972840_000.jpg
3010101763;45965;NA;PSP_EXTRATLEITIMPL_200526_0352_20000000006452972849_000.jpg
3010097120;48433;NA;PSP_EXTRATLEITIMPL_200526_0352_20000000003752966746_000.jpg
3010097088;10633;NA;PSP_EXTRATLEITIMPL_200526_0352_20000000003052978726_000.jpg
3010101781;44490;NA;PSP_EXTRATLEITIMPL_200526_0352_20000000012052971752_000.jpg
3010101775;44478;NA;PSP_EXTRATLEITIMPL_200526_0352_20000000010652960745_000.jpg
3010101785;86494;NA;PSP_EXTRATLEITIMPL_200526_0352_20000000019802986696_000.jpg
3010101783;44611;NA;PSP_EXTRATLEITIMPL_200526_0352_20000000013852971742_000.jpg
3010101776;28960;NA;PSP_EXTRATLEITIMPL_200526_0352_20000000019002969706_000.jpg
3010097099;5380;NA;PSP_EXTRATLEITIMPL_200526_0352_20000000012702967695_000.jpg
3010097118;80715;NA;PSP_EXTRATLEITIMPL_200526_0352_20000000008952954770_000.jpg
3009006879;12782;NA;PSP_EXTRATLEITIMPL_200526_0352_20000000017553000114_000.jpg
3140270716;11898;NA;NA
3141157697;15503;NA;PSP_EXTRATLEITIMPL_200526_0352_20000000017402989646_000.jpg
3230558735;3011;NA;PSP_EXTRATLEITIMPL_200526_0352_20000000011452954905_000.jpg
3010069817;11880;T111;PSP_EXTRATLEITIMPL_200526_0352_20000000003502989630_000.jpg
6251935171/91890429;99999;NA;PSP_EXTRATLEITIMPL_200526_0352_20000000000702965238_000.jpg
3212643300;51650;NA;PSP_EXTRATLEITIMPL_200526_0352_20000000019552988649_000.jpg
3241082074;107979;NA;PSP_EXTRATLEITIMPL_200526_0352_20000000003002983337_000.jpg
3193212793;0;T161;PSP_EXTRATLEITIMPL_200526_0352_20000000006802989123_001.jpg
90891146;335240;NA;PSP_EXTRATLEITIMPL_200526_0352_20000000004952994777_000.jpg
3231035159;18671;T181;PSP_EXTRATLEITIMPL_200526_0352_20000000015802939845_001.jpg
3220344354;19504;T181;PSP_EXTRATLEITIMPL_200526_0352_20000000018752986070_000.jpg
3010098340;86558;NA;PSP_EXTRATLEITIMPL_200526_0352_20000000019902999012_000.jpg
3010175305;19914;T111;PSP_EXTRATLEITIMPL_200526_0352_20000000014752953818_000.jpg
3153418470;29251;NA;PSP_EXTRATLEITIMPL_200526_0352_20000000004102974581_000.jpg
3010038846;75341;NA;PSP_EXTRATLEITIMPL_200526_0352_20000000003502988698_000.jpg
3182457891;14251;NA;PSP_EXTRATLEITIMPL_200526_0352_20000000003452973662_000.jpg
91181738;54982;T111;PSP_EXTRATLEITIMPL_200526_0352_20000000004703009132_000.jpg
3211557833;3601;NA;PSP_EXTRATLEITIMPL_200526_0352_20000000008852960844_000.jpg
3242438786;33730;NA;PSP_EXTRATLEITIMPL_200526_0352_20000000001352991236_000.jpg
3010192801;37016;NA;PSP_EXTRATLEITIMPL_200526_0352_20000000004752977945_000.jpg
3172045617;1203;NA;PSP_EXTRATLEITIMPL_200526_0352_20000000001803006047_000.jpg
3241048585;18986;T181;PSP_EXTRATLEITIMPL_200526_0352_20000000009352973745_000.jpg
3010192649;43108;NA;PSP_EXTRATLEITIMPL_200526_0352_20000000011502971706_000.jpg
3193213684;68091;T181;PSP_EXTRATLEITIMPL_200526_0352_20000000016952966973_000.jpg
3193964094;72053;NA;NA
80505205;18441;T111;NA
6251167379/3243535211/3181690991;7906;NA;PSP_EXTRATLEITIMPL_200526_0352_20000000005902966877_000.jpg
3205390234;11648;NA;PSP_EXTRATLEITIMPL_200526_0352_20000000012102968816_000.jpg
3010156891;13885;NA;PSP_EXTRATLEITIMPL_200526_0352_20000000009252951898_000.jpg
3010158138;16574;NA;PSP_EXTRATLEITIMPL_200526_0352_20000000003702986250_000.jpg
3010099516;16370;NA;PSP_EXTRATLEITIMPL_200526_0352_20000000014552968672_000.jpg
3010100059;42686;NA;PSP_EXTRATLEITIMPL_200526_0352_20000000007702966888_000.jpg
3154433600;5820;NA;PSP_EXTRATLEITIMPL_200526_0352_20000000010252950846_000.jpg
3010090428;2;P111;PSP_EXTRATLEITIMPL_200526_0352_20000000019602978541_000.jpg
3220365823;29438;T181;NA
5255962770/3245176570/5255962770/3170017942;21653;NA;NA
3010157723;23606;NA;PSP_EXTRATLEITIMPL_200526_0352_20000000012302974786_000.jpg
3192159783;51819;NA;PSP_EXTRATLEITIMPL_200526_0352_20000000012752944922_000.jpg
3194012984;81220;T181;PSP_EXTRATLEITIMPL_200526_0352_20000000005902977639_000.jpg
MG36463;4956;NA;PSP_EXTRATLEITIMPL_200526_0352_20000000018902964989_000.jpg
3245379128/3230748470;11;NA;NA
3010081408;866;NA;PSP_EXTRATLEITIMPL_200526_0352_20000000010152971339_000.jpg
3010214742;56439;NA;PSP_EXTRATLEITIMPL_200526_0352_20000000016852994232_000.jpg
3010161500;13497;NA;NA
3193201198;113205;T181;PSP_EXTRATLEITIMPL_200526_0352_20000000004652984659_000.jpg
3010099004;94673;NA;PSP_EXTRATLEITIMPL_200526_0352_20000000000002993322_000.jpg
3242668790;7373;T181;PSP_EXTRATLEITIMPL_200526_0352_20000000001052964876_000.jpg
3244238890/3243779587;10963;T181;PSP_EXTRATLEITIMPL_200526_0352_20000000008102976845_000.jpg
3220240338;40927;T181;NA
3243652137;15876;P111;PSP_EXTRATLEITIMPL_200526_0352_20000000017902963921_000.jpg
3160078439;7128;NA;NA
3010204603;54972;NA;PSP_EXTRATLEITIMPL_200526_0352_20000000011952975112_000.jpg
6251605619/3142891912;12947;NA;NA
3242398008;10366;T181;PSP_EXTRATLEITIMPL_200526_0352_20000000015152972780_000.jpg
3010207533;38178;NA;PSP_EXTRATLEITIMPL_200526_0352_20000000015902970840_000.jpg
3010204021;0;P111;PSP_EXTRATLEITIMPL_200526_0352_20000000019852972757_000.jpg
3010236617;82675;NA;NA
3242757539;6906;T181;PSP_EXTRATLEITIMPL_200526_0352_20000000011702965629_000.jpg
3205511511;3;P111;PSP_EXTRATLEITIMPL_200526_0352_20000000019152988196_000.jpg
5256707340/3011009987;3329;T181;PSP_EXTRATLEITIMPL_200526_0352_20000000015252960927_000.jpg
91129272;10831;T111;PSP_EXTRATLEITIMPL_200526_0352_20000000008402941938_000.jpg
3010266493;14445;NA;PSP_EXTRATLEITIMPL_200526_0352_20000000017952961860_000.jpg
3192236435;98173;NA;NA
3011000536;36445;NA;NA
3204853001;0;P111;PSP_EXTRATLEITIMPL_200526_0352_20000000011902958810_000.jpg
3220474924;134740;NA;PSP_EXTRATLEITIMPL_200526_0352_20000000012152963608_000.jpg
3011008585;10551;NA;PSP_EXTRATLEITIMPL_200526_0352_20000000018653001039_000.jpg
91482347;491;NA;PSP_EXTRATLEITIMPL_200526_0352_20000000011252963549_000.jpg
3171784556;3138;NA;PSP_EXTRATLEITIMPL_200526_0352_20000000001152950990_000.jpg
3140374023;15877;NA;NA
3010238137;20108;NA;PSP_EXTRATLEITIMPL_200526_0352_20000000009152975633_000.jpg
3181703139;99718;NA;NA
3200459511;27385;T181;PSP_EXTRATLEITIMPL_200526_0352_20000000002602966943_000.jpg
3245170326/3010252696;2618;NA;PSP_EXTRATLEITIMPL_200526_0352_20000000019402970887_000.jpg
3212519463;43317;NA;PSP_EXTRATLEITIMPL_200526_0352_20000000018552967941_000.jpg
3011107984;24358;NA;PSP_EXTRATLEITIMPL_200526_0352_20000000002202960920_000.jpg
3010145541;23199;NA;PSP_EXTRATLEITIMPL_200526_0352_20000000006102987125_000.jpg
3010248486;88638;T111;NA
3011107850;7899;NA;PSP_EXTRATLEITIMPL_200526_0352_20000000005652965844_000.jpg
3011080276;16809;M141;PSP_EXTRATLEITIMPL_200526_0352_20000000004502977626_000.jpg
3201846241;4209;NA;PSP_EXTRATLEITIMPL_200526_0352_20000000018002996158_000.jpg
3011085526;654;B131;PSP_EXTRATLEITIMPL_200526_0352_20000000002752977775_000.jpg
3192476800;53831;NA;PSP_EXTRATLEITIMPL_200526_0352_20000000014502971443_000.jpg
3204151961;21108;NA;PSP_EXTRATLEITIMPL_200526_0352_20000000001152969589_000.jpg
3010238044;18935;NA;PSP_EXTRATLEITIMPL_200526_0352_20000000017152991614_000.jpg
3214297859;36228;T181;PSP_EXTRATLEITIMPL_200526_0352_20000000010802958896_000.jpg
3010188622;6;P111;PSP_EXTRATLEITIMPL_200526_0352_20000000019152965921_000.jpg
3010145576;164477;NA;PSP_EXTRATLEITIMPL_200526_0352_20000000004502981405_000.jpg
3010145240;261909;NA;PSP_EXTRATLEITIMPL_200526_0352_20000000009702945938_000.jpg
3132276500;253558;NA;PSP_EXTRATLEITIMPL_200526_0352_20000000018052964780_000.jpg
3183649590;75977;NA;PSP_EXTRATLEITIMPL_200526_0352_20000000006852978912_000.jpg
3011032739;1;P111;PSP_EXTRATLEITIMPL_200526_0352_20000000012702972473_000.jpg
3131058941;45687;NA;PSP_EXTRATLEITIMPL_200526_0352_20000000004752991722_000.jpg
3011166563;14471;NA;PSP_EXTRATLEITIMPL_200526_0352_20000000019502975578_000.jpg
3193444058;44016;NA;NA
3241608041;8249;NA;NA
3244204871/3010259329;3598;T181;PSP_EXTRATLEITIMPL_200526_0352_20000000009902970767_000.jpg
3241185019;773;NA;PSP_EXTRATLEITIMPL_200526_0352_20000000013652961917_000.jpg
3231019650;7812;T181;PSP_EXTRATLEITIMPL_200526_0352_20000000009102977084_000.jpg
3205219780;2168;NA;PSP_EXTRATLEITIMPL_200526_0352_20000000002402974550_000.jpg
3241636193/3010144859;4494;NA;PSP_EXTRATLEITIMPL_200526_0352_20000000002152968634_000.jpg
3010144786;263253;NA;PSP_EXTRATLEITIMPL_200526_0352_20000000009152971744_000.jpg
3150170922;95168;NA;PSP_EXTRATLEITIMPL_200526_0352_20000000005652975477_000.jpg
3011182775;39525;NA;PSP_EXTRATLEITIMPL_200526_0352_20000000007902962844_000.jpg
3203902319;42634;NA;PSP_EXTRATLEITIMPL_200526_0352_20000000008602976717_000.jpg
3171775107;436960;NA;PSP_EXTRATLEITIMPL_200526_0352_20000000019352987695_000.jpg
3011182586;65651;NA;PSP_EXTRATLEITIMPL_200526_0352_20000000019052985053_000.jpg
3011100929;14894;NA;PSP_EXTRATLEITIMPL_200526_0352_20000000015952951906_000.jpg
3010257875;68220;NA;PSP_EXTRATLEITIMPL_200526_0352_20000000009102967550_000.jpg
3194012771;208209;T181;PSP_EXTRATLEITIMPL_200526_0352_20000000012602979356_000.jpg
3011007333;7851;NA;PSP_EXTRATLEITIMPL_200526_0352_20000000013302967695_000.jpg
3011118380;85914;NA;PSP_EXTRATLEITIMPL_200526_0352_20000000017702982742_000.jpg
3011036917;65185;NA;PSP_EXTRATLEITIMPL_200526_0352_20000000005502969910_000.jpg
3011182414;2557;NA;PSP_EXTRATLEITIMPL_200526_0352_20000000010152976001_000.jpg
3011183496;50189;NA;PSP_EXTRATLEITIMPL_200526_0352_20000000009452971338_000.jpg
3171799570;154315;NA;PSP_EXTRATLEITIMPL_200526_0352_20000000012602983133_000.jpg
5256959064/3231096433;3411;T181;PSP_EXTRATLEITIMPL_200526_0352_20000000019402981611_000.jpg
3011118600;6064;NA;PSP_EXTRATLEITIMPL_200526_0352_20000000019452961987_000.jpg
3181686293;392446;T181;PSP_EXTRATLEITIMPL_200526_0352_20000000012402948979_000.jpg
3172768171;40273;T181;PSP_EXTRATLEITIMPL_200526_0352_20000000017302999373_000.jpg
3011201119;37175;NA;PSP_EXTRATLEITIMPL_200526_0352_20000000010602959738_000.jpg
3120285482;45748;NA;PSP_EXTRATLEITIMPL_200526_0352_20000000017102989142_000.jpg
3011134599;289;P111;PSP_EXTRATLEITIMPL_200526_0352_20000000002652975863_000.jpg
3010212085;11805;T111;PSP_EXTRATLEITIMPL_200526_0352_20000000009002956908_000.jpg
3183626948;6442;NA;PSP_EXTRATLEITIMPL_200526_0352_20000000007652980026_000.jpg
3233383219;10152;NA;PSP_EXTRATLEITIMPL_200526_0352_20000000004802976983_000.jpg
3233027501;22451;NA;PSP_EXTRATLEITIMPL_200526_0352_20000000014952943979_000.jpg
3130327914;824324;NA;PSP_EXTRATLEITIMPL_200526_0352_20000000011802982410_000.jpg
3212588279;26980;T181;PSP_EXTRATLEITIMPL_200526_0352_20000000004052979908_000.jpg
3171804565;306947;NA;PSP_EXTRATLEITIMPL_200526_0352_20000000000652970441_000.jpg
3011131676;19170;NA;PSP_EXTRATLEITIMPL_200526_0352_20000000014102940874_000.jpg
3172633233;1423;NA;PSP_EXTRATLEITIMPL_200526_0352_20000000001152948943_000.jpg
3011199457;55672;NA;NA
3181204183;5259;T111;PSP_EXTRATLEITIMPL_200526_0352_20000000019752978455_000.jpg
3011201626;2889;NA;PSP_EXTRATLEITIMPL_200526_0352_20000000015102970765_000.jpg
5257951431/3011127416;2122;T181;PSP_EXTRATLEITIMPL_200526_0352_20000000000352984249_000.jpg
3244227456;7346;T181;PSP_EXTRATLEITIMPL_200526_0352_20000000015252983549_000.jpg
3011200122;60004;NA;PSP_EXTRATLEITIMPL_200526_0352_20000000014352943864_000.jpg
3011199806;26957;NA;NA
3242671219;23689;T181;PSP_EXTRATLEITIMPL_200526_0352_20000000018052976220_000.jpg
3154903010;32457;NA;PSP_EXTRATLEITIMPL_200526_0352_20000000015402973004_000.jpg
3011204729;86649;NA;NA
3011204727;84928;NA;NA
3011181030;100;NA;PSP_EXTRATLEITIMPL_200526_0352_20000000015752975144_000.jpg
3202164195;646;NA;PSP_EXTRATLEITIMPL_200526_0352_20000000005402974901_000.jpg
3223355195;20878;T181;PSP_EXTRATLEITIMPL_200526_0352_20000000011452955920_000.jpg
3011037432;77828;NA;PSP_EXTRATLEITIMPL_200526_0352_20000000013052959837_000.jpg
6251162024;0;T161;PSP_EXTRATLEITIMPL_200526_0352_20000000009902963815_001.jpg
3011200173;25135;NA;NA
3160049854;147099;NA;PSP_EXTRATLEITIMPL_200526_0352_20000000004753003107_000.jpg
3011011426;3;P111;PSP_EXTRATLEITIMPL_200526_0352_20000000013602968591_000.jpg
3152602064;12194;NA;NA
3120067787;170;B131;PSP_EXTRATLEITIMPL_200526_0352_20000000009102966592_000.jpg
3011226044;16447;NA;PSP_EXTRATLEITIMPL_200526_0352_20000000007602976392_000.jpg
5257998268/3011204488;8775;NA;PSP_EXTRATLEITIMPL_200526_0352_20000000019902972984_000.jpg
3120088741;17271;NA;PSP_EXTRATLEITIMPL_200526_0352_20000000005302982793_000.jpg
3241937991;13369;NA;PSP_EXTRATLEITIMPL_200526_0352_20000000001202985042_000.jpg
3224695976;6406;NA;NA
3120355219;17351;NA;PSP_EXTRATLEITIMPL_200526_0352_20000000019602978544_000.jpg
3242355724/3211282508;10214;T181;PSP_EXTRATLEITIMPL_200526_0352_20000000011102947934_000.jpg
3214195924;1046;NA;PSP_EXTRATLEITIMPL_200526_0352_20000000003952956948_000.jpg
3242535013/3212490473;6929;T181;NA
3201011352;4967;NA;PSP_EXTRATLEITIMPL_200526_0352_20000000014302970457_000.jpg
3011146469;20503;T111;PSP_EXTRATLEITIMPL_200526_0352_20000000011552961871_000.jpg
3190980706;98;NA;PSP_EXTRATLEITIMPL_200526_0352_20000000016152952863_000.jpg
3011144731;7631;NA;PSP_EXTRATLEITIMPL_200526_0352_20000000007852976761_000.jpg
3224037871;974;P111;PSP_EXTRATLEITIMPL_200526_0352_20000000001152966707_000.jpg
3244291731/3011190044;3892;T181;NA
3204265835;28840;T181;PSP_EXTRATLEITIMPL_200526_0352_20000000015602972667_000.jpg
3243781590/3011143596;6473;T181;PSP_EXTRATLEITIMPL_200526_0352_20000000005152993711_000.jpg
3220277134;35118;T181;PSP_EXTRATLEITIMPL_200526_0352_20000000011352936990_000.jpg
3230002273;33139;T181;PSP_EXTRATLEITIMPL_200526_0352_20000000007402964876_000.jpg
3121049189;50793;NA;PSP_EXTRATLEITIMPL_200526_0352_20000000011502976491_000.jpg
3243852179;620;L101;PSP_EXTRATLEITIMPL_200526_0352_20000000000102962726_000.jpg
3120065318;2935;B111;NA
5257895418/3011159077;1441;NA;PSP_EXTRATLEITIMPL_200526_0352_20000000009252973400_000.jpg
3121048751;71435;NA;PSP_EXTRATLEITIMPL_200526_0352_20000000013902972594_000.jpg
3121105402;21547;NA;PSP_EXTRATLEITIMPL_200526_0352_20000000013352966583_000.jpg
3181066210;182405;NA;PSP_EXTRATLEITIMPL_200526_0352_20000000005102996596_000.jpg
3120427554;91131;NA;PSP_EXTRATLEITIMPL_200526_0352_20000000001302991157_000.jpg
3204600820;46483;T181;PSP_EXTRATLEITIMPL_200526_0352_20000000009352980344_000.jpg
3225782350;4790;NA;PSP_EXTRATLEITIMPL_200526_0352_20000000006002974738_000.jpg
3222737892;17902;T181;PSP_EXTRATLEITIMPL_200526_0352_20000000006502984750_000.jpg
3011152024;5187;NA;PSP_EXTRATLEITIMPL_200526_0352_20000000019852987016_000.jpg
3214256265;4526;NA;NA
3220307939;10268;T181;PSP_EXTRATLEITIMPL_200526_0352_20000000008652992001_000.jpg
3211287518;74434;T181;PSP_EXTRATLEITIMPL_200526_0352_20000000000302956777_000.jpg
3120287469;74076;T111;PSP_EXTRATLEITIMPL_200526_0352_20000000001202973727_000.jpg
3232832680;4854;NA;PSP_EXTRATLEITIMPL_200526_0352_20000000010752966859_000.jpg
3121104147;12255;NA;PSP_EXTRATLEITIMPL_200526_0352_20000000000802956889_000.jpg
5257846328/3154088678;1822;T181;PSP_EXTRATLEITIMPL_200526_0352_20000000000752963804_000.jpg
3212546495;34185;T181;PSP_EXTRATLEITIMPL_200526_0352_20000000002752980731_000.jpg
3171698765;78743;NA;PSP_EXTRATLEITIMPL_200526_0352_20000000017452977628_000.jpg
3211466145;0;NA;NA
3231051383;23284;T181;PSP_EXTRATLEITIMPL_200526_0352_20000000005253009115_000.jpg
3203918738;11593;T181;PSP_EXTRATLEITIMPL_200526_0352_20000000017852985612_000.jpg
3223340198;60147;T181;PSP_EXTRATLEITIMPL_200526_0352_20000000003452973663_000.jpg
3224732545;2646;NA;PSP_EXTRATLEITIMPL_200526_0352_20000000017802968972_000.jpg
3121816392;4703;NA;PSP_EXTRATLEITIMPL_200526_0352_20000000004652979862_000.jpg
3121840951;6;P111;PSP_EXTRATLEITIMPL_200526_0352_20000000011202969748_000.jpg
3241577650;10366;T181;PSP_EXTRATLEITIMPL_200526_0352_20000000015502972240_000.jpg
3211279213;198962;T181;PSP_EXTRATLEITIMPL_200526_0352_20000000000052970849_000.jpg
3121269383;174;P111;PSP_EXTRATLEITIMPL_200526_0352_20000000006152972808_000.jpg
3121392690;17889;NA;PSP_EXTRATLEITIMPL_200526_0352_20000000017152985878_000.jpg
3120754245;3805;T111;PSP_EXTRATLEITIMPL_200526_0352_20000000001402983484_000.jpg
3223285146/3220361909;7122;T181;PSP_EXTRATLEITIMPL_200526_0352_20000000002502986643_000.jpg
3120683119;11753;NA;PSP_EXTRATLEITIMPL_200526_0352_20000000011902972284_000.jpg
3120665331;10486;T111;PSP_EXTRATLEITIMPL_200526_0352_20000000012802972595_000.jpg
3222726726;6347;T181;PSP_EXTRATLEITIMPL_200526_0352_20000000011102947936_000.jpg
3120915982;8382;NA;PSP_EXTRATLEITIMPL_200526_0352_20000000006952965922_000.jpg
3130234690;384;B111;PSP_EXTRATLEITIMPL_200526_0352_20000000006452982524_000.jpg
3121198621;6036;T111;PSP_EXTRATLEITIMPL_200526_0352_20000000008552980163_000.jpg
3121301937;28990;NA;PSP_EXTRATLEITIMPL_200526_0352_20000000009552972347_000.jpg
3120411119;28563;NA;PSP_EXTRATLEITIMPL_200526_0352_20000000013502965770_000.jpg
3201708370;90003;NA;PSP_EXTRATLEITIMPL_200526_0352_20000000015152979549_000.jpg
5257735321/3120246800;99999;NA;PSP_EXTRATLEITIMPL_200526_0352_20000000012902960846_000.jpg
3212344752;22300;NA;PSP_EXTRATLEITIMPL_200526_0352_20000000019902983777_000.jpg
3120451862;66778;NA;PSP_EXTRATLEITIMPL_200526_0352_20000000000702962405_000.jpg
3213282920;35;P111;PSP_EXTRATLEITIMPL_200526_0352_20000000007752987134_000.jpg
3180973132;8441;NA;PSP_EXTRATLEITIMPL_200526_0352_20000000013402971944_000.jpg
3225665655;243;P111;PSP_EXTRATLEITIMPL_200526_0352_20000000017352995768_000.jpg
3011213951;46207;NA;PSP_EXTRATLEITIMPL_200526_0352_20000000000802966541_000.jpg
3121699507;1742;NA;NA
3222736039;48661;T181;PSP_EXTRATLEITIMPL_200526_0352_20000000007152963988_000.jpg
3233472041;37025;NA;PSP_EXTRATLEITIMPL_200526_0352_20000000000852973225_000.jpg
3231087949;9568;T181;PSP_EXTRATLEITIMPL_200526_0352_20000000015802961354_000.jpg
3121232196;6103;NA;NA
3190776319;4934;L101;PSP_EXTRATLEITIMPL_200526_0352_20000000003952976374_000.jpg
3121900008;17136;B131;PSP_EXTRATLEITIMPL_200526_0352_20000000002202955930_000.jpg
3121900792;20252;NA;PSP_EXTRATLEITIMPL_200526_0352_20000000018902974819_000.jpg
3241173401;38880;T181;NA
3223372650;16874;T181;PSP_EXTRATLEITIMPL_200526_0352_20000000019452976776_000.jpg
3122068713;1313;NA;PSP_EXTRATLEITIMPL_200526_0352_20000000001702972583_000.jpg
3120432876;9564;NA;PSP_EXTRATLEITIMPL_200526_0352_20000000015652943918_000.jpg
3203753488;389048;NA;NA
3120468064;27500;NA;PSP_EXTRATLEITIMPL_200526_0352_20000000005952978506_000.jpg
3212333246;84514;NA;PSP_EXTRATLEITIMPL_200526_0352_20000000008552968686_000.jpg
3150849631;8151;NA;PSP_EXTRATLEITIMPL_200526_0352_20000000006802965919_000.jpg
3120473459;48028;NA;PSP_EXTRATLEITIMPL_200526_0352_20000000005003004002_000.jpg
3130310434;366279;NA;PSP_EXTRATLEITIMPL_200526_0352_20000000012052968827_000.jpg
3193199932;107185;T181;NA
6251288826/3121531118;218;NA;NA
3130320952;94265;NA;PSP_EXTRATLEITIMPL_200526_0352_20000000011402964936_000.jpg
6251181371/3223396711;1065;T181;PSP_EXTRATLEITIMPL_200526_0352_20000000006702959920_000.jpg
6251163330/3161495661;588;NA;PSP_EXTRATLEITIMPL_200526_0352_20000000003602979692_000.jpg
3230948479;9247;T181;PSP_EXTRATLEITIMPL_200526_0352_20000000010802963727_000.jpg
3130297292;30378;NA;PSP_EXTRATLEITIMPL_200526_0352_20000000006252979820_000.jpg
3121972513;40631;NA;PSP_EXTRATLEITIMPL_200526_0352_20000000000152968558_000.jpg
3170264460;43056;NA;NA
3130298469;61461;NA;PSP_EXTRATLEITIMPL_200526_0352_20000000007202969815_000.jpg
3130298027;57845;NA;PSP_EXTRATLEITIMPL_200526_0352_20000000000902969726_000.jpg
3130298620;43021;NA;PSP_EXTRATLEITIMPL_200526_0352_20000000019052975610_000.jpg
3130132951;9322;T111;PSP_EXTRATLEITIMPL_200526_0352_20000000001002958778_000.jpg
3214293004;31913;T181;PSP_EXTRATLEITIMPL_200526_0352_20000000002802981724_000.jpg
3242358057;9069;T181;PSP_EXTRATLEITIMPL_200526_0352_20000000007352977694_000.jpg
3130925153;65713;NA;PSP_EXTRATLEITIMPL_200526_0352_20000000016702991744_000.jpg
3130340970;62585;NA;NA
3130343723;94665;NA;PSP_EXTRATLEITIMPL_200526_0352_20000000000502960685_000.jpg
3241052175;39440;T181;PSP_EXTRATLEITIMPL_200526_0352_20000000010302984117_000.jpg
3192391899;0;NA;NA
3130671690;3326;NA;PSP_EXTRATLEITIMPL_200526_0352_20000000019502982302_000.jpg
3130661989;11;P111;PSP_EXTRATLEITIMPL_200526_0352_20000000001052978331_000.jpg
3130362183;220670;NA;PSP_EXTRATLEITIMPL_200526_0352_20000000012252962840_000.jpg
3130674045;7684;T111;PSP_EXTRATLEITIMPL_200526_0352_20000000013302955920_000.jpg
3231098118;66059;T181;PSP_EXTRATLEITIMPL_200526_0352_20000000018902990129_000.jpg
3193224414;46022;NA;PSP_EXTRATLEITIMPL_200526_0352_20000000000552954827_000.jpg
3180080235;1923;NA;PSP_EXTRATLEITIMPL_200526_0352_20000000008802953915_000.jpg
3222835703;365;NA;PSP_EXTRATLEITIMPL_200526_0352_20000000007202974870_000.jpg
3121970561;10162;NA;PSP_EXTRATLEITIMPL_200526_0352_20000000014302976134_000.jpg
3223813827;931;B111;PSP_EXTRATLEITIMPL_200526_0352_20000000017052983729_000.jpg
3131818679;306;NA;NA
3130317862;358239;L131;PSP_EXTRATLEITIMPL_200526_0352_20000000002502976877_000.jpg
5257728309/3204607078;1189;T181;PSP_EXTRATLEITIMPL_200526_0352_20000000001552983599_000.jpg
5257504826/3130922731;192;NA;NA
3212553386;15629;T181;PSP_EXTRATLEITIMPL_200526_0352_20000000015502943905_000.jpg
3212485720;15983;NA;NA
3204760470;300;NA;PSP_EXTRATLEITIMPL_200526_0352_20000000006902967866_000.jpg
3152216989;399445;NA;NA
3140278024;8261;NA;NA
3210208274;5858;NA;NA
3152226615;1802;NA;NA
3131801377;72538;NA;PSP_EXTRATLEITIMPL_200526_0352_20000000007452979343_000.jpg
3245082575/3203990560;5912;T181;PSP_EXTRATLEITIMPL_200526_0352_20000000004802997236_000.jpg
3181610661;4201;NA;PSP_EXTRATLEITIMPL_200526_0352_20000000018102990261_000.jpg
3193014045;8640;L101;PSP_EXTRATLEITIMPL_200526_0352_20000000013352960789_000.jpg
3130351629;92773;NA;NA
3153832543;6439;NA;NA
3131194748;17871;NA;PSP_EXTRATLEITIMPL_200526_0352_20000000018552972895_000.jpg
3131717538;6375;NA;PSP_EXTRATLEITIMPL_200526_0352_20000000013502959837_000.jpg
3232685459;12606;NA;NA
3241060267;9336;T181;PSP_EXTRATLEITIMPL_200526_0352_20000000009952955721_000.jpg
3193493849;77734;NA;PSP_EXTRATLEITIMPL_200526_0352_20000000011652982117_000.jpg
3131277635;13358;L101;PSP_EXTRATLEITIMPL_200526_0352_20000000013602961724_000.jpg
3223290050;9021;T181;PSP_EXTRATLEITIMPL_200526_0352_20000000003902970778_000.jpg
3132257980;397153;L131;PSP_EXTRATLEITIMPL_200526_0352_20000000006502973889_000.jpg
3131552121;10151;NA;PSP_EXTRATLEITIMPL_200526_0352_20000000006302961987_000.jpg
3203780744;11275;T181;PSP_EXTRATLEITIMPL_200526_0352_20000000014852972146_000.jpg
3133175880;59005;NA;NA
3194025512;59129;T181;PSP_EXTRATLEITIMPL_200526_0352_20000000011352949840_000.jpg
3244320251/3223270378;37610;NA;PSP_EXTRATLEITIMPL_200526_0352_20000000012052971755_000.jpg
3242927310;5703;T181;PSP_EXTRATLEITIMPL_200526_0352_20000000013202950945_000.jpg
3190500143;9125;NA;PSP_EXTRATLEITIMPL_200526_0352_20000000001652959997_000.jpg
3201650347;19890;NA;NA
3011041358;11304;NA;PSP_EXTRATLEITIMPL_200526_0352_20000000019752962911_000.jpg
3181071302;407935;NA;PSP_EXTRATLEITIMPL_200526_0352_20000000013252966463_000.jpg
3140414300;457;NA;NA
3133033490;1152;NA;PSP_EXTRATLEITIMPL_200526_0352_20000000005053008022_000.jpg
3183117741;11826;NA;NA
3131943449;1118;NA;NA
3192444496;0;NA;NA
3131915208;26517;NA;PSP_EXTRATLEITIMPL_200526_0352_20000000009152976578_000.jpg
3193961842;63334;NA;PSP_EXTRATLEITIMPL_200526_0352_20000000010502978149_000.jpg
3140805121;6060;NA;PSP_EXTRATLEITIMPL_200526_0352_20000000017652979913_000.jpg
3212577072;38123;T181;PSP_EXTRATLEITIMPL_200526_0352_20000000000252994049_000.jpg
3200077716;73367;NA;PSP_EXTRATLEITIMPL_200526_0352_20000000003652984669_000.jpg
3201693445;47424;NA;PSP_EXTRATLEITIMPL_200526_0352_20000000017152980932_000.jpg
3243425769/3245164814/3243425769/3223281299;39416;NA;NA
3132304903;51450;NA;PSP_EXTRATLEITIMPL_200526_0352_20000000003502983864_000.jpg
3140012920;50100;NA;PSP_EXTRATLEITIMPL_200526_0352_20000000008652987237_000.jpg
3140098913;72422;NA;PSP_EXTRATLEITIMPL_200526_0352_20000000013302961810_000.jpg
3242350161/3180476813;6868;T181;PSP_EXTRATLEITIMPL_200526_0352_20000000005402976943_000.jpg
3131492587;3216;NA;PSP_EXTRATLEITIMPL_200526_0352_20000000013702976194_000.jpg
3140651531;52424;NA;PSP_EXTRATLEITIMPL_200526_0352_20000000006102977620_000.jpg
3201572745;19045;T181;NA
3150163969;363283;NA;PSP_EXTRATLEITIMPL_200526_0352_20000000009052962731_000.jpg
3140018529;1875;B111;NA
3223580679;2812;NA;PSP_EXTRATLEITIMPL_200526_0352_20000000017902976757_000.jpg
3131822781;451;NA;PSP_EXTRATLEITIMPL_200526_0352_20000000011852956901_000.jpg
3214304111;14311;T181;PSP_EXTRATLEITIMPL_200526_0352_20000000009602983132_000.jpg
5257049657/3132605938;173;NA;PSP_EXTRATLEITIMPL_200526_0352_20000000014602989021_000.jpg
3220672904;8762;NA;PSP_EXTRATLEITIMPL_200526_0352_20000000012852949962_000.jpg
3131835859;247452;NA;PSP_EXTRATLEITIMPL_200526_0352_20000000012352954804_000.jpg
3171245043;105896;NA;PSP_EXTRATLEITIMPL_200526_0352_20000000004352993374_000.jpg
3232680007;2430;NA;NA
3220265616;6467;T181;PSP_EXTRATLEITIMPL_200526_0352_20000000008852966891_000.jpg
3131864441;86384;NA;PSP_EXTRATLEITIMPL_200526_0352_20000000011602943948_000.jpg
3153623286;3761;NA;NA
3212710830;23229;T181;PSP_EXTRATLEITIMPL_200526_0352_20000000019852986039_000.jpg
3131435281;6585;T111;PSP_EXTRATLEITIMPL_200526_0352_20000000004402968906_000.jpg
71367347;6069;NA;PSP_EXTRATLEITIMPL_200526_0352_20000000019502971751_000.jpg
3132457505;8054;NA;PSP_EXTRATLEITIMPL_200526_0352_20000000010352951993_000.jpg
3132621828;18648;NA;PSP_EXTRATLEITIMPL_200526_0352_20000000010652972140_000.jpg
3132476410;49211;NA;PSP_EXTRATLEITIMPL_200526_0352_20000000005302988614_000.jpg
3223355217;14133;T181;PSP_EXTRATLEITIMPL_200526_0352_20000000009752957926_000.jpg
3131886828;274854;NA;PSP_EXTRATLEITIMPL_200526_0352_20000000010602967546_000.jpg
3223304582;61384;T181;PSP_EXTRATLEITIMPL_200526_0352_20000000013552966570_000.jpg
3182433950;5538;NA;PSP_EXTRATLEITIMPL_200526_0352_20000000016352963871_000.jpg
3203903129;46146;T181;PSP_EXTRATLEITIMPL_200526_0352_20000000017452971906_000.jpg
3132612020;24218;NA;NA
3140735905;11205;NA;PSP_EXTRATLEITIMPL_200526_0352_20000000016902990681_000.jpg
5256572780/3160976453;5758;T181;PSP_EXTRATLEITIMPL_200526_0352_20000000000952964468_000.jpg
3132381959;444;M141;PSP_EXTRATLEITIMPL_200526_0352_20000000009802964667_000.jpg
3132820820;9571;NA;PSP_EXTRATLEITIMPL_200526_0352_20000000001652964998_000.jpg
3212559872;22416;T181;PSP_EXTRATLEITIMPL_200526_0352_20000000015052952832_000.jpg
3132589452;63627;NA;PSP_EXTRATLEITIMPL_200526_0352_20000000004753006001_000.jpg
3131527984;5396;T111;PSP_EXTRATLEITIMPL_200526_0352_20000000019052974671_000.jpg
3204269385;25456;T181;PSP_EXTRATLEITIMPL_200526_0352_20000000017152994561_000.jpg
3132703328;11939;NA;PSP_EXTRATLEITIMPL_200526_0352_20000000004502967971_000.jpg
3220370177;21323;T181;PSP_EXTRATLEITIMPL_200526_0352_20000000003552965989_000.jpg
3241196550;17353;NA;PSP_EXTRATLEITIMPL_200526_0352_20000000006102983413_000.jpg
3132267897;403736;NA;PSP_EXTRATLEITIMPL_200526_0352_20000000004252998387_000.jpg
3140700931;11;P111;PSP_EXTRATLEITIMPL_200526_0352_20000000017202986143_000.jpg
3140716609;30223;NA;PSP_EXTRATLEITIMPL_200526_0352_20000000001852995010_000.jpg
3203770595;26814;T181;PSP_EXTRATLEITIMPL_200526_0352_20000000006952976696_000.jpg
3140874271;40261;NA;PSP_EXTRATLEITIMPL_200526_0352_20000000002652973897_000.jpg
3224709390;71035;T181;PSP_EXTRATLEITIMPL_200526_0352_20000000017702983759_000.jpg
3222738597;26469;T181;PSP_EXTRATLEITIMPL_200526_0352_20000000007502971693_000.jpg
3160527616;10484;NA;PSP_EXTRATLEITIMPL_200526_0352_20000000019552987708_000.jpg
3223334627;13722;T181;PSP_EXTRATLEITIMPL_200526_0352_20000000010752980359_000.jpg
3202449351;2948;NA;PSP_EXTRATLEITIMPL_200526_0352_20000000005052983988_000.jpg
3222865939;8112;NA;PSP_EXTRATLEITIMPL_200526_0352_20000000007602969704_000.jpg
3140670889;142597;NA;PSP_EXTRATLEITIMPL_200526_0352_20000000015052961461_000.jpg
3233056226;2061;B111;NA
3223281426;20585;T181;PSP_EXTRATLEITIMPL_200526_0352_20000000000702959641_000.jpg
3142426454;4518;NA;PSP_EXTRATLEITIMPL_200526_0352_20000000008452965595_000.jpg
70287277;5104;T111;PSP_EXTRATLEITIMPL_200526_0352_20000000019102974740_000.jpg
3242421670;12606;NA;PSP_EXTRATLEITIMPL_200526_0352_20000000012902956888_000.jpg
3193959074;45570;NA;PSP_EXTRATLEITIMPL_200526_0352_20000000015952968474_000.jpg
3212479879;38574;NA;PSP_EXTRATLEITIMPL_200526_0352_20000000000702960497_000.jpg
3221854070;38108;NA;PSP_EXTRATLEITIMPL_200526_0352_20000000006702971873_000.jpg
3140608776;98673;NA;PSP_EXTRATLEITIMPL_200526_0352_20000000011002964817_000.jpg
3140862370;28152;NA;PSP_EXTRATLEITIMPL_200526_0352_20000000011552956840_000.jpg
3222954877;6377;NA;PSP_EXTRATLEITIMPL_200526_0352_20000000004452985949_000.jpg
3140621195;25158;NA;PSP_EXTRATLEITIMPL_200526_0352_20000000014252946881_000.jpg
3141797025;5388;NA;PSP_EXTRATLEITIMPL_200526_0352_20000000006002986123_000.jpg
3141783997;29134;NA;PSP_EXTRATLEITIMPL_200526_0352_20000000003352958922_000.jpg
3141442219;13694;NA;NA
3225176328;30804;NA;PSP_EXTRATLEITIMPL_200526_0352_20000000012552975253_000.jpg
3230561540;721;T111;PSP_EXTRATLEITIMPL_200526_0352_20000000018252959966_000.jpg
3194025970;37844;T181;PSP_EXTRATLEITIMPL_200526_0352_20000000016002968340_000.jpg
3160350503;132331;NA;PSP_EXTRATLEITIMPL_200526_0352_20000000019252980561_000.jpg
3223514323;2809;NA;NA
3203925319;29625;T181;PSP_EXTRATLEITIMPL_200526_0352_20000000012052961855_000.jpg
3132376491;121419;NA;PSP_EXTRATLEITIMPL_200526_0352_20000000002102988030_000.jpg
3242306332;6266;T181;NA
5257703390/3142724285;4641;T181;PSP_EXTRATLEITIMPL_200526_0352_20000000015402943931_000.jpg
3193401448;31661;NA;PSP_EXTRATLEITIMPL_200526_0352_20000000010002980375_000.jpg
3232415559;1679;NA;PSP_EXTRATLEITIMPL_200526_0352_20000000007502979374_000.jpg
3142462388;9175;NA;PSP_EXTRATLEITIMPL_200526_0352_20000000016502963518_000.jpg
3132361923;2100;B111;PSP_EXTRATLEITIMPL_200526_0352_20000000004352987593_000.jpg
3204401089;2286;NA;PSP_EXTRATLEITIMPL_200526_0352_20000000016552978214_000.jpg
3230589312;11142;NA;PSP_EXTRATLEITIMPL_200526_0352_20000000016252975232_000.jpg
3192569825;4460;T111;PSP_EXTRATLEITIMPL_200526_0352_20000000008002963739_000.jpg
3200979256;21739;NA;PSP_EXTRATLEITIMPL_200526_0352_00000000000211746060_000.jpg
3212542813;12936;T181;PSP_EXTRATLEITIMPL_200526_0352_20000000015102984143_000.jpg
3212574731;55163;T181;PSP_EXTRATLEITIMPL_200526_0352_20000000006352977701_000.jpg
3214308800;16285;T181;PSP_EXTRATLEITIMPL_200526_0352_20000000019102975728_000.jpg
3141382755;7609;NA;PSP_EXTRATLEITIMPL_200526_0352_20000000015752962769_000.jpg
3141375244;0;NA;PSP_EXTRATLEITIMPL_200526_0352_20000000007402981129_000.jpg
3141605142;11833;NA;PSP_EXTRATLEITIMPL_200526_0352_20000000003253003103_000.jpg
3141261036;7238;T111;PSP_EXTRATLEITIMPL_200526_0352_20000000007702985366_000.jpg
3223951855;8188;NA;NA
3242595199;6888;T181;PSP_EXTRATLEITIMPL_200526_0352_20000000000202957755_000.jpg
5256680515/3141664548;3357;T181;PSP_EXTRATLEITIMPL_200526_0352_20000000010102963717_000.jpg
3211141190;10947;T181;PSP_EXTRATLEITIMPL_200526_0352_20000000011102947938_000.jpg
3212735611;32478;T181;PSP_EXTRATLEITIMPL_200526_0352_20000000016752982543_000.jpg
3140848726;24158;NA;PSP_EXTRATLEITIMPL_200526_0352_20000000014702949946_000.jpg
3140870322;398625;L131;PSP_EXTRATLEITIMPL_200526_0352_20000000002602982764_000.jpg
3140871469;317037;L131;PSP_EXTRATLEITIMPL_200526_0352_20000000000302961701_000.jpg
3140869847;276161;L131;PSP_EXTRATLEITIMPL_200526_0352_20000000010152962749_000.jpg
3141617221;197;NA;PSP_EXTRATLEITIMPL_200526_0352_20000000009652979143_000.jpg
3241075302;12505;T181;PSP_EXTRATLEITIMPL_200526_0352_20000000013602968595_000.jpg
3160121350;868284;NA;PSP_EXTRATLEITIMPL_200526_0352_20000000004802996278_000.jpg
3141529896;16490;M141;PSP_EXTRATLEITIMPL_200526_0352_20000000019302979740_000.jpg
3203795911;7395;NA;PSP_EXTRATLEITIMPL_200526_0352_20000000000702965240_000.jpg
3244227790/3224376870;4010;T181;NA
3223288170;98405;T181;PSP_EXTRATLEITIMPL_200526_0352_20000000019752956929_000.jpg
3140835306;28058;NA;PSP_EXTRATLEITIMPL_200526_0352_20000000000752949865_001.jpg
3150481693;7201;NA;PSP_EXTRATLEITIMPL_200526_0352_20000000004102966855_000.jpg
3150132966;85651;NA;PSP_EXTRATLEITIMPL_200526_0352_20000000008152956989_000.jpg
3142507616;5463;NA;PSP_EXTRATLEITIMPL_200526_0352_20000000008552977381_000.jpg
3150151553;176009;T111;PSP_EXTRATLEITIMPL_200526_0352_20000000000052983353_000.jpg
3190505153;14513;NA;PSP_EXTRATLEITIMPL_200526_0352_20000000001852978717_000.jpg
3150724243;10780;NA;PSP_EXTRATLEITIMPL_200526_0352_20000000002502991333_000.jpg
3241051195/3220236152;26923;T181;NA
3181255012;7172;NA;PSP_EXTRATLEITIMPL_200526_0352_20000000005402987657_000.jpg
3140277524;11669;NA;NA
3140649154;121840;NA;PSP_EXTRATLEITIMPL_200526_0352_20000000006602991259_000.jpg
3171072475;7467;NA;PSP_EXTRATLEITIMPL_200526_0352_20000000000152976239_000.jpg
3212833931;15452;NA;PSP_EXTRATLEITIMPL_200526_0352_20000000018052954938_000.jpg
3150876540;110;P111;PSP_EXTRATLEITIMPL_200526_0352_20000000003452964964_000.jpg
3230969719;9986;T181;PSP_EXTRATLEITIMPL_200526_0352_20000000018502968835_000.jpg
3172768457;166729;T181;PSP_EXTRATLEITIMPL_200526_0352_20000000018752982348_000.jpg
3150134667;4781;L131;PSP_EXTRATLEITIMPL_200526_0352_20000000001552986406_000.jpg
3220244570;29856;T181;PSP_EXTRATLEITIMPL_200526_0352_20000000008952966239_000.jpg
3230065860;23851;L131;PSP_EXTRATLEITIMPL_200526_0352_20000000006752979643_000.jpg
3154752845;9355;NA;PSP_EXTRATLEITIMPL_200526_0352_20000000007902973675_000.jpg
3230000718;20298;T181;NA
3193288153;58474;NA;PSP_EXTRATLEITIMPL_200526_0352_20000000011552977283_000.jpg
3242256661;137;T181;PSP_EXTRATLEITIMPL_200526_0352_20000000011502976495_000.jpg
3150135191;25;P111;PSP_EXTRATLEITIMPL_200526_0352_20000000014402953875_000.jpg
3211494963;140232;NA;NA
5255957327/5256226709/5255957327/3231091091;24551;NA;NA
3242520920;14098;T181;NA
3151289648;13946;NA;PSP_EXTRATLEITIMPL_200526_0352_20000000001702979255_000.jpg
3151250610;182;B111;PSP_EXTRATLEITIMPL_200526_0352_20000000012852975353_000.jpg
3222927780;892;M141;PSP_EXTRATLEITIMPL_200526_0352_20000000003552971912_000.jpg
3151239420;3136;NA;PSP_EXTRATLEITIMPL_200526_0352_20000000016002944912_000.jpg
3222748274;12929;T181;NA
3225368537;11052;NA;PSP_EXTRATLEITIMPL_200526_0352_20000000000652969468_000.jpg
6251119927/3171305631;1180;T181;NA
3213905898;23290;NA;PSP_EXTRATLEITIMPL_200526_0352_20000000017202960931_000.jpg
3153601495;498816;NA;NA
3153600014;9291;NA;NA
3153600472;592478;NA;NA
3153604109;834266;NA;NA
3152206592;12076;NA;NA
5256962570/3212468230;0;T161;NA
3151591280;22637;NA;PSP_EXTRATLEITIMPL_200526_0352_20000000007552966879_000.jpg
3220700495;21090;NA;PSP_EXTRATLEITIMPL_200526_0352_20000000012852953852_000.jpg
3150082306;71050;NA;PSP_EXTRATLEITIMPL_200526_0352_20000000016902996457_000.jpg
3172416461;902555;NA;NA
3243303400;7993;T181;PSP_EXTRATLEITIMPL_200526_0352_20000000006902961882_000.jpg
3153732050;93;P111;PSP_EXTRATLEITIMPL_200526_0352_20000000015352978503_000.jpg
3152219643;6601;NA;NA
71457141;15376;NA;PSP_EXTRATLEITIMPL_200526_0352_20000000017452966983_000.jpg
3203943473;32726;NA;PSP_EXTRATLEITIMPL_200526_0352_20000000003302966996_000.jpg
3153706858;82468;NA;PSP_EXTRATLEITIMPL_200526_0352_20000000012052961857_000.jpg
3191739239;35785;NA;PSP_EXTRATLEITIMPL_200526_0352_20000000003352967591_000.jpg
3223319288;70823;T181;PSP_EXTRATLEITIMPL_200526_0352_20000000016552959944_000.jpg
3222482010;76410;T181;PSP_EXTRATLEITIMPL_200526_0352_20000000009652959872_000.jpg
3201065940;25943;NA;PSP_EXTRATLEITIMPL_200526_0352_20000000017502982644_000.jpg
3221658603;413;P111;PSP_EXTRATLEITIMPL_200526_0352_20000000009252969594_000.jpg
3242182374;21;P111;PSP_EXTRATLEITIMPL_200526_0352_20000000010652955801_000.jpg
5257006087/3221981129;2381;T181;PSP_EXTRATLEITIMPL_200526_0352_20000000012652977350_000.jpg
3212732124;25774;T181;PSP_EXTRATLEITIMPL_200526_0352_20000000013002959375_000.jpg
3203586280;41941;NA;PSP_EXTRATLEITIMPL_200526_0352_20000000017902974757_000.jpg
3161869170;67444;NA;PSP_EXTRATLEITIMPL_200526_0352_20000000018352981421_000.jpg
3153712718;42159;NA;PSP_EXTRATLEITIMPL_200526_0352_20000000009052968390_000.jpg
3153599989;2603;NA;NA
3153604052;76289;NA;NA
3153604036;891668;NA;NA
3153605725;613;NA;NA
3153599946;21366;NA;NA
3153601339;17839;NA;NA
3153601126;196147;NA;NA
3220028835;5178;NA;NA
5256727899/3152781287;1071;T181;PSP_EXTRATLEITIMPL_200526_0352_20000000003852972745_000.jpg
3152205642;7228;NA;NA
3153603730;243866;NA;NA
3153604060;746;NA;NA
3153603722;975957;NA;NA
3153605768;14495;NA;NA
3152788435;17219;NA;PSP_EXTRATLEITIMPL_200526_0352_20000000003802966972_000.jpg
3242611712;8756;T181;PSP_EXTRATLEITIMPL_200526_0352_20000000018752984144_000.jpg
3154877362;726115;NA;PSP_EXTRATLEITIMPL_200526_0352_20000000008952960503_000.jpg
3152914082;15400;NA;PSP_EXTRATLEITIMPL_200526_0352_20000000005752971493_000.jpg
3154112331;6993;NA;PSP_EXTRATLEITIMPL_200526_0352_20000000015002947968_000.jpg
3160004397;281211;NA;PSP_EXTRATLEITIMPL_200526_0352_20000000009302974380_000.jpg
3153598478;285179;NA;NA
3153003105;16138;NA;PSP_EXTRATLEITIMPL_200526_0352_20000000017602961902_000.jpg
3160012250;113537;NA;PSP_EXTRATLEITIMPL_200526_0352_20000000015502947981_000.jpg
3212499101;57299;NA;PSP_EXTRATLEITIMPL_200526_0352_20000000019802984768_000.jpg
5257998586/3192450518;999999;NA;PSP_EXTRATLEITIMPL_200526_0352_20000000016802982825_000.jpg
3150712806;3981;NA;PSP_EXTRATLEITIMPL_200526_0352_20000000014502974244_000.jpg
3160019807;48726;NA;PSP_EXTRATLEITIMPL_200526_0352_20000000017452976740_000.jpg
3160008210;28;P111;PSP_EXTRATLEITIMPL_200526_0352_20000000005152990777_000.jpg
3153887429;1560;L101;PSP_EXTRATLEITIMPL_200526_0352_20000000008702982522_000.jpg
3154910742;5732;NA;NA
3160138032;1090;NA;PSP_EXTRATLEITIMPL_200526_0352_20000000018002991468_000.jpg
3223391612;15552;T181;PSP_EXTRATLEITIMPL_200526_0352_20000000007452977432_000.jpg
3180620973;3153;NA;NA
3154907318;6991;NA;PSP_EXTRATLEITIMPL_200526_0352_20000000000602973078_000.jpg
6252254844/3153677688;0;T161;PSP_EXTRATLEITIMPL_200526_0352_20000000008602975694_000.jpg
3153873010;4124;NA;PSP_EXTRATLEITIMPL_200526_0352_20000000014502968595_000.jpg
3153524067;8812;NA;PSP_EXTRATLEITIMPL_200526_0352_20000000018752960963_000.jpg
3152115414;40413;NA;PSP_EXTRATLEITIMPL_200526_0352_20000000002702978777_000.jpg
5257520422/3140271704;233;T181;PSP_EXTRATLEITIMPL_200526_0352_20000000016102965124_000.jpg
3161083932;12752;NA;NA
5260088981/3241064971;1073;T181;PSP_EXTRATLEITIMPL_200526_0352_20000000005952967817_000.jpg
3194030680;46519;T181;PSP_EXTRATLEITIMPL_200526_0352_20000000000402986173_000.jpg
3154294375;4328;NA;PSP_EXTRATLEITIMPL_200526_0352_20000000013902966774_000.jpg
5256610193/3153433150;13728;NA;PSP_EXTRATLEITIMPL_200526_0352_20000000001652964999_000.jpg
6250638963/3223317048;12097;T181;PSP_EXTRATLEITIMPL_200526_0352_20000000012402961752_000.jpg
3241569550;5570;T181;PSP_EXTRATLEITIMPL_200526_0352_20000000017852980900_000.jpg
3154505619;54026;NA;PSP_EXTRATLEITIMPL_200526_0352_20000000013752965717_000.jpg
3230907888;17307;T181;PSP_EXTRATLEITIMPL_200526_0352_20000000012852968607_000.jpg
3203939212;17183;T181;PSP_EXTRATLEITIMPL_200526_0352_20000000014852964598_000.jpg
3154277039;2850;NA;PSP_EXTRATLEITIMPL_200526_0352_20000000000552967419_000.jpg
3193234789;18565;NA;PSP_EXTRATLEITIMPL_200526_0352_20000000013952971250_000.jpg
3242934910/3230551242;14170;T171;PSP_EXTRATLEITIMPL_200526_0352_20000000013602969550_000.jpg
3222476487;19370;T181;NA
3220076104;94323;T181;PSP_EXTRATLEITIMPL_200526_0352_20000000011302969661_000.jpg
3154323898;40;R111;PSP_EXTRATLEITIMPL_200526_0352_20000000004802992583_000.jpg
3220312460;9151;T181;NA
3223414604;7383;T181;PSP_EXTRATLEITIMPL_200526_0352_20000000015102961821_000.jpg
3160368801;35470;NA;PSP_EXTRATLEITIMPL_200526_0352_20000000017352989927_000.jpg
3201626837;2006;T111;PSP_EXTRATLEITIMPL_200526_0352_20000000003102984790_000.jpg
3160730659;6334;L101;PSP_EXTRATLEITIMPL_200526_0352_20000000010402940999_000.jpg
3153854814;24066;NA;NA
3221321404;2733;NA;NA
3153830974;9365;NA;NA
3153547067;11936;NA;NA
3222737205;29500;T181;PSP_EXTRATLEITIMPL_200526_0352_20000000004853008238_000.jpg
3171378620;167390;NA;NA
3232911920;26155;NA;NA
3203693264;7;P111;PSP_EXTRATLEITIMPL_200526_0352_20000000016352979130_000.jpg
3171829088;6527;NA;PSP_EXTRATLEITIMPL_200526_0352_20000000008802968703_000.jpg
3220264105;41169;T181;PSP_EXTRATLEITIMPL_200526_0352_20000000010052986382_000.jpg
3233226954;2789;L101;PSP_EXTRATLEITIMPL_200526_0352_20000000000602948871_000.jpg
3154725155;52872;NA;PSP_EXTRATLEITIMPL_200526_0352_20000000006302981610_000.jpg
3160742282;4990;NA;PSP_EXTRATLEITIMPL_200526_0352_20000000013802955814_000.jpg
3160990146;113240;NA;PSP_EXTRATLEITIMPL_200526_0352_20000000014102942888_000.jpg
3245172612/3160364792;24329;NA;PSP_EXTRATLEITIMPL_200526_0352_20000000017502966983_000.jpg
3154936121;24751;NA;PSP_EXTRATLEITIMPL_200526_0352_20000000011352960326_000.jpg
3120420002;6664;NA;PSP_EXTRATLEITIMPL_200526_0352_20000000015302983762_000.jpg
3153414792;71730;M141;PSP_EXTRATLEITIMPL_200526_0352_20000000009302949991_000.jpg
3160123558;56936;NA;PSP_EXTRATLEITIMPL_200526_0352_20000000017952975542_000.jpg
3191066501;33523;NA;PSP_EXTRATLEITIMPL_200526_0352_20000000004302969918_000.jpg
3193658643;21364;NA;PSP_EXTRATLEITIMPL_200526_0352_20000000011002962864_000.jpg
3201554860;12916;NA;NA
3212708444;22240;T181;NA
3204272319;32662;NA;PSP_EXTRATLEITIMPL_200526_0352_20000000003352947995_000.jpg
3232218729/3160514476;4851;NA;PSP_EXTRATLEITIMPL_200526_0352_20000000010252962472_000.jpg
3121247800;42081;NA;PSP_EXTRATLEITIMPL_200526_0352_20000000015052968117_000.jpg
3161511349;430614;NA;PSP_EXTRATLEITIMPL_200526_0352_20000000017602966744_000.jpg
3161520380;11810;NA;NA
3154353398;6779;NA;PSP_EXTRATLEITIMPL_200526_0352_20000000012902972388_000.jpg
3212232733;15020;NA;PSP_EXTRATLEITIMPL_200526_0352_20000000017652987608_000.jpg
6251205572/3221120956;2273;NA;PSP_EXTRATLEITIMPL_200526_0352_20000000003452969791_000.jpg
3171368790;70895;T181;PSP_EXTRATLEITIMPL_200526_0352_20000000000802961705_000.jpg
3160431414;47071;NA;PSP_EXTRATLEITIMPL_200526_0352_20000000005103008091_000.jpg
3160562543;29090;NA;PSP_EXTRATLEITIMPL_200526_0352_20000000016952993129_000.jpg
3181031327;0;T161;NA
3181685467;464672;T181;PSP_EXTRATLEITIMPL_200526_0352_20000000002752992157_000.jpg
3242511335;6224;T181;PSP_EXTRATLEITIMPL_200526_0352_20000000011502977447_000.jpg
3220421227;35238;NA;PSP_EXTRATLEITIMPL_200526_0352_20000000011952964749_000.jpg
3192072947;8626;P111;PSP_EXTRATLEITIMPL_200526_0352_20000000006802979692_000.jpg
3160476027;49228;NA;PSP_EXTRATLEITIMPL_200526_0352_20000000004552978579_000.jpg
3160471157;43770;NA;PSP_EXTRATLEITIMPL_200526_0352_20000000002852986100_000.jpg
5257503528/3140051321;20181;NA;PSP_EXTRATLEITIMPL_200526_0352_20000000006002985226_000.jpg
3192207257;0;T161;PSP_EXTRATLEITIMPL_200526_0352_20000000005202987773_001.jpg
3182714398;33839;NA;NA
3161852910;10313;NA;PSP_EXTRATLEITIMPL_200526_0352_20000000004752990785_000.jpg
3161864527;131941;NA;PSP_EXTRATLEITIMPL_200526_0352_20000000015052957699_000.jpg
3161036985;10116;NA;PSP_EXTRATLEITIMPL_200526_0352_20000000004352998023_000.jpg
3161036624;11822;NA;PSP_EXTRATLEITIMPL_200526_0352_20000000015902961989_000.jpg
3161035695;13531;NA;PSP_EXTRATLEITIMPL_200526_0352_20000000000602950981_000.jpg
3161036926;12397;NA;PSP_EXTRATLEITIMPL_200526_0352_20000000006852978918_000.jpg
3140482950;4213;NA;PSP_EXTRATLEITIMPL_200526_0352_20000000003002971910_000.jpg
3242654357;37278;NA;NA
3190107387;953;NA;PSP_EXTRATLEITIMPL_200526_0352_20000000017052998033_000.jpg
3161000832;109969;NA;PSP_EXTRATLEITIMPL_200526_0352_20000000015402961663_000.jpg
3233199957;2455;NA;PSP_EXTRATLEITIMPL_200526_0352_20000000016152960861_000.jpg
3225925681;38536;NA;PSP_EXTRATLEITIMPL_200526_0352_20000000002302965912_000.jpg
5256550379/3161720851;3850;T181;NA
3161656398;11347;NA;PSP_EXTRATLEITIMPL_200526_0352_20000000001552972854_000.jpg
3161679436;6690;NA;PSP_EXTRATLEITIMPL_200526_0352_20000000012652973541_000.jpg
3232900147;27074;NA;PSP_EXTRATLEITIMPL_200526_0352_20000000008952955749_000.jpg
3161590222;41260;NA;PSP_EXTRATLEITIMPL_200526_0352_20000000004902987281_000.jpg
3192984415;77;P111;PSP_EXTRATLEITIMPL_200526_0352_20000000006802988184_000.jpg
3241060933;11053;T181;NA
3161587833;33996;NA;PSP_EXTRATLEITIMPL_200526_0352_20000000013452977373_000.jpg
3200738291;12774;NA;PSP_EXTRATLEITIMPL_200526_0352_20000000006102981444_000.jpg
3161059039;11201;NA;PSP_EXTRATLEITIMPL_200526_0352_20000000019202976754_000.jpg
3161660760;7110;NA;PSP_EXTRATLEITIMPL_200526_0352_20000000018752972782_000.jpg
3170377248;11549;NA;PSP_EXTRATLEITIMPL_200526_0352_20000000006902973661_000.jpg
3161230196;15858;NA;PSP_EXTRATLEITIMPL_200526_0352_20000000010802959749_000.jpg
3170036424;260336;NA;PSP_EXTRATLEITIMPL_200526_0352_20000000008352986505_000.jpg
3172355160;102609;T181;PSP_EXTRATLEITIMPL_200526_0352_20000000013252946855_000.jpg
5256978450/3170271679;2630;NA;PSP_EXTRATLEITIMPL_200526_0352_20000000002702978779_000.jpg
3010256037;856;P111;PSP_EXTRATLEITIMPL_200526_0352_20000000013952950917_000.jpg
3170437437;26050;NA;PSP_EXTRATLEITIMPL_200526_0352_20000000005302988618_000.jpg
3220240567;25322;T181;NA
3203936531;30458;T181;PSP_EXTRATLEITIMPL_200526_0352_20000000012802968732_000.jpg
3170127187;1679;P111;PSP_EXTRATLEITIMPL_200526_0352_20000000002152977143_000.jpg
3170468456;92;P111;PSP_EXTRATLEITIMPL_200526_0352_20000000007102970718_000.jpg
3220073563;13734;T181;NA
3170419374;7791;NA;PSP_EXTRATLEITIMPL_200526_0352_20000000010902980325_000.jpg
3170414950;49981;NA;PSP_EXTRATLEITIMPL_200526_0352_20000000004002973599_000.jpg
3220245925;10192;T181;PSP_EXTRATLEITIMPL_200526_0352_20000000008502961579_000.jpg
3211288077;40614;T181;PSP_EXTRATLEITIMPL_200526_0352_20000000015402970255_000.jpg
3171276666;135760;NA;PSP_EXTRATLEITIMPL_200526_0352_00000000000211734196_000.jpg
3230419514;22940;NA;PSP_EXTRATLEITIMPL_200526_0352_20000000016552962794_000.jpg
3170704575;1114;NA;PSP_EXTRATLEITIMPL_200526_0352_20000000001002942937_000.jpg
3242770012;6171;T181;PSP_EXTRATLEITIMPL_200526_0352_20000000005802973672_000.jpg
3204789818;9761;NA;PSP_EXTRATLEITIMPL_200526_0352_20000000009102964680_000.jpg
3170917560;6097;NA;PSP_EXTRATLEITIMPL_200526_0352_20000000000252964962_000.jpg
3171290553;67785;NA;PSP_EXTRATLEITIMPL_200526_0352_20000000014052977527_000.jpg
3171291347;150059;NA;PSP_EXTRATLEITIMPL_200526_0352_20000000011502968803_000.jpg
3171302853;20973;NA;PSP_EXTRATLEITIMPL_200526_0352_20000000000202942934_000.jpg
3171482479;37805;NA;PSP_EXTRATLEITIMPL_200526_0352_20000000011102966480_000.jpg
3210677169;4170;NA;PSP_EXTRATLEITIMPL_200526_0352_20000000004752996476_000.jpg
3191159208;15295;NA;PSP_EXTRATLEITIMPL_200526_0352_20000000002202976439_000.jpg
3203776429;23385;T181;PSP_EXTRATLEITIMPL_200526_0352_20000000000152976240_000.jpg
3171039516;6039;NA;PSP_EXTRATLEITIMPL_200526_0352_20000000016402968535_000.jpg
3171303825;27162;NA;PSP_EXTRATLEITIMPL_200526_0352_20000000016102964230_000.jpg
3171489937;48283;NA;PSP_EXTRATLEITIMPL_200526_0352_20000000010602973130_000.jpg
3171694930;5235;NA;PSP_EXTRATLEITIMPL_200526_0352_20000000005902981438_000.jpg
3211379536;0;NA;NA
3171389029;22255;NA;PSP_EXTRATLEITIMPL_200526_0352_20000000018802952930_000.jpg
3171280647;52977;NA;PSP_EXTRATLEITIMPL_200526_0352_20000000008802952969_000.jpg
3223015050;10;P111;PSP_EXTRATLEITIMPL_200526_0352_20000000014602970854_000.jpg
3221276972;5;P111;PSP_EXTRATLEITIMPL_200526_0352_20000000018252970733_000.jpg
3182708363;33393;NA;NA
3223291090;64710;T181;PSP_EXTRATLEITIMPL_200526_0352_20000000001302986411_000.jpg
5257433180/3171623510;832;NA;NA
3201343045;2332;NA;PSP_EXTRATLEITIMPL_200526_0352_20000000011602960710_000.jpg
3171983419;741;NA;PSP_EXTRATLEITIMPL_200526_0352_20000000013952947944_000.jpg
3204277434;26764;T181;PSP_EXTRATLEITIMPL_200526_0352_20000000009952955724_000.jpg
3203908090;67341;T181;PSP_EXTRATLEITIMPL_200526_0352_20000000004752981957_000.jpg
3172142590;39049;NA;PSP_EXTRATLEITIMPL_200526_0352_20000000012002949975_000.jpg
3180501869;22740;T181;PSP_EXTRATLEITIMPL_200526_0352_20000000013602965735_000.jpg
3193428044;21535;NA;PSP_EXTRATLEITIMPL_200526_0352_20000000007352978626_000.jpg
3171597578;6251;NA;PSP_EXTRATLEITIMPL_200526_0352_20000000007402971743_000.jpg
3171755858;28835;NA;PSP_EXTRATLEITIMPL_200526_0352_20000000009402968111_000.jpg
3132143403;19636;NA;NA
3214252537/3152632737;293;NA;NA
3171964783;1680;B111;PSP_EXTRATLEITIMPL_200526_0352_20000000007402979229_000.jpg
3200313550;1965;NA;PSP_EXTRATLEITIMPL_200526_0352_20000000015752966577_000.jpg
3172247635;12065;NA;PSP_EXTRATLEITIMPL_200526_0352_20000000008802970598_000.jpg
3171878399;4468;NA;PSP_EXTRATLEITIMPL_200526_0352_20000000011852962869_000.jpg
3172263029;9389;NA;PSP_EXTRATLEITIMPL_200526_0352_20000000003302990513_000.jpg
3171253739;80120;NA;PSP_EXTRATLEITIMPL_200526_0352_20000000014502972347_000.jpg
3172137279;20801;NA;PSP_EXTRATLEITIMPL_200526_0352_20000000012652956893_000.jpg
3212589151;51600;T181;PSP_EXTRATLEITIMPL_200526_0352_20000000005052976990_000.jpg
3212588619;11748;T181;PSP_EXTRATLEITIMPL_200526_0352_20000000016552978216_000.jpg
3201067366;54616;NA;PSP_EXTRATLEITIMPL_200526_0352_20000000014752958806_000.jpg
3171371820;972495;NA;NA
3172595730;3912;NA;PSP_EXTRATLEITIMPL_200526_0352_20000000018002977887_000.jpg
3170264052;56721;NA;PSP_EXTRATLEITIMPL_200526_0352_20000000018402983238_000.jpg
3243212285;1309;NA;PSP_EXTRATLEITIMPL_200526_0352_20000000013152975376_000.jpg
3232703325;4991;NA;PSP_EXTRATLEITIMPL_200526_0352_20000000015502975005_000.jpg
3171706601;207914;NA;PSP_EXTRATLEITIMPL_200526_0352_20000000017902988048_000.jpg
3171706598;254816;NA;PSP_EXTRATLEITIMPL_200526_0352_20000000000352963885_000.jpg
3153214270;5231;NA;PSP_EXTRATLEITIMPL_200526_0352_20000000003252993629_000.jpg
3223331644;15320;T181;PSP_EXTRATLEITIMPL_200526_0352_20000000019552987711_000.jpg
3172501590;12164;M101;PSP_EXTRATLEITIMPL_200526_0352_20000000003253006005_000.jpg
3223337537;47079;T181;PSP_EXTRATLEITIMPL_200526_0352_20000000003452970759_000.jpg
3171249626;55051;NA;PSP_EXTRATLEITIMPL_200526_0352_20000000012352959679_000.jpg
3212652708;20157;NA;PSP_EXTRATLEITIMPL_200526_0352_20000000008802980093_000.jpg
3172522946;15;P111;PSP_EXTRATLEITIMPL_200526_0352_20000000002852980399_000.jpg
3180491081;130962;NA;PSP_EXTRATLEITIMPL_200526_0352_20000000004202980909_000.jpg
3171248816;59717;NA;PSP_EXTRATLEITIMPL_200526_0352_20000000018452960894_000.jpg
3171245256;59464;NA;PSP_EXTRATLEITIMPL_200526_0352_20000000013902973589_000.jpg
3160378750;67137;NA;PSP_EXTRATLEITIMPL_200526_0352_20000000004402977621_000.jpg
3171283050;71489;NA;PSP_EXTRATLEITIMPL_200526_0352_20000000009002976584_000.jpg
3213897445;0;P111;PSP_EXTRATLEITIMPL_200526_0352_20000000012652978256_000.jpg
3220360210;18943;T181;PSP_EXTRATLEITIMPL_200526_0352_20000000000902979163_000.jpg
3180115152;46418;NA;PSP_EXTRATLEITIMPL_200526_0352_20000000004953006250_000.jpg
3211349025;3343;P111;NA
6250632787/3225145805;6420;NA;PSP_EXTRATLEITIMPL_200526_0352_20000000003802979735_000.jpg
3171208830;21046;NA;PSP_EXTRATLEITIMPL_200526_0352_20000000003502987608_000.jpg
5255963548/3180652646;2470;NA;PSP_EXTRATLEITIMPL_200526_0352_20000000002552966890_000.jpg
3180675298;949;NA;PSP_EXTRATLEITIMPL_200526_0352_20000000014602977692_003.jpg
70378205;3693;NA;PSP_EXTRATLEITIMPL_200526_0352_20000000018702983401_000.jpg
3160416750;17889;NA;PSP_EXTRATLEITIMPL_200526_0352_20000000005602939892_000.jpg
3230220203;21271;NA;PSP_EXTRATLEITIMPL_200526_0352_20000000019452976780_000.jpg
3242540580;9451;T181;PSP_EXTRATLEITIMPL_200526_0352_20000000006452972854_000.jpg
3171378680;22342;NA;PSP_EXTRATLEITIMPL_200526_0352_20000000003802966974_000.jpg
3243976250;5599;NA;PSP_EXTRATLEITIMPL_200526_0352_20000000005402987659_000.jpg
3243994917/3220691321;5165;NA;PSP_EXTRATLEITIMPL_200526_0352_20000000005552959899_000.jpg
3242591932;5468;T181;PSP_EXTRATLEITIMPL_200526_0352_20000000006752984243_000.jpg
5252534514/3180951465;1058;NA;NA
3220054232;3810;NA;NA
3171796112;44884;NA;PSP_EXTRATLEITIMPL_200526_0352_20000000015052954760_000.jpg
3220343226;26696;T181;NA
3180989616;10601;NA;PSP_EXTRATLEITIMPL_200526_0352_20000000013952966440_000.jpg
3221530062;43698;NA;PSP_EXTRATLEITIMPL_200526_0352_20000000012402968535_000.jpg
3241629251;8370;T181;PSP_EXTRATLEITIMPL_200526_0352_20000000008302983137_000.jpg
3222743779;13464;T181;PSP_EXTRATLEITIMPL_200526_0352_20000000018402972743_000.jpg
3241049735;8219;T181;PSP_EXTRATLEITIMPL_200526_0352_20000000005352981716_000.jpg
3242436031;16872;NA;PSP_EXTRATLEITIMPL_200526_0352_20000000009602980428_000.jpg
3203938534;22781;T181;PSP_EXTRATLEITIMPL_200526_0352_20000000010102967563_000.jpg
3225022975;57897;NA;PSP_EXTRATLEITIMPL_200526_0352_20000000012602959937_000.jpg
3132629500;87877;NA;PSP_EXTRATLEITIMPL_200526_0352_20000000003002988091_000.jpg
3244291561/3141466592;3275;T181;PSP_EXTRATLEITIMPL_200526_0352_20000000005752964788_000.jpg
3180936008;20095;NA;PSP_EXTRATLEITIMPL_200526_0352_20000000006902975559_000.jpg
3233257434;5758;L101;PSP_EXTRATLEITIMPL_200526_0352_20000000016952987578_000.jpg
3212723818;42603;T181;PSP_EXTRATLEITIMPL_200526_0352_20000000003702991014_000.jpg
5257559442/3153399670;117;NA;PSP_EXTRATLEITIMPL_200526_0352_20000000013652952976_000.jpg
3180792740;21412;T111;PSP_EXTRATLEITIMPL_200526_0352_20000000011702965636_000.jpg
3223288803;9646;T181;PSP_EXTRATLEITIMPL_200526_0352_20000000009402966366_000.jpg
3181328516;30285;NA;PSP_EXTRATLEITIMPL_200526_0352_20000000005502992051_000.jpg
3181236301;74470;NA;PSP_EXTRATLEITIMPL_200526_0352_20000000001202970767_000.jpg
3153198364;34458;NA;PSP_EXTRATLEITIMPL_200526_0352_20000000008452963675_000.jpg
3241576115;6888;T181;PSP_EXTRATLEITIMPL_200526_0352_20000000016802983774_000.jpg
3192208164;84332;T181;PSP_EXTRATLEITIMPL_200526_0352_20000000009552964703_000.jpg
3192432854;2695;NA;NA
3181863705;11976;NA;PSP_EXTRATLEITIMPL_200526_0352_20000000016502965469_000.jpg
3245153162/3181062680;4113;NA;PSP_EXTRATLEITIMPL_200526_0352_20000000016202968466_000.jpg
3121637781;30442;NA;PSP_EXTRATLEITIMPL_200526_0352_20000000007252984551_000.jpg
3181048505;30135;NA;NA
3180490450;113830;NA;PSP_EXTRATLEITIMPL_200526_0352_20000000006452990143_000.jpg
3230868351;103;NA;PSP_EXTRATLEITIMPL_200526_0352_20000000008102987341_000.jpg
3182010552;15591;NA;NA
3181035004;39850;NA;PSP_EXTRATLEITIMPL_200526_0352_20000000018452987029_000.jpg
3182205841;2029;T111;PSP_EXTRATLEITIMPL_200526_0352_20000000012552969595_000.jpg
3181898703;13716;NA;PSP_EXTRATLEITIMPL_200526_0352_20000000013052970509_000.jpg
3211550820;345685;NA;PSP_EXTRATLEITIMPL_200526_0352_20000000009852979542_000.jpg
3212570060;35590;T181;NA
3243263831;43711;NA;NA
3181598394;24653;NA;PSP_EXTRATLEITIMPL_200526_0352_20000000016952979744_000.jpg
3131816668;44729;NA;PSP_EXTRATLEITIMPL_200526_0352_20000000016802994253_000.jpg
3223281078;7849;T181;PSP_EXTRATLEITIMPL_200526_0352_20000000006152985389_000.jpg
5257128018/3131509765;21448;L101;PSP_EXTRATLEITIMPL_200526_0352_20000000016252963746_000.jpg
6250629816/3223841146;4033;NA;PSP_EXTRATLEITIMPL_200526_0352_20000000018502962945_000.jpg
3183031537;49206;NA;NA
3140487502;7850;NA;PSP_EXTRATLEITIMPL_200526_0352_20000000007352989008_000.jpg
3222478480;37550;T181;PSP_EXTRATLEITIMPL_200526_0352_20000000017152985880_000.jpg
3242370448;7084;T181;PSP_EXTRATLEITIMPL_200526_0352_20000000002252983578_000.jpg
3194029038;48176;T181;PSP_EXTRATLEITIMPL_200526_0352_20000000003102978960_000.jpg
3171471469;3248;NA;PSP_EXTRATLEITIMPL_200526_0352_20000000018352971757_000.jpg
80462840;14144;NA;PSP_EXTRATLEITIMPL_200526_0352_20000000002752973898_000.jpg
3182335362;3091;NA;PSP_EXTRATLEITIMPL_200526_0352_20000000011852965729_000.jpg
3191061712;9470;L101;PSP_EXTRATLEITIMPL_200526_0352_20000000016602980936_000.jpg
3221845284;13431;NA;NA
3183182748;9454;NA;PSP_EXTRATLEITIMPL_200526_0352_20000000003802980735_000.jpg
3190073539;1;NA;PSP_EXTRATLEITIMPL_200526_0352_20000000010402958620_000.jpg
3190320650;4086;NA;PSP_EXTRATLEITIMPL_200526_0352_20000000000502967310_000.jpg
3190536148;9875;NA;PSP_EXTRATLEITIMPL_200526_0352_20000000011452954911_000.jpg
3180674500;4457;NA;PSP_EXTRATLEITIMPL_200526_0352_20000000004852991922_002.jpg
3190599409;5194;NA;PSP_EXTRATLEITIMPL_200526_0352_20000000019202978625_000.jpg
3211099606;135;P111;NA
3211165056;17425;T181;PSP_EXTRATLEITIMPL_200526_0352_20000000003252994547_000.jpg
3212659141;16482;NA;PSP_EXTRATLEITIMPL_200526_0352_20000000006902975561_000.jpg
3183664653;51780;L101;PSP_EXTRATLEITIMPL_200526_0352_20000000014802983332_000.jpg
3183683526;4931;NA;NA
3225345545;32636;L131;NA
3183314326;18267;T111;PSP_EXTRATLEITIMPL_200526_0352_20000000006352964990_000.jpg
3190551937;624;NA;PSP_EXTRATLEITIMPL_200526_0352_20000000006952985331_000.jpg
80462859;2161;NA;PSP_EXTRATLEITIMPL_200526_0352_20000000000452959796_000.jpg
3190372188;117265;NA;PSP_EXTRATLEITIMPL_200526_0352_20000000015452978018_000.jpg
3190375047;68187;NA;PSP_EXTRATLEITIMPL_200526_0352_20000000007052974857_000.jpg
3190283797;1706;NA;PSP_EXTRATLEITIMPL_200526_0352_20000000009702962686_000.jpg
3183640363;235085;NA;NA
3244235637/3191400908;4474;T181;PSP_EXTRATLEITIMPL_200526_0352_20000000007302957962_000.jpg
3183574883;6087;T111;PSP_EXTRATLEITIMPL_200526_0352_20000000013502968681_000.jpg
3221326422;33610;T111;PSP_EXTRATLEITIMPL_200526_0352_20000000015602983136_000.jpg
3183550070;4378;NA;PSP_EXTRATLEITIMPL_200526_0352_20000000016302951957_000.jpg
3211158009;29482;T181;NA
3190577944;4890;NA;PSP_EXTRATLEITIMPL_200526_0352_20000000012752971262_000.jpg
3191018876;26891;NA;PSP_EXTRATLEITIMPL_200526_0352_20000000011952974184_000.jpg
3183357424;7296;NA;PSP_EXTRATLEITIMPL_200526_0352_20000000017602980118_000.jpg
3242533800/3194019539;541;P111;PSP_EXTRATLEITIMPL_200526_0352_20000000000252972924_000.jpg
3212549087;19942;T181;NA
3190264598;83;P111;PSP_EXTRATLEITIMPL_200526_0352_20000000003652983775_000.jpg
3192382172;7642;NA;NA
3200455494;29739;T181;PSP_EXTRATLEITIMPL_200526_0352_20000000005852955962_000.jpg
3232112912;113;NA;PSP_EXTRATLEITIMPL_200526_0352_20000000010002971725_000.jpg
3181699905;19365;T181;PSP_EXTRATLEITIMPL_200526_0352_20000000010552968712_000.jpg
3220294942;18982;T181;PSP_EXTRATLEITIMPL_200526_0352_20000000005352967957_000.jpg
3182539952;23530;NA;PSP_EXTRATLEITIMPL_200526_0352_20000000013702975237_000.jpg
3191056050;30157;NA;PSP_EXTRATLEITIMPL_200526_0352_20000000017802989552_000.jpg
3241077356;6363;T181;PSP_EXTRATLEITIMPL_200526_0352_20000000019552993469_000.jpg
3220340006;15006;T181;PSP_EXTRATLEITIMPL_200526_0352_20000000017802983819_000.jpg
3182542228;1186;NA;PSP_EXTRATLEITIMPL_200526_0352_20000000015252982603_000.jpg
3191089587;21965;NA;PSP_EXTRATLEITIMPL_200526_0352_20000000017502985412_000.jpg
3220395307;13351;NA;PSP_EXTRATLEITIMPL_200526_0352_20000000011302960841_000.jpg
3241054941;9140;T181;PSP_EXTRATLEITIMPL_200526_0352_20000000000102952915_000.jpg
3194023765;39634;T181;PSP_EXTRATLEITIMPL_200526_0352_20000000003652972863_000.jpg
3183483535;24389;NA;PSP_EXTRATLEITIMPL_200526_0352_20000000001803002250_000.jpg
3211150857;29901;T181;PSP_EXTRATLEITIMPL_200526_0352_20000000012552953873_000.jpg
3182855935;19592;NA;NA
3191090348;14159;NA;PSP_EXTRATLEITIMPL_200526_0352_20000000006302982574_000.jpg
3191609351;47882;NA;PSP_EXTRATLEITIMPL_200526_0352_20000000015952971317_000.jpg
3182540497;15747;NA;NA
3203908236;49046;T181;NA
3191510720;4151;NA;NA
3211128185;42865;T181;PSP_EXTRATLEITIMPL_200526_0352_20000000017852980903_000.jpg
3191327569;752;P111;PSP_EXTRATLEITIMPL_200526_0352_20000000017502976872_000.jpg
3192168120;27247;NA;PSP_EXTRATLEITIMPL_200526_0352_20000000012002965703_000.jpg
3191743856;10799;NA;PSP_EXTRATLEITIMPL_200526_0352_20000000001752985343_000.jpg
3191902326;17;P111;PSP_EXTRATLEITIMPL_200526_0352_20000000019752975584_000.jpg
3192188520;51583;NA;PSP_EXTRATLEITIMPL_200526_0352_20000000006602974829_000.jpg
3193960285;9050;NA;PSP_EXTRATLEITIMPL_200526_0352_20000000011502968805_000.jpg
3243656752/3190930482;2791;NA;PSP_EXTRATLEITIMPL_200526_0352_20000000006902979328_000.jpg
3190997617;6152;T111;PSP_EXTRATLEITIMPL_200526_0352_00000000000211761428_000.jpg
3194032012;266916;T181;PSP_EXTRATLEITIMPL_200526_0352_20000000005102997627_000.jpg
3191917765;13862;NA;NA
3192474913;62175;NA;PSP_EXTRATLEITIMPL_200526_0352_20000000008552953862_000.jpg
3191295470;9893;NA;NA
3192165759;87090;L101;PSP_EXTRATLEITIMPL_200526_0352_20000000002052978933_000.jpg
3220871273;5852;NA;NA
3192435357;9329;NA;NA
3200447742;17709;T181;PSP_EXTRATLEITIMPL_200526_0352_20000000004803002074_000.jpg
3220324337;731;T181;PSP_EXTRATLEITIMPL_200526_0352_20000000001652987289_000.jpg
3192451344;12799;NA;PSP_EXTRATLEITIMPL_200526_0352_20000000009202967840_000.jpg
3245182707/3161522588;4036;NA;PSP_EXTRATLEITIMPL_200526_0352_20000000011202972661_000.jpg
3201554844;2201;NA;NA
3191306200;19333;NA;NA
3212543518;29146;T181;PSP_EXTRATLEITIMPL_200526_0352_20000000009752979239_000.jpg
70773490;31439;NA;PSP_EXTRATLEITIMPL_200526_0352_20000000019402984525_000.jpg
3181593724;12600;NA;PSP_EXTRATLEITIMPL_200526_0352_20000000019552988655_000.jpg
3211157428;11371;T181;PSP_EXTRATLEITIMPL_200526_0352_20000000011852977143_000.jpg
3192645599;14536;NA;PSP_EXTRATLEITIMPL_200526_0352_20000000007852980488_000.jpg
3223300560;22088;T181;PSP_EXTRATLEITIMPL_200526_0352_20000000017102977795_000.jpg
3192693461;15679;NA;PSP_EXTRATLEITIMPL_200526_0352_20000000006902971723_000.jpg
5256981345/3192450925;10832;NA;PSP_EXTRATLEITIMPL_200526_0352_20000000003352972256_000.jpg
3241117749;355;P111;PSP_EXTRATLEITIMPL_200526_0352_20000000015952973170_000.jpg
3243426064/3245165446/3243426064/3193245071;36355;NA;NA
3223333060;12537;T181;PSP_EXTRATLEITIMPL_200526_0352_20000000000002986694_000.jpg
3211147252;17494;T181;PSP_EXTRATLEITIMPL_200526_0352_20000000019152988199_000.jpg
3220273791;74998;T181;PSP_EXTRATLEITIMPL_200526_0352_20000000009252960852_000.jpg
3172739040;12590;NA;NA
3192466724;790;NA;PSP_EXTRATLEITIMPL_200526_0352_20000000004953008136_000.jpg
3212585113;5528;T181;PSP_EXTRATLEITIMPL_200526_0352_20000000018902980706_000.jpg
3161603022;36;P111;PSP_EXTRATLEITIMPL_200526_0352_20000000000802973255_000.jpg
3193273210;1763;NA;PSP_EXTRATLEITIMPL_200526_0352_20000000001102951927_001.jpg
3192863367;8493;NA;PSP_EXTRATLEITIMPL_200526_0352_20000000014152948978_000.jpg
3193092437;3897;NA;PSP_EXTRATLEITIMPL_200526_0352_20000000014502971450_000.jpg
3211287640;81845;T181;NA
3193224520;105040;NA;PSP_EXTRATLEITIMPL_200526_0352_20000000016702989774_000.jpg
3241048780;8074;T181;PSP_EXTRATLEITIMPL_200526_0352_20000000001552967981_000.jpg
3181688229;337851;T181;PSP_EXTRATLEITIMPL_200526_0352_20000000015402971162_000.jpg
3224114590;1560;NA;PSP_EXTRATLEITIMPL_200526_0352_20000000011752953842_000.jpg
3193261425;56899;NA;PSP_EXTRATLEITIMPL_200526_0352_20000000014052977530_000.jpg
3223307115;25477;T181;PSP_EXTRATLEITIMPL_200526_0352_20000000011952945968_000.jpg
3204276705;16029;T181;PSP_EXTRATLEITIMPL_200526_0352_20000000012052984126_000.jpg
3193257770;4128;NA;PSP_EXTRATLEITIMPL_200526_0352_20000000015802958440_000.jpg
3193410870;27289;NA;PSP_EXTRATLEITIMPL_200526_0352_20000000008152974403_000.jpg
3242346890;29615;T181;PSP_EXTRATLEITIMPL_200526_0352_20000000019452983528_000.jpg
3220270644;22924;T181;PSP_EXTRATLEITIMPL_200526_0352_20000000017302989723_000.jpg
3230555078;6178;NA;NA
3200607545;2764;NA;PSP_EXTRATLEITIMPL_200526_0352_20000000000352972830_000.jpg
3242345710;25087;T181;PSP_EXTRATLEITIMPL_200526_0352_20000000013652979133_000.jpg
3172760243;19947;NA;PSP_EXTRATLEITIMPL_200526_0352_20000000004652987521_000.jpg
3223292975;10932;T181;PSP_EXTRATLEITIMPL_200526_0352_20000000010102956874_000.jpg
3200415530;4437;NA;PSP_EXTRATLEITIMPL_200526_0352_20000000015402969319_000.jpg
3200489658;4453;NA;PSP_EXTRATLEITIMPL_200526_0352_20000000016102939914_000.jpg
3212523924;3253;NA;PSP_EXTRATLEITIMPL_200526_0352_20000000006252964967_000.jpg
3231012922;7665;T181;PSP_EXTRATLEITIMPL_200526_0352_20000000014252962603_000.jpg
3192344700;10983;NA;NA
3203540620;884;NA;PSP_EXTRATLEITIMPL_200526_0352_20000000010802965597_000.jpg
3200961098;20970;NA;PSP_EXTRATLEITIMPL_200526_0352_20000000015702959758_000.jpg
3223304760;8833;T181;PSP_EXTRATLEITIMPL_200526_0352_20000000012502977624_000.jpg
5257974431/3212691142;3398;T181;PSP_EXTRATLEITIMPL_200526_0352_20000000000152973324_000.jpg
3201637375;15372;NA;PSP_EXTRATLEITIMPL_200526_0352_20000000016302966763_000.jpg
3242275500;118604;T181;PSP_EXTRATLEITIMPL_200526_0352_20000000008152974404_000.jpg
3212257469;4549;NA;PSP_EXTRATLEITIMPL_200526_0352_20000000010452951871_000.jpg
3203493850;665;NA;PSP_EXTRATLEITIMPL_200526_0352_20000000002352973753_000.jpg
3151125408;26138;NA;PSP_EXTRATLEITIMPL_200526_0352_20000000017152970952_000.jpg
3222755882;22497;T181;NA
3241543144;34995;T181;PSP_EXTRATLEITIMPL_200526_0352_20000000002252990189_000.jpg
3201165767;1720;NA;PSP_EXTRATLEITIMPL_200526_0352_20000000000252984605_000.jpg
3221850024;10049;NA;PSP_EXTRATLEITIMPL_200526_0352_20000000001852981666_000.jpg
3204262704;19628;T181;PSP_EXTRATLEITIMPL_200526_0352_20000000002302990174_000.jpg
3201077655;41920;NA;PSP_EXTRATLEITIMPL_200526_0352_20000000001602989357_000.jpg
3204025575;35984;NA;PSP_EXTRATLEITIMPL_200526_0352_20000000014002958804_000.jpg
3201180464;15384;NA;PSP_EXTRATLEITIMPL_200526_0352_20000000008452958784_000.jpg
3201168146;4596;NA;PSP_EXTRATLEITIMPL_200526_0352_20000000016002958792_000.jpg
3201192608;4203;NA;PSP_EXTRATLEITIMPL_200526_0352_20000000018702971883_000.jpg
3242302043/3201122910;1769;T181;PSP_EXTRATLEITIMPL_200526_0352_20000000003152985575_000.jpg
3201654644;39076;NA;PSP_EXTRATLEITIMPL_200526_0352_20000000006502982792_000.jpg
3203907647;105077;T181;PSP_EXTRATLEITIMPL_200526_0352_20000000016202955864_000.jpg
3205149294;15775;NA;PSP_EXTRATLEITIMPL_200526_0352_20000000013102976624_000.jpg
3203914074;36940;T181;PSP_EXTRATLEITIMPL_200526_0352_20000000014652970592_000.jpg
3211247273;20057;NA;PSP_EXTRATLEITIMPL_200526_0352_20000000002102977633_000.jpg
3204868556;14167;NA;PSP_EXTRATLEITIMPL_200526_0352_20000000010702983363_000.jpg
3223233669;342570;L131;PSP_EXTRATLEITIMPL_200526_0352_20000000008752961818_000.jpg
3205357784;514;L101;NA
3201406438;2951;NA;PSP_EXTRATLEITIMPL_200526_0352_20000000001202980340_000.jpg
6250629832/3201489651;3422;NA;PSP_EXTRATLEITIMPL_200526_0352_20000000004753001261_000.jpg
3211125100;24188;T181;PSP_EXTRATLEITIMPL_200526_0352_20000000010302959921_000.jpg
3192437066;59947;NA;NA
3203879252;158303;NA;NA
3243802074/3242540939/3204606730;14451;T181;PSP_EXTRATLEITIMPL_200526_0352_20000000010802950878_000.jpg
3223314731;17321;T181;NA
3150458870;97969;NA;PSP_EXTRATLEITIMPL_200526_0352_20000000001102970505_000.jpg
3211328133;137866;NA;NA
3211508948;54129;NA;PSP_EXTRATLEITIMPL_200526_0352_20000000016002963671_000.jpg
3205289819;7185;T111;PSP_EXTRATLEITIMPL_200526_0352_20000000005452979306_000.jpg
3220277282;25993;T181;PSP_EXTRATLEITIMPL_200526_0352_20000000001002952859_000.jpg
3214294817;22024;T181;PSP_EXTRATLEITIMPL_200526_0352_20000000003552972939_000.jpg
3210468128;38459;NA;PSP_EXTRATLEITIMPL_200526_0352_20000000006902958913_000.jpg
3211524765;36873;NA;PSP_EXTRATLEITIMPL_200526_0352_20000000009602972720_000.jpg
3220265110;31833;T181;PSP_EXTRATLEITIMPL_200526_0352_20000000011652980253_000.jpg
3210115608;4300;NA;PSP_EXTRATLEITIMPL_200526_0352_20000000011802970824_000.jpg
5250008181;181;NA;PSP_EXTRATLEITIMPL_200526_0352_20000000003852973759_000.jpg
3211017340;148;T181;PSP_EXTRATLEITIMPL_200526_0352_20000000018852964952_000.jpg
6251378620/3210653456;107;NA;PSP_EXTRATLEITIMPL_200526_0352_20000000019502960882_000.jpg
3211534116;25626;NA;PSP_EXTRATLEITIMPL_200526_0352_20000000002102973788_000.jpg
3212477280;162743;NA;PSP_EXTRATLEITIMPL_200526_0352_20000000016152960865_000.jpg
3212729808;82364;T181;PSP_EXTRATLEITIMPL_200526_0352_20000000015402955885_000.jpg
3242351842;8792;T181;PSP_EXTRATLEITIMPL_200526_0352_20000000000002995153_000.jpg
3212833966;5061;NA;PSP_EXTRATLEITIMPL_200526_0352_20000000001202972759_000.jpg
3212288739;7472;NA;NA
3242341529;5832;T181;PSP_EXTRATLEITIMPL_200526_0352_20000000011052956856_000.jpg
3203774183;27319;T181;PSP_EXTRATLEITIMPL_200526_0352_20000000004202998104_000.jpg
3232899858;29404;NA;PSP_EXTRATLEITIMPL_200526_0352_20000000007202991026_000.jpg
3192391775;0;NA;NA
3211548265;62827;NA;PSP_EXTRATLEITIMPL_200526_0352_20000000011502967835_000.jpg
3201503492;35297;NA;PSP_EXTRATLEITIMPL_200526_0352_20000000017902988050_000.jpg
3213532552;2371;NA;PSP_EXTRATLEITIMPL_200526_0352_20000000001952997003_000.jpg
3213458557;7894;T181;PSP_EXTRATLEITIMPL_200526_0352_20000000019352988587_000.jpg
3172772896;12638;NA;NA
3214129611;6951;NA;NA
3213155627;6282;NA;PSP_EXTRATLEITIMPL_200526_0352_20000000010602961730_000.jpg
3214290005;15747;T181;NA
3213869190;6366;NA;PSP_EXTRATLEITIMPL_200526_0352_20000000010002977505_000.jpg
3221971948;43000;NA;PSP_EXTRATLEITIMPL_200526_0352_20000000004253001242_000.jpg
3223379884;17379;T181;PSP_EXTRATLEITIMPL_200526_0352_20000000013502961848_000.jpg
3244347524/3220465070;44860;NA;PSP_EXTRATLEITIMPL_200526_0352_20000000007252972845_000.jpg
3220248363;49200;T181;PSP_EXTRATLEITIMPL_200526_0352_20000000002752990265_000.jpg
3221739956;8142;NA;PSP_EXTRATLEITIMPL_200526_0352_20000000011002965856_000.jpg
3220451991;530230;NA;NA
5256519676/3222662353;3439;T181;PSP_EXTRATLEITIMPL_200526_0352_20000000010802971342_000.jpg
3231108008;23736;T181;NA
3223388263;14175;T181;PSP_EXTRATLEITIMPL_200526_0352_20000000017602971619_000.jpg
3222546183;1366;NA;PSP_EXTRATLEITIMPL_200526_0352_20000000015352982358_000.jpg
3224486544;3280;NA;PSP_EXTRATLEITIMPL_200526_0352_20000000012902964741_000.jpg
3230475457;5418;NA;PSP_EXTRATLEITIMPL_200526_0352_20000000007352972821_000.jpg
3224370830;8786;NA;PSP_EXTRATLEITIMPL_200526_0352_20000000000702943882_000.jpg
3220233463;78;T181;PSP_EXTRATLEITIMPL_200526_0352_20000000015552952785_000.jpg
5260375166/3224490916;824;NA;PSP_EXTRATLEITIMPL_200526_0352_20000000015752971356_000.jpg
3223950034;8071;NA;NA
3244734013/3243990938/3223734765;5688;NA;NA
3244561437;3047;NA;PSP_EXTRATLEITIMPL_200526_0352_20000000000552973042_000.jpg
3223011283;2727;NA;PSP_EXTRATLEITIMPL_200526_0352_20000000004902975780_000.jpg
3224175034;7531;NA;PSP_EXTRATLEITIMPL_200526_0352_20000000006852989680_000.jpg
3224231988;508;T111;PSP_EXTRATLEITIMPL_200526_0352_20000000011152977091_000.jpg
3231427197;1614;NA;PSP_EXTRATLEITIMPL_200526_0352_20000000003102995298_000.jpg
6251189941/3222720647;0;NA;NA
3230343038;2503;NA;NA
3223246612;42676;NA;PSP_EXTRATLEITIMPL_200526_0352_20000000018902991047_000.jpg
3211494394;0;NA;NA
3223318290;11592;T181;PSP_EXTRATLEITIMPL_200526_0352_20000000005752979040_000.jpg
3212522057;81024;NA;PSP_EXTRATLEITIMPL_200526_0352_20000000003202986624_000.jpg
3230488303;249;NA;PSP_EXTRATLEITIMPL_200526_0352_20000000019952992017_000.jpg
3214193042;21514;NA;PSP_EXTRATLEITIMPL_200526_0352_20000000005202992577_000.jpg
3243866773/3221278215;1316;NA;PSP_EXTRATLEITIMPL_200526_0352_20000000013552976042_000.jpg
3225469309;3;NA;PSP_EXTRATLEITIMPL_200526_0352_20000000001102961897_000.jpg
3224886836;4305;NA;PSP_EXTRATLEITIMPL_200526_0352_20000000013652962818_000.jpg
3220416568;13575;NA;PSP_EXTRATLEITIMPL_200526_0352_20000000009052945986_000.jpg
3230416752;14216;NA;PSP_EXTRATLEITIMPL_200526_0352_20000000000652953882_000.jpg
3230180139;3126;NA;NA
3224096193;12306;T181;PSP_EXTRATLEITIMPL_200526_0352_20000000005802978458_000.jpg
3223472019;413;NA;PSP_EXTRATLEITIMPL_200526_0352_20000000007802964906_000.jpg
3221134892;3606;NA;PSP_EXTRATLEITIMPL_200526_0352_20000000018502985063_000.jpg
3230864143;5540;NA;PSP_EXTRATLEITIMPL_200526_0352_20000000013652969721_000.jpg
3225173272;14380;NA;NA
3220023043;0;NA;NA
3223273016;23;NA;NA
3231554598;4974;NA;PSP_EXTRATLEITIMPL_200526_0352_20000000005852962945_000.jpg
3223291464;12467;NA;PSP_EXTRATLEITIMPL_200526_0352_20000000010252963417_000.jpg
3242770268;7023;T181;PSP_EXTRATLEITIMPL_200526_0352_20000000016402974113_000.jpg
3231019986;1878;T181;PSP_EXTRATLEITIMPL_200526_0352_20000000013102971757_000.jpg
3231372813;6407;NA;PSP_EXTRATLEITIMPL_200526_0352_20000000007402957921_000.jpg
3231435408;3291;NA;PSP_EXTRATLEITIMPL_200526_0352_20000000013352956872_000.jpg
3230591112;427;NA;PSP_EXTRATLEITIMPL_200526_0352_20000000012352963667_000.jpg
3231448950;10423;L101;PSP_EXTRATLEITIMPL_200526_0352_20000000004302990134_000.jpg
5256748330/3232250843;4117;T181;PSP_EXTRATLEITIMPL_200526_0352_20000000016603001283_000.jpg
3231914985;3144;NA;PSP_EXTRATLEITIMPL_200526_0352_20000000019052984109_001.jpg
3212582084;5765;T181;PSP_EXTRATLEITIMPL_200526_0352_20000000004402965983_000.jpg
3232199392;99999;P111;PSP_EXTRATLEITIMPL_200526_0352_20000000008252955876_000.jpg
3233462429;8863;NA;PSP_EXTRATLEITIMPL_200526_0352_20000000007402977399_000.jpg
6251191164/6251148870/3232955936;7;T181;PSP_EXTRATLEITIMPL_200526_0352_20000000017002996680_000.jpg
3232907206;23742;NA;PSP_EXTRATLEITIMPL_200526_0352_20000000012102960838_000.jpg
3211379331;0;NA;NA
3241873837;819;NA;PSP_EXTRATLEITIMPL_200526_0352_20000000016152944997_000.jpg
3230620899;99999;NA;PSP_EXTRATLEITIMPL_200526_0352_20000000000902955966_000.jpg
3245104811/3242517023/3233485623;5201;T181;PSP_EXTRATLEITIMPL_200526_0352_20000000018652975977_000.jpg
3242523112;10835;T181;PSP_EXTRATLEITIMPL_200526_0352_20000000004052983874_000.jpg
3242277472;77614;NA;PSP_EXTRATLEITIMPL_200526_0352_20000000016102947840_001.jpg
5257514694/3232627041;3627;NA;PSP_EXTRATLEITIMPL_200526_0352_20000000017952967767_000.jpg
3233307431;11169;NA;PSP_EXTRATLEITIMPL_200526_0352_20000000013152979134_000.jpg
6252231500/3241196460;999999;NA;PSP_EXTRATLEITIMPL_200526_0352_20000000004302965971_000.jpg
3241724980;239;NA;NA
3223316629;10639;T181;PSP_EXTRATLEITIMPL_200526_0352_20000000003602979698_000.jpg
3242346091;23146;NA;PSP_EXTRATLEITIMPL_200526_0352_20000000002602978800_000.jpg
3242955128;0;NA;NA
3241602787;19067;NA;PSP_EXTRATLEITIMPL_200526_0352_20000000015602955924_000.jpg
3233210764;63;P111;PSP_EXTRATLEITIMPL_200526_0352_20000000014002959708_000.jpg
3232556560;1570;NA;PSP_EXTRATLEITIMPL_200526_0352_20000000016102959468_000.jpg
5257186646/3232769687;2108;T181;PSP_EXTRATLEITIMPL_200526_0352_20000000007702985371_000.jpg
3242824880;1043;NA;PSP_EXTRATLEITIMPL_200526_0352_20000000003452961957_000.jpg
3243358174;15574;NA;PSP_EXTRATLEITIMPL_200526_0352_20000000019202963911_000.jpg
3244277089/3242249320;4331;T181;PSP_EXTRATLEITIMPL_200526_0352_20000000007602972616_000.jpg
3244349810;0;NA;PSP_EXTRATLEITIMPL_200526_0352_20000000006002986129_001.jpg
3243073773;526;NA;PSP_EXTRATLEITIMPL_200526_0352_20000000018002972985_000.jpg
3242430840;2054;NA;PSP_EXTRATLEITIMPL_200526_0352_20000000010102965632_000.jpg
3242525220/3244347010;1534;NA;PSP_EXTRATLEITIMPL_200526_0352_20000000014152962568_001.jpg
3243050544;13590;NA;PSP_EXTRATLEITIMPL_200526_0352_20000000016452984357_000.jpg
3244475980;533;NA;PSP_EXTRATLEITIMPL_200526_0352_20000000001552980673_000.jpg
6250994743/3243085550;60;NA;PSP_EXTRATLEITIMPL_200526_0352_20000000000252993134_000.jpg
3244455874;0;NA;NA
3244139832;7488;NA;PSP_EXTRATLEITIMPL_200526_0352_20000000017052979866_000.jpg
3243758253;4321;NA;PSP_EXTRATLEITIMPL_200526_0352_20000000004202984761_000.jpg
3232195745;4;P111;PSP_EXTRATLEITIMPL_200526_0352_20000000005402983774_000.jpg
6251149192/6251152169/3245162773;11819;NA;PSP_EXTRATLEITIMPL_200526_0352_20000000003602962953_000.jpg
5256497060/3244719510;2753;T181;PSP_EXTRATLEITIMPL_200526_0352_20000000015302978879_000.jpg
3244617289;1704;NA;PSP_EXTRATLEITIMPL_200526_0352_20000000005402990475_000.jpg
5256558116/3244927067;1363;T181;PSP_EXTRATLEITIMPL_200526_0352_20000000016952985542_000.jpg
5256718148;251;NA;PSP_EXTRATLEITIMPL_200526_0352_20000000017452988083_000.jpg
3244080404/3220065595;10814;P111;PSP_EXTRATLEITIMPL_200526_0352_20000000002702983545_000.jpg
5250014459;0;NA;NA
3245182871;0;NA;PSP_EXTRATLEITIMPL_200526_0352_20000000019902989568_000.jpg
3243447142;2217;NA;NA
5250014360;0;NA;NA
5250105535;33030;T111;PSP_EXTRATLEITIMPL_200526_0352_20000000003802991138_000.jpg
3244562808/3243449099;783;NA;PSP_EXTRATLEITIMPL_200526_0352_20000000003502998154_000.jpg
3220070807;1175;NA;NA
5256873160/3243636638;2369;NA;PSP_EXTRATLEITIMPL_200526_0352_20000000006502995236_000.jpg
5256495904;532;NA;PSP_EXTRATLEITIMPL_200526_0352_20000000012702954925_000.jpg
5256728097;2099;NA;NA
3245236858;2618;NA;NA
5252537637;1095;NA;NA
5257327924;3;NA;PSP_EXTRATLEITIMPL_200526_0352_20000000001802996502_000.jpg
5256234159;3;NA;PSP_EXTRATLEITIMPL_200526_0352_20000000013552962704_000.jpg
5256875820;1347;NA;PSP_EXTRATLEITIMPL_200526_0352_20000000012502974708_000.jpg
5256968020;2286;NA;PSP_EXTRATLEITIMPL_200526_0352_20000000005152994633_000.jpg
5257759891;99999;NA;NA
6251224305;2054;NA;PSP_EXTRATLEITIMPL_200526_0352_20000000015202969837_000.jpg
5257338926;0;NA;PSP_EXTRATLEITIMPL_200526_0352_20000000001502986112_000.jpg
6251150590;1724;NA;PSP_EXTRATLEITIMPL_200526_0352_20000000015752961720_000.jpg
6251480174;456;NA;NA
6251135051;925;NA;PSP_EXTRATLEITIMPL_200526_0352_20000000018302965939_000.jpg
6251035227/6250923269;0;T181;PSP_EXTRATLEITIMPL_200526_0352_20000000004502973779_000.jpg
6251401363;6021;NA;NA
6251114399;0;NA;PSP_EXTRATLEITIMPL_200526_0352_20000000007602972617_000.jpg
6252003582;99999;NA;PSP_EXTRATLEITIMPL_200526_0352_20000000003552992079_000.jpg
5257998152;1;NA;PSP_EXTRATLEITIMPL_200526_0352_20000000005052999392_000.jpg
6251408937;46;NA;PSP_EXTRATLEITIMPL_200526_0352_20000000019552998259_000.jpg
5257048944;162;NA;NA
5257904611;99999;NA;PSP_EXTRATLEITIMPL_200526_0352_20000000019702962860_000.jpg
5256864616;3462;NA;PSP_EXTRATLEITIMPL_200526_0352_20000000012652963852_000.jpg
5257904336;99999;NA;PSP_EXTRATLEITIMPL_200526_0352_20000000001452980779_000.jpg
6251182467;720;NA;PSP_EXTRATLEITIMPL_200526_0352_20000000015402958763_000.jpg
6251197693;2042;NA;PSP_EXTRATLEITIMPL_200526_0352_20000000000602972136_000.jpg
6252179010;99999;NA;NA
3193440559;241;NA;PSP_EXTRATLEITIMPL_200526_0352_20000000015002961583_001.jpg
3193966585;994;NA;PSP_EXTRATLEITIMPL_200526_0352_20000000013902961896_000.jpg
3241605921;240;NA;NA
3200942786;2348;NA;PSP_EXTRATLEITIMPL_200526_0352_20000000019952972904_000.jpg
3242617273;7051;T181;NA
3202107191;11173;NA;PSP_EXTRATLEITIMPL_200526_0352_20000000014952963482_000.jpg
3220238180;41534;T181;PSP_EXTRATLEITIMPL_200526_0352_20000000007202988263_000.jpg
3193421821;82808;NA;PSP_EXTRATLEITIMPL_200526_0352_20000000005053001244_000.jpg
3192401118;231199;NA;NA
3201662388;10244;NA;PSP_EXTRATLEITIMPL_200526_0352_20000000004702984959_000.jpg
5256705984/3203619501;35183;NA;PSP_EXTRATLEITIMPL_200526_0352_20000000019702979153_000.jpg
3201216361;9763;NA;PSP_EXTRATLEITIMPL_200526_0352_20000000005902982360_000.jpg
3242351028/3230061857;0;NA;PSP_EXTRATLEITIMPL_200526_0352_20000000018852977653_001.jpg
3223332888;10848;T181;PSP_EXTRATLEITIMPL_200526_0352_20000000013002939880_000.jpg
3201512130;65060;NA;PSP_EXTRATLEITIMPL_200526_0352_20000000015252981600_000.jpg
3204212600;11685;NA;NA
3223322599;27699;T181;PSP_EXTRATLEITIMPL_200526_0352_20000000004402975724_000.jpg
3201735067;78155;NA;PSP_EXTRATLEITIMPL_200526_0352_20000000008902973237_000.jpg
3243587866/3211257511;799;NA;PSP_EXTRATLEITIMPL_200526_0352_20000000003253001265_000.jpg
3201688433;194485;NA;PSP_EXTRATLEITIMPL_200526_0352_20000000017303001235_000.jpg
3192435233;3031;NA;NA
5256885915/5256224463/5256885915/3212664315;15345;NA;NA
3201611643;146559;NA;PSP_EXTRATLEITIMPL_200526_0352_20000000005952986011_000.jpg
3192435128;247077;NA;NA
3211524153;93477;NA;PSP_EXTRATLEITIMPL_200526_0352_20000000016702998457_000.jpg
3242395831;6822;T181;PSP_EXTRATLEITIMPL_200526_0352_20000000017652999071_000.jpg
3220398632;971;NA;PSP_EXTRATLEITIMPL_200526_0352_20000000014252958752_001.jpg
3213655999;135563;NA;PSP_EXTRATLEITIMPL_200526_0352_20000000013802961870_000.jpg
3212678782;83130;NA;PSP_EXTRATLEITIMPL_200526_0352_20000000018002992406_000.jpg
3210358276;3415;NA;PSP_EXTRATLEITIMPL_200526_0352_20000000005302990536_000.jpg
5257488049/3212379572;5415;NA;PSP_EXTRATLEITIMPL_200526_0352_20000000003902982055_000.jpg
3211935498;11226;NA;PSP_EXTRATLEITIMPL_200526_0352_20000000007302965851_000.jpg
3242501550;4246;T181;PSP_EXTRATLEITIMPL_200526_0352_20000000015802945817_000.jpg
3231037208/3221354825;4831;T181;NA
5257925848/3211902689;73;NA;PSP_EXTRATLEITIMPL_200526_0352_20000000019802993411_000.jpg
3231137954/3211445873;1868;NA;NA
3212556547;25750;T181;PSP_EXTRATLEITIMPL_200526_0352_20000000008252945970_000.jpg
3212071250;17391;NA;PSP_EXTRATLEITIMPL_200526_0352_20000000007452983038_000.jpg
3223267172;1805;NA;PSP_EXTRATLEITIMPL_200526_0352_20000000016252970532_001.jpg
5257508503/3212062889;147;NA;PSP_EXTRATLEITIMPL_200526_0352_20000000011802963881_000.jpg
3212156492;3938;NA;PSP_EXTRATLEITIMPL_200526_0352_20000000010252947873_000.jpg
3212128391;36620;NA;PSP_EXTRATLEITIMPL_200526_0352_20000000005802972736_000.jpg
3212401535;814571;NA;PSP_EXTRATLEITIMPL_200526_0352_20000000007002976879_001.jpg
3230871689;15525;T181;PSP_EXTRATLEITIMPL_200526_0352_20000000003852974657_000.jpg
3212479178;244392;NA;PSP_EXTRATLEITIMPL_200526_0352_20000000000102959826_000.jpg
3212838550;11896;NA;PSP_EXTRATLEITIMPL_200526_0352_20000000008752959839_000.jpg
3211072686;6120;NA;NA
3244228207;2675;R111;PSP_EXTRATLEITIMPL_200526_0352_20000000013102980445_000.jpg
3212629560;19402;NA;PSP_EXTRATLEITIMPL_200526_0352_20000000008152972603_000.jpg
3220341304;53540;T181;PSP_EXTRATLEITIMPL_200526_0352_20000000010402963388_000.jpg
3214285141;224244;NA;NA
3213291873;11497;NA;PSP_EXTRATLEITIMPL_200526_0352_20000000010952948973_000.jpg
3212362408;62769;NA;PSP_EXTRATLEITIMPL_200526_0352_20000000017802997127_000.jpg
3212479470;78808;NA;PSP_EXTRATLEITIMPL_200526_0352_20000000019402985518_000.jpg
6251272482/3213979697;2;NA;PSP_EXTRATLEITIMPL_200526_0352_20000000012102970824_000.jpg
3211716176;20;NA;PSP_EXTRATLEITIMPL_200526_0352_20000000003702976749_000.jpg
5256565295/3221934210;4113;T181;PSP_EXTRATLEITIMPL_200526_0352_20000000007652967721_000.jpg
6250953451/3222401231;447;NA;PSP_EXTRATLEITIMPL_200526_0352_20000000009402942897_000.jpg
3221876120;1090;NA;PSP_EXTRATLEITIMPL_200526_0352_20000000010502972492_000.jpg
3223332470;3447;T181;PSP_EXTRATLEITIMPL_200526_0352_20000000002352983258_000.jpg
5256233870/3232941293;3731;T181;PSP_EXTRATLEITIMPL_200526_0352_20000000001052960942_001.jpg
3221894951;5550;NA;PSP_EXTRATLEITIMPL_200526_0352_20000000001902988320_000.jpg
3214195029;54666;NA;PSP_EXTRATLEITIMPL_200526_0352_20000000009402945908_000.jpg
3223315282;10307;T181;PSP_EXTRATLEITIMPL_200526_0352_20000000003202981752_000.jpg
3223718026;2681;P111;PSP_EXTRATLEITIMPL_200526_0352_20000000012902972392_000.jpg
3222728907;40732;T181;PSP_EXTRATLEITIMPL_200526_0352_20000000013652969723_000.jpg
3221870700;67402;NA;PSP_EXTRATLEITIMPL_200526_0352_20000000016352967731_000.jpg
3212627070;66717;NA;PSP_EXTRATLEITIMPL_200526_0352_20000000014102943920_000.jpg
3241631892;8665;T181;NA
3221870157;136578;NA;PSP_EXTRATLEITIMPL_200526_0352_20000000007952965911_000.jpg
3241650676;10026;T181;PSP_EXTRATLEITIMPL_200526_0352_20000000009852983554_000.jpg
3220440167;6907;NA;PSP_EXTRATLEITIMPL_200526_0352_20000000004902987284_000.jpg
5256833184/3223404498;3446;T181;PSP_EXTRATLEITIMPL_200526_0352_20000000009202963987_000.jpg
3242356593;21886;T181;PSP_EXTRATLEITIMPL_200526_0352_20000000001102970506_000.jpg
3223332349;2003;NA;PSP_EXTRATLEITIMPL_200526_0352_20000000000802950843_001.jpg
3224355415;18518;NA;PSP_EXTRATLEITIMPL_200526_0352_20000000017802984769_000.jpg
3220230618;38075;T181;PSP_EXTRATLEITIMPL_200526_0352_20000000012852974400_000.jpg
3223283232;5720;T181;PSP_EXTRATLEITIMPL_200526_0352_20000000007052979681_000.jpg
3242961802;1434;NA;NA
3223874087;9132;NA;PSP_EXTRATLEITIMPL_200526_0352_20000000007102956923_000.jpg
3222718677;29780;NA;PSP_EXTRATLEITIMPL_200526_0352_20000000000852972381_000.jpg
3220482749;214429;NA;PSP_EXTRATLEITIMPL_200526_0352_20000000006952962922_000.jpg
3222720353;20732;NA;PSP_EXTRATLEITIMPL_200526_0352_20000000011902960754_000.jpg
3214115572;3321;NA;NA
3224843045;1886;NA;PSP_EXTRATLEITIMPL_200526_0352_20000000013852960927_000.jpg
3230442389;4277;NA;PSP_EXTRATLEITIMPL_200526_0352_20000000008452951923_000.jpg
3223111806;3035;NA;PSP_EXTRATLEITIMPL_200526_0352_20000000003252980971_000.jpg
3230328500;5148;NA;PSP_EXTRATLEITIMPL_200526_0352_20000000012602975608_000.jpg
3225642213;6055;NA;PSP_EXTRATLEITIMPL_200526_0352_20000000005102996602_000.jpg
3241049379;9001;T181;PSP_EXTRATLEITIMPL_200526_0352_20000000011302978124_000.jpg
3230885450;13856;T181;PSP_EXTRATLEITIMPL_200526_0352_20000000000602969376_000.jpg
3223287599;5418;T181;PSP_EXTRATLEITIMPL_200526_0352_20000000010352971673_000.jpg
3224277511;3769;P101;NA
3242348922/3230058635;243;NA;PSP_EXTRATLEITIMPL_200526_0352_20000000004352994253_001.jpg
3242835548;1215;NA;PSP_EXTRATLEITIMPL_200526_0352_20000000010752977599_000.jpg
3230270790;9690;NA;PSP_EXTRATLEITIMPL_200526_0352_20000000007352970860_000.jpg
3231049311;16479;T181;NA
3231102611;0;P111;NA
3225129923;754;NA;PSP_EXTRATLEITIMPL_200526_0352_20000000006452983510_001.jpg
3230436869;16170;NA;PSP_EXTRATLEITIMPL_200526_0352_20000000013102980446_000.jpg
3225304318;12846;NA;PSP_EXTRATLEITIMPL_200526_0352_20000000000202947865_000.jpg
3230066522;51473;NA;NA
3230065399;35975;NA;NA
3225122910;19978;NA;PSP_EXTRATLEITIMPL_200526_0352_20000000015602959953_000.jpg
3220259128;8995;T181;PSP_EXTRATLEITIMPL_200526_0352_20000000017252981787_000.jpg
3242540645;5904;T181;PSP_EXTRATLEITIMPL_200526_0352_20000000011602940979_000.jpg
3233276668;3846;NA;PSP_EXTRATLEITIMPL_200526_0352_20000000001302990226_000.jpg
3223289826;16344;T181;PSP_EXTRATLEITIMPL_200526_0352_20000000005752981016_000.jpg
3225068584;77940;NA;PSP_EXTRATLEITIMPL_200526_0352_20000000007652965767_000.jpg
3244679195/3230872383;702;NA;NA
3223475930;28678;NA;NA
3221303953;950;NA;PSP_EXTRATLEITIMPL_200526_0352_20000000005002972987_000.jpg
3230864062;7925;NA;PSP_EXTRATLEITIMPL_200526_0352_20000000003102987620_000.jpg
3225114306;11497;NA;PSP_EXTRATLEITIMPL_200526_0352_20000000019802998098_000.jpg
3223275507;66493;NA;PSP_EXTRATLEITIMPL_200526_0352_20000000019352986705_000.jpg
3231540791;661;NA;PSP_EXTRATLEITIMPL_200526_0352_20000000002202971727_000.jpg
5257497811/3223831086;266;NA;PSP_EXTRATLEITIMPL_200526_0352_20000000018352977658_000.jpg
3244186865/3231116353;7;NA;NA
3220238120;86886;T181;PSP_EXTRATLEITIMPL_200526_0352_20000000009602969774_000.jpg
3231778704;4279;P111;PSP_EXTRATLEITIMPL_200526_0352_20000000013302954928_000.jpg
3231656919;0;NA;PSP_EXTRATLEITIMPL_200526_0352_20000000007502979386_000.jpg
3230671167;4417;NA;PSP_EXTRATLEITIMPL_200526_0352_20000000010452951875_000.jpg
3231845380;3525;NA;PSP_EXTRATLEITIMPL_200526_0352_20000000006402964859_000.jpg
6251201798/3242343912/3241589829;1677;T181;PSP_EXTRATLEITIMPL_200526_0352_20000000004502979604_000.jpg
3241851230;11702;NA;PSP_EXTRATLEITIMPL_200526_0352_20000000012452954883_000.jpg
3243724057/3241795836;20;P111;PSP_EXTRATLEITIMPL_200526_0352_20000000002152973471_000.jpg
3242639803;15456;NA;PSP_EXTRATLEITIMPL_200526_0352_20000000003402983357_000.jpg
3242023462;3848;NA;NA
5256952345/3241089494;1770;T181;PSP_EXTRATLEITIMPL_200526_0352_20000000015152963960_000.jpg
3241184977;39490;NA;PSP_EXTRATLEITIMPL_200526_0352_20000000011752953848_000.jpg
6251041200/3242344358;18363;T181;PSP_EXTRATLEITIMPL_200526_0352_00000000000211750004_000.jpg
3233463360;1422;NA;PSP_EXTRATLEITIMPL_200526_0352_20000000009752980133_000.jpg
3232016905;85;NA;PSP_EXTRATLEITIMPL_200526_0352_20000000007202990149_000.jpg
3231937179;3489;NA;NA
3232036639;3984;NA;NA
5257339493/3231943926;1084;NA;PSP_EXTRATLEITIMPL_200526_0352_20000000018352978572_000.jpg
3242541595/3241194620;7490;T181;NA
3232294891;1017;NA;NA
91136830;53327;NA;PSP_EXTRATLEITIMPL_200526_0352_20000000001052953976_000.jpg
3242863886;6;P111;PSP_EXTRATLEITIMPL_200526_0352_20000000015702954849_000.jpg
3242535137;8119;T181;PSP_EXTRATLEITIMPL_200526_0352_20000000002552976586_000.jpg
6251195003/3242219162;277;NA;PSP_EXTRATLEITIMPL_200526_0352_20000000006402957957_000.jpg
3242341642/3241587362;18522;T181;PSP_EXTRATLEITIMPL_200526_0352_20000000000802965632_000.jpg
3243161770;0;NA;PSP_EXTRATLEITIMPL_200526_0352_20000000010502965768_000.jpg
3243100088;200;NA;PSP_EXTRATLEITIMPL_200526_0352_20000000009452962746_000.jpg
3243297752;14365;NA;PSP_EXTRATLEITIMPL_200526_0352_20000000008052949949_000.jpg
3243050455;639;NA;PSP_EXTRATLEITIMPL_200526_0352_20000000008602970861_000.jpg
3244860272;1708;NA;PSP_EXTRATLEITIMPL_200526_0352_20000000006752970881_000.jpg
3243827611;5765;P111;PSP_EXTRATLEITIMPL_200526_0352_20000000000802971392_000.jpg
3243827832;2338;NA;PSP_EXTRATLEITIMPL_200526_0352_20000000006352968870_000.jpg
3243966700;344;NA;PSP_EXTRATLEITIMPL_200526_0352_20000000001302988353_000.jpg
3244460665;10269;B111;PSP_EXTRATLEITIMPL_200526_0352_20000000001552988349_000.jpg
3243943379;5166;NA;PSP_EXTRATLEITIMPL_200526_0352_20000000003902969784_000.jpg
3243733277;5657;NA;PSP_EXTRATLEITIMPL_200526_0352_20000000002852971807_000.jpg
3223031098;9490;NA;PSP_EXTRATLEITIMPL_200526_0352_20000000018102981651_000.jpg
3244660044;909;NA;NA
6251141990/3242507044;27086;T181;PSP_EXTRATLEITIMPL_200526_0352_20000000007452969763_000.jpg
3243431017;11840;P111;PSP_EXTRATLEITIMPL_200526_0352_20000000012902970549_000.jpg
3243730413;360;NA;PSP_EXTRATLEITIMPL_200526_0352_20000000012402964743_000.jpg
3244805867;1835;T111;PSP_EXTRATLEITIMPL_200526_0352_20000000013952950920_000.jpg
3244091422;514;NA;PSP_EXTRATLEITIMPL_200526_0352_20000000017752990370_000.jpg
3245166086;2968;NA;PSP_EXTRATLEITIMPL_200526_0352_20000000013402986466_000.jpg
3244025616;710;NA;PSP_EXTRATLEITIMPL_200526_0352_20000000006802983404_000.jpg
3243701910;10949;NA;PSP_EXTRATLEITIMPL_200526_0352_20000000001702966804_000.jpg
3245238168;309;NA;NA
3244350150;1;NA;PSP_EXTRATLEITIMPL_200526_0352_20000000006252979824_000.jpg
3154080855;119;NA;NA
5252532732;842;NA;NA
3223243818;4587;NA;PSP_EXTRATLEITIMPL_200526_0352_20000000006852990606_000.jpg
5256652112;344;NA;NA
6252098397/5256642800;19471;P111;NA
5257648380;4391;NA;PSP_EXTRATLEITIMPL_200526_0352_20000000006102987137_000.jpg
5257356037;0;T181;PSP_EXTRATLEITIMPL_200526_0352_20000000005802971777_000.jpg
5257794727;568;NA;PSP_EXTRATLEITIMPL_200526_0352_20000000010952949888_000.jpg
3231646450;606;B111;PSP_EXTRATLEITIMPL_200526_0352_20000000005952962877_000.jpg
3231646476;740;B111;PSP_EXTRATLEITIMPL_200526_0352_20000000019002953982_000.jpg
5257290249;3;NA;NA
6251130025;0;NA;PSP_EXTRATLEITIMPL_200526_0352_20000000005602962366_001.jpg
5257728694;1;NA;PSP_EXTRATLEITIMPL_200526_0352_20000000014452958822_000.jpg
6250915517;1;NA;PSP_EXTRATLEITIMPL_200526_0352_20000000004552992042_000.jpg
5257554653;99999;NA;PSP_EXTRATLEITIMPL_200526_0352_20000000016552957883_000.jpg
5260259042;0;NA;PSP_EXTRATLEITIMPL_200526_0352_20000000006852973942_000.jpg
5257904620;99999;NA;PSP_EXTRATLEITIMPL_200526_0352_00000000000211756741_000.jpg
5257904115;99999;NA;PSP_EXTRATLEITIMPL_200526_0352_20000000018302978583_000.jpg
5260239360;0;NA;PSP_EXTRATLEITIMPL_200526_0352_20000000001302981674_000.jpg
5257922555;99999;NA;PSP_EXTRATLEITIMPL_200526_0352_20000000004953011072_000.jpg
6252404692;0;NA;PSP_EXTRATLEITIMPL_200526_0352_20000000014502961772_000.jpg
5260147490;4267;NA;PSP_EXTRATLEITIMPL_200526_0352_20000000000002967906_000.jpg
6252179044;99999;NA;NA
5256850542;22;NA;PSP_EXTRATLEITIMPL_200526_0352_20000000011252973005_000.jpg
6252173577;99999;NA;PSP_EXTRATLEITIMPL_200526_0352_20000000008702979626_000.jpg
3231048471;13356;T181;PSP_EXTRATLEITIMPL_200526_0352_20000000019952990105_000.jpg
3200388959;4476;NA;NA
3192344696;10794;NA;NA
3201764067;654;NA;PSP_EXTRATLEITIMPL_200526_0352_20000000015652971257_000.jpg
3200249240;2325;NA;NA
3193478238;44963;NA;PSP_EXTRATLEITIMPL_200526_0352_20000000000552973046_000.jpg
3201676311;150720;NA;PSP_EXTRATLEITIMPL_200526_0352_20000000012752972143_000.jpg
6250634305/3193489205;313;NA;PSP_EXTRATLEITIMPL_200526_0352_20000000005802986008_001.jpg
3202518973;5044;NA;PSP_EXTRATLEITIMPL_200526_0352_20000000018852988055_000.jpg
3211174225;17174;T181;NA
3201100975;15729;NA;PSP_EXTRATLEITIMPL_200526_0352_20000000001952991314_000.jpg
3201398419;8469;NA;NA
3201628058;61935;NA;PSP_EXTRATLEITIMPL_200526_0352_20000000000702965245_000.jpg
3202588335;25895;NA;PSP_EXTRATLEITIMPL_200526_0352_20000000018952988077_000.jpg
3203620461;13381;NA;PSP_EXTRATLEITIMPL_200526_0352_20000000005202983921_000.jpg
3180202039;1850;T111;PSP_EXTRATLEITIMPL_200526_0352_20000000016352966741_000.jpg
3192340275;0;NA;NA
3200846906;18395;NA;PSP_EXTRATLEITIMPL_200526_0352_20000000017052970960_000.jpg
3202726266;15850;NA;PSP_EXTRATLEITIMPL_200526_0352_20000000002952969937_000.jpg
3202155196;760;T111;PSP_EXTRATLEITIMPL_200526_0352_20000000018502963836_000.jpg
3211534620;48361;NA;PSP_EXTRATLEITIMPL_200526_0352_20000000012702980141_000.jpg
3201668947;265716;NA;PSP_EXTRATLEITIMPL_200526_0352_20000000016202944953_000.jpg
3212729581;18093;T181;PSP_EXTRATLEITIMPL_200526_0352_20000000013102972726_000.jpg
3233264694;2441;NA;PSP_EXTRATLEITIMPL_200526_0352_20000000009952960581_000.jpg
3203907817;799833;T181;PSP_EXTRATLEITIMPL_200526_0352_20000000019002968724_000.jpg
3201389584;21135;NA;NA
3204018269;1931;NA;NA
3201654601;23068;NA;PSP_EXTRATLEITIMPL_200526_0352_20000000010352958898_000.jpg
3201583070;77659;NA;PSP_EXTRATLEITIMPL_200526_0352_20000000012402949965_000.jpg
3224892925;16335;NA;PSP_EXTRATLEITIMPL_200526_0352_20000000013402971952_000.jpg
3214292725;17582;T181;NA
6251140136/3241626376;0;NA;PSP_EXTRATLEITIMPL_200526_0352_20000000007952954944_000.jpg
3201491915;24273;NA;PSP_EXTRATLEITIMPL_200526_0352_20000000017702989562_000.jpg
3223314022;8429;T181;NA
3204467519;2868;NA;PSP_EXTRATLEITIMPL_200526_0352_20000000003652994166_000.jpg
3242354744;10100;T181;NA
3211495838;0;NA;NA
3220265039;25403;T181;PSP_EXTRATLEITIMPL_200526_0352_20000000003202984699_000.jpg
3241631426;7203;T181;NA
3212320004;26120;NA;PSP_EXTRATLEITIMPL_200526_0352_20000000006402969726_000.jpg
3203756851;309232;NA;NA
3223071057;6269;NA;NA
3192437007;140201;NA;NA
3211290373;31066;T181;PSP_EXTRATLEITIMPL_200526_0352_20000000004902972941_000.jpg
3204969492;4018;NA;PSP_EXTRATLEITIMPL_200526_0352_20000000000552942980_000.jpg
3211508956;6665;M141;PSP_EXTRATLEITIMPL_200526_0352_20000000011702960869_000.jpg
3211411375;0;NA;NA
3242602985;9130;T181;PSP_EXTRATLEITIMPL_200526_0352_20000000009952965275_000.jpg
3210176909;6448;NA;PSP_EXTRATLEITIMPL_200526_0352_20000000011702949987_000.jpg
3205265294;18918;NA;PSP_EXTRATLEITIMPL_200526_0352_20000000006352980599_000.jpg
3200431196;25945;T181;PSP_EXTRATLEITIMPL_200526_0352_20000000009202979450_000.jpg
3211440758;2523;L131;PSP_EXTRATLEITIMPL_200526_0352_20000000019002965838_000.jpg
3231095135;4305;NA;PSP_EXTRATLEITIMPL_200526_0352_20000000019952983532_000.jpg
3210419704;4;L131;PSP_EXTRATLEITIMPL_200526_0352_20000000001902981603_000.jpg
3212624925;15415;NA;PSP_EXTRATLEITIMPL_200526_0352_20000000006302969855_000.jpg
3220264997;52921;T181;PSP_EXTRATLEITIMPL_200526_0352_20000000004953007283_000.jpg
3210236812;1915;NA;PSP_EXTRATLEITIMPL_200526_0352_20000000009302959854_000.jpg
3211436920;1383;NA;NA
3230042461;27273;NA;PSP_EXTRATLEITIMPL_200526_0352_20000000017752992187_000.jpg
3210753060;1766;T111;PSP_EXTRATLEITIMPL_200526_0352_00000000000211752883_000.jpg
3211480164;252899;NA;NA
3211488734;0;NA;NA
3211884826;1014;NA;PSP_EXTRATLEITIMPL_200526_0352_20000000015902985232_000.jpg
3211436963;17148;NA;NA
3245167635/3212443122;41237;NA;PSP_EXTRATLEITIMPL_200526_0352_20000000005652961922_000.jpg
3242501224/3242527657;9960;T181;PSP_EXTRATLEITIMPL_200526_0352_20000000009602965873_000.jpg
6251986612/3212256110;2393;T181;PSP_EXTRATLEITIMPL_200526_0352_20000000016952987583_000.jpg
5257144706/3210975682;8758;NA;PSP_EXTRATLEITIMPL_200526_0352_20000000008752952944_000.jpg
3212921075;624;L131;NA
3210965679;4902;T181;PSP_EXTRATLEITIMPL_200526_0352_20000000003402968852_000.jpg
3212917140;13798;NA;PSP_EXTRATLEITIMPL_200526_0352_20000000012902963804_000.jpg
3223325229;28815;T181;PSP_EXTRATLEITIMPL_200526_0352_20000000001452991361_000.jpg
3212989079;2950;NA;PSP_EXTRATLEITIMPL_200526_0352_20000000006702968892_000.jpg
3220880949;10710;NA;PSP_EXTRATLEITIMPL_200526_0352_20000000012452957806_000.jpg
3213541551;21889;NA;PSP_EXTRATLEITIMPL_200526_0352_20000000010252960619_000.jpg
6251118521/3213335595;289;NA;PSP_EXTRATLEITIMPL_200526_0352_20000000017902988055_000.jpg
3212680892;16560;NA;PSP_EXTRATLEITIMPL_200526_0352_20000000010802970392_000.jpg
3231225136;618;P111;PSP_EXTRATLEITIMPL_200526_0352_20000000000452970140_000.jpg
5260398301/3211555482;2098;NA;PSP_EXTRATLEITIMPL_200526_0352_20000000019302982587_000.jpg
3213096612;12925;NA;PSP_EXTRATLEITIMPL_200526_0352_20000000010202956942_000.jpg
5257872035/3213866019;2318;T181;NA
3220759775;7962;NA;PSP_EXTRATLEITIMPL_200526_0352_20000000012152962648_000.jpg
3220263532;33063;T181;PSP_EXTRATLEITIMPL_200526_0352_20000000007602954973_000.jpg
3220391921;37019;NA;PSP_EXTRATLEITIMPL_200526_0352_20000000005452980288_000.jpg
3221971980;34089;NA;PSP_EXTRATLEITIMPL_200526_0352_20000000019952987371_000.jpg
3220666564;1195;B111;PSP_EXTRATLEITIMPL_200526_0352_20000000004652974992_000.jpg
3221870165;69871;NA;PSP_EXTRATLEITIMPL_200526_0352_20000000009602967822_000.jpg
3221870130;153261;NA;PSP_EXTRATLEITIMPL_200526_0352_20000000015602967869_001.jpg
3221868616;33261;NA;PSP_EXTRATLEITIMPL_200526_0352_20000000007602966847_000.jpg
3221870114;131670;NA;PSP_EXTRATLEITIMPL_200526_0352_20000000017602964903_000.jpg
3221870149;213966;NA;PSP_EXTRATLEITIMPL_200526_0352_20000000012252962846_000.jpg
3244233090/3220705926;9450;T181;PSP_EXTRATLEITIMPL_200526_0352_20000000011552961875_000.jpg
3231064124;37865;T181;PSP_EXTRATLEITIMPL_200526_0352_20000000017002990929_000.jpg
3220466956;18460;NA;PSP_EXTRATLEITIMPL_200526_0352_20000000004002978347_000.jpg
3222229803;3558;T111;PSP_EXTRATLEITIMPL_200526_0352_20000000008302983146_000.jpg
3222232820;4682;NA;PSP_EXTRATLEITIMPL_200526_0352_20000000019452971932_000.jpg
3222243156;3210;NA;PSP_EXTRATLEITIMPL_200526_0352_20000000007152985383_000.jpg
5257302565/3222847272;60;T181;PSP_EXTRATLEITIMPL_200526_0352_00000000000211754852_000.jpg
3230073952;34505;NA;PSP_EXTRATLEITIMPL_200526_0352_20000000013952942981_000.jpg
3224408284;7131;NA;PSP_EXTRATLEITIMPL_200526_0352_20000000006452972858_000.jpg
3224412982;1533;NA;PSP_EXTRATLEITIMPL_200526_0352_20000000006602977823_000.jpg
3245112199/3220283533;37928;T181;PSP_EXTRATLEITIMPL_200526_0352_20000000007302957967_000.jpg
3222704927;6742;NA;NA
3222890429;374;NA;PSP_EXTRATLEITIMPL_200526_0352_20000000006802984444_000.jpg
3231061664;3;T181;PSP_EXTRATLEITIMPL_200526_0352_20000000019602978555_000.jpg
3220388378;12239;NA;PSP_EXTRATLEITIMPL_200526_0352_20000000010502971571_001.jpg
3230904420;11805;T181;PSP_EXTRATLEITIMPL_200526_0352_20000000018252982133_000.jpg
3223253589;31636;NA;NA
6251959860/3221286170;99999;NA;PSP_EXTRATLEITIMPL_200526_0352_20000000017002982964_000.jpg
6251992930/3230027101;64;NA;PSP_EXTRATLEITIMPL_200526_0352_20000000008052948940_000.jpg
3223840360;4622;T181;PSP_EXTRATLEITIMPL_200526_0352_20000000007102966869_001.jpg
3224747267;7326;NA;NA
3225388295;1765;NA;PSP_EXTRATLEITIMPL_200526_0352_20000000007852962923_000.jpg
3223286010;9351;T181;PSP_EXTRATLEITIMPL_200526_0352_20000000014952967258_000.jpg
3225560373;18;NA;NA
3220071951;0;NA;NA
3230981204;9980;T181;PSP_EXTRATLEITIMPL_200526_0352_20000000009452976064_000.jpg
3224771222;10699;NA;PSP_EXTRATLEITIMPL_200526_0352_20000000007502982155_000.jpg
6250917463;0;NA;PSP_EXTRATLEITIMPL_200526_0352_20000000014302969520_000.jpg
3224556364;4601;NA;PSP_EXTRATLEITIMPL_200526_0352_20000000002852963996_000.jpg
3221201972;1267;NA;PSP_EXTRATLEITIMPL_200526_0352_20000000003052979702_000.jpg
3225673321;11;P111;PSP_EXTRATLEITIMPL_200526_0352_20000000005302989585_000.jpg
3241629243;39371;T181;PSP_EXTRATLEITIMPL_200526_0352_20000000008602957919_000.jpg
3226047670;4039;NA;PSP_EXTRATLEITIMPL_200526_0352_20000000009502969753_000.jpg
3226092683;14773;NA;PSP_EXTRATLEITIMPL_200526_0352_20000000014152956838_000.jpg
3232930984;18969;NA;PSP_EXTRATLEITIMPL_200526_0352_20000000018152958916_000.jpg
3230081009;16208;NA;PSP_EXTRATLEITIMPL_200526_0352_20000000013252947960_000.jpg
3221033336;7985;NA;PSP_EXTRATLEITIMPL_200526_0352_20000000003202973964_000.jpg
5256477590/3243771039/3231203019;3242;T181;PSP_EXTRATLEITIMPL_200526_0352_20000000012302981569_000.jpg
3223258459;12470;NA;PSP_EXTRATLEITIMPL_200526_0352_20000000017502979738_000.jpg
3225164710;50112;NA;PSP_EXTRATLEITIMPL_200526_0352_20000000001752982601_001.jpg
3225145643;34563;NA;NA
3226122000;46040;NA;PSP_EXTRATLEITIMPL_200526_0352_20000000017802968985_000.jpg
3231195156;7391;T111;PSP_EXTRATLEITIMPL_200526_0352_20000000010852950967_000.jpg
3223577112;29174;L101;PSP_EXTRATLEITIMPL_200526_0352_20000000018252981219_000.jpg
3224689992;0;NA;NA
3230069874;22914;NA;PSP_EXTRATLEITIMPL_200526_0352_20000000007652964818_000.jpg
3225169011;13670;NA;PSP_EXTRATLEITIMPL_200526_0352_20000000002352978532_000.jpg
3223488047;8434;NA;NA
3231683550;18037;NA;PSP_EXTRATLEITIMPL_200526_0352_20000000010602944955_000.jpg
3211494637;0;NA;NA
3230602955;26916;NA;PSP_EXTRATLEITIMPL_200526_0352_20000000003102978964_000.jpg
3232134363;14311;NA;PSP_EXTRATLEITIMPL_200526_0352_20000000010902980339_000.jpg
3241053864;6447;T181;PSP_EXTRATLEITIMPL_200526_0352_20000000005002988731_000.jpg
3231811302;3182;NA;PSP_EXTRATLEITIMPL_200526_0352_20000000009252966695_000.jpg
3232885997;1771;NA;NA
3231114024;41139;T181;PSP_EXTRATLEITIMPL_200526_0352_20000000013952958740_000.jpg
3231929737;1798;NA;PSP_EXTRATLEITIMPL_200526_0352_20000000009202983291_000.jpg
3223287424;7438;T181;PSP_EXTRATLEITIMPL_200526_0352_20000000014152963557_000.jpg
3233450714;820215;NA;PSP_EXTRATLEITIMPL_200526_0352_20000000011502978350_000.jpg
3231850499;0;NA;NA
3230658365;14837;NA;NA
3232744811;22200;NA;PSP_EXTRATLEITIMPL_200526_0352_20000000017452966994_000.jpg
3232718632;14953;NA;PSP_EXTRATLEITIMPL_200526_0352_20000000014752962682_000.jpg
3241604550;16464;NA;PSP_EXTRATLEITIMPL_200526_0352_20000000012602978463_000.jpg
5256554447/3245084632/3233342490;3445;T181;PSP_EXTRATLEITIMPL_200526_0352_20000000001452980782_000.jpg
5252532031/3241708682;1;NA;NA
3241139289;0;P111;PSP_EXTRATLEITIMPL_200526_0352_20000000001402976814_000.jpg
3241509400;984;NA;PSP_EXTRATLEITIMPL_200526_0352_20000000005602960414_000.jpg
3241408476;1610;NA;PSP_EXTRATLEITIMPL_200526_0352_20000000019302977732_000.jpg
3232969554;3447;R111;PSP_EXTRATLEITIMPL_200526_0352_20000000009302963852_000.jpg
3242667912;48289;T181;PSP_EXTRATLEITIMPL_200526_0352_20000000015202985029_000.jpg
3243208237;3099;NA;NA
3242450638;96;NA;PSP_EXTRATLEITIMPL_200526_0352_20000000017302995480_001.jpg
3242986627;428;NA;PSP_EXTRATLEITIMPL_200526_0352_20000000006052972664_000.jpg
3243015498;791;NA;NA
3243346729;1457;NA;PSP_EXTRATLEITIMPL_200526_0352_20000000006102959935_000.jpg
3244933490;12481;NA;PSP_EXTRATLEITIMPL_200526_0352_20000000001552983604_000.jpg
3244747867;22;NA;PSP_EXTRATLEITIMPL_200526_0352_20000000011852977148_000.jpg
3243546841;1664;NA;PSP_EXTRATLEITIMPL_200526_0352_20000000014052962909_000.jpg
3242932950/3244966224;3691;T181;PSP_EXTRATLEITIMPL_200526_0352_20000000003652984676_000.jpg
3242524526/3242404792;4048;T181;PSP_EXTRATLEITIMPL_200526_0352_20000000012602970728_000.jpg
3232222041;413;NA;PSP_EXTRATLEITIMPL_200526_0352_20000000009352983138_000.jpg
3243588811;1704;NA;PSP_EXTRATLEITIMPL_200526_0352_20000000009602979422_000.jpg
3243445832;0;NA;NA
5250085070;4764;NA;PSP_EXTRATLEITIMPL_200526_0352_20000000009502982063_000.jpg
6251180340/6252408760/3244950549;1081;T181;PSP_EXTRATLEITIMPL_200526_0352_20000000008402948888_000.jpg
3244790657;3581;NA;PSP_EXTRATLEITIMPL_200526_0352_20000000016502970118_000.jpg
5250118050;0;NA;PSP_EXTRATLEITIMPL_200526_0352_20000000019302982592_000.jpg
5252547950;897;NA;NA
6251168162/3242415174;2299;T181;PSP_EXTRATLEITIMPL_200526_0352_20000000017302994566_001.jpg
3243671077;486;NA;PSP_EXTRATLEITIMPL_200526_0352_20000000004352988662_000.jpg
5256644195;9;NA;PSP_EXTRATLEITIMPL_200526_0352_20000000001552981605_000.jpg
5257643877;44;NA;PSP_EXTRATLEITIMPL_200526_0352_20000000013402975839_000.jpg
3245285379;2980;NA;NA
5257314598;419;NA;PSP_EXTRATLEITIMPL_200526_0352_20000000018452977601_000.jpg
5257794905;1123;NA;PSP_EXTRATLEITIMPL_200526_0352_20000000019552985801_000.jpg
5257951326;530;NA;PSP_EXTRATLEITIMPL_200526_0352_20000000016802994258_000.jpg
5256260087;974;NA;PSP_EXTRATLEITIMPL_200526_0352_20000000003802988382_000.jpg
5257195025;54;NA;PSP_EXTRATLEITIMPL_200526_0352_20000000009402948867_000.jpg
5257609997;13;NA;PSP_EXTRATLEITIMPL_200526_0352_20000000009402960583_000.jpg
5257051791;1222;T181;NA
51383079;1286;B111;PSP_EXTRATLEITIMPL_200526_0352_20000000015952965616_000.jpg
5257616705;1407;NA;NA
6251127636;0;T161;PSP_EXTRATLEITIMPL_200526_0352_20000000008152980143_000.jpg
6251496763;984;NA;PSP_EXTRATLEITIMPL_200526_0352_20000000018002977896_000.jpg
6251133113;0;NA;PSP_EXTRATLEITIMPL_200526_0352_20000000014052983221_001.jpg
5260375603;787;NA;PSP_EXTRATLEITIMPL_200526_0352_20000000013652950961_000.jpg
6251928680;552;NA;PSP_EXTRATLEITIMPL_200526_0352_20000000003452954971_000.jpg
6252260372;0;NA;PSP_EXTRATLEITIMPL_200526_0352_20000000014902955936_001.jpg
5257040340;0;NA;PSP_EXTRATLEITIMPL_200526_0352_20000000007152981634_000.jpg
5257998136;999999;NA;PSP_EXTRATLEITIMPL_200526_0352_20000000019502976610_000.jpg
5257904441;99999;NA;PSP_EXTRATLEITIMPL_200526_0352_20000000013352955840_000.jpg
5257904360;99999;NA;PSP_EXTRATLEITIMPL_200526_0352_20000000006252969940_000.jpg
5257904646;99999;NA;PSP_EXTRATLEITIMPL_200526_0352_20000000003552966970_000.jpg
5257731920;99999;NA;PSP_EXTRATLEITIMPL_200526_0352_20000000012002963779_000.jpg
5257731075;99999;NA;PSP_EXTRATLEITIMPL_200526_0352_20000000009602959992_000.jpg
6252232522;999999;NA;PSP_EXTRATLEITIMPL_200526_0352_20000000000852949931_000.jpg
5257548270;99999;NA;PSP_EXTRATLEITIMPL_200526_0352_20000000000302964636_000.jpg
6252255808;0;NA;PSP_EXTRATLEITIMPL_200526_0352_20000000006702988249_000.jpg
6252179745;99999;NA;PSP_EXTRATLEITIMPL_200526_0352_20000000001102951935_000.jpg
