Numero do medidor;Posicao do medidor lida;Nota de Leitura Atual;Foto do medidor
3230064384;46829;NA;NA
J95125;49540;NA;NA
3203782160;18296;T181;NA
3200826417;647;NA;NA
3172458512;22553;NA;NA
3223432653;24952;T181;PSP_EXTRATLEITIMPL_210526_0335_20000000017852977951_000.jpg
3244037436/90671022;2181;NA;NA
60556130;387;P111;PSP_EXTRATLEITIMPL_210526_0335_20000000014052979447_000.jpg
3192002124;4207;NA;NA
5255956371/5256932522/5256973849/5255956371/5256973849/5255956371/3242350480/3212322538;27528;NA;NA
3151705315;14982;NA;NA
3190499404;44549;NA;PSP_EXTRATLEITIMPL_210526_0335_20000000010602950950_000.jpg
3132360463;235400;NA;PSP_EXTRATLEITIMPL_210526_0335_20000000019852980450_000.jpg
3225111897;31846;NA;PSP_EXTRATLEITIMPL_210526_0335_20000000001852982599_000.jpg
5257376011/50699714;4598;NA;PSP_EXTRATLEITIMPL_210526_0335_20000000019952983540_000.jpg
3130785424;76913;NA;PSP_EXTRATLEITIMPL_210526_0335_20000000000702960516_000.jpg
3193439798;132696;NA;PSP_EXTRATLEITIMPL_210526_0335_20000000003152988640_000.jpg
3161350469;11499;NA;PSP_EXTRATLEITIMPL_210526_0335_20000000019752977493_000.jpg
3193452751;51190;NA;PSP_EXTRATLEITIMPL_210526_0335_20000000003752970595_000.jpg
3172785459;0;NA;PSP_EXTRATLEITIMPL_210526_0335_20000000015702966561_000.jpg
3244406369;3558;NA;PSP_EXTRATLEITIMPL_210526_0335_20000000011602962587_000.jpg
3153014824;67782;NA;PSP_EXTRATLEITIMPL_210526_0335_20000000001852981678_000.jpg
62209895;7705;NA;PSP_EXTRATLEITIMPL_210526_0335_20000000005202983928_000.jpg
3192181444;940222;NA;PSP_EXTRATLEITIMPL_210526_0335_20000000003402970861_000.jpg
3212301549;8290;NA;PSP_EXTRATLEITIMPL_210526_0335_20000000008702989007_000.jpg
51422678;100;P111;PSP_EXTRATLEITIMPL_210526_0335_20000000012102978550_000.jpg
3154750842;81;NA;PSP_EXTRATLEITIMPL_210526_0335_20000000013902978322_000.jpg
3011167746;10864;NA;PSP_EXTRATLEITIMPL_210526_0335_20000000019902998049_000.jpg
3200276719;33010;NA;PSP_EXTRATLEITIMPL_210526_0335_20000000001302979796_000.jpg
NU00622;8706;T111;PSP_EXTRATLEITIMPL_210526_0335_20000000017202990021_000.jpg
3200144340;22498;NA;PSP_EXTRATLEITIMPL_210526_0335_20000000000802967520_000.jpg
5260164513/91163764;10288;NA;PSP_EXTRATLEITIMPL_210526_0335_20000000010752982362_000.jpg
3010208939;64091;NA;PSP_EXTRATLEITIMPL_210526_0335_20000000010302975577_000.jpg
41066423;17712;NA;PSP_EXTRATLEITIMPL_210526_0335_20000000002252990197_000.jpg
3232805250;2760;NA;PSP_EXTRATLEITIMPL_210526_0335_20000000000852960865_000.jpg
3212898723;4996;NA;PSP_EXTRATLEITIMPL_210526_0335_20000000008302979436_000.jpg
3170230735;72194;NA;PSP_EXTRATLEITIMPL_210526_0335_20000000015752947981_000.jpg
NF50579;19697;NA;PSP_EXTRATLEITIMPL_210526_0335_20000000014602965981_000.jpg
3202126137;3;P111;PSP_EXTRATLEITIMPL_210526_0335_20000000001552983612_000.jpg
108893;6983;M141;PSP_EXTRATLEITIMPL_210526_0335_20000000006902967882_000.jpg
14332B;53800;L101;PSP_EXTRATLEITIMPL_210526_0335_20000000008952966255_000.jpg
MV55841;9206;L101;PSP_EXTRATLEITIMPL_210526_0335_20000000004202995250_000.jpg
L67172;23893;M141;PSP_EXTRATLEITIMPL_210526_0335_20000000017052993249_000.jpg
3211151705;19844;T181;PSP_EXTRATLEITIMPL_210526_0335_20000000017602960976_000.jpg
3011031726;12282;NA;PSP_EXTRATLEITIMPL_210526_0335_20000000016252976139_000.jpg
3170141430;88654;NA;PSP_EXTRATLEITIMPL_210526_0335_20000000015202987003_000.jpg
51085051;57260;NA;PSP_EXTRATLEITIMPL_210526_0335_20000000003702984355_000.jpg
3171646480;40595;NA;PSP_EXTRATLEITIMPL_210526_0335_20000000009652975382_000.jpg
70440369;60493;T111;PSP_EXTRATLEITIMPL_210526_0335_20000000009802969423_000.jpg
3171266423;127853;NA;PSP_EXTRATLEITIMPL_210526_0335_20000000000302969294_000.jpg
3225042631;242508;NA;PSP_EXTRATLEITIMPL_210526_0335_20000000008852954970_000.jpg
3242524330;5333;T181;PSP_EXTRATLEITIMPL_210526_0335_20000000009402968121_000.jpg
3194032853;92010;T181;PSP_EXTRATLEITIMPL_210526_0335_20000000019102978591_000.jpg
3203579160;56687;NA;PSP_EXTRATLEITIMPL_210526_0335_20000000010752975714_000.jpg
81354138;32;P111;PSP_EXTRATLEITIMPL_210526_0335_20000000000052984366_000.jpg
MD88047;24662;NA;NA
3224708156;9295;T181;PSP_EXTRATLEITIMPL_210526_0335_20000000001802989773_000.jpg
MB01300;16893;NA;PSP_EXTRATLEITIMPL_210526_0335_20000000008152966774_000.jpg
3244041816/3011038273;1276;T111;PSP_EXTRATLEITIMPL_210526_0335_20000000007402960861_000.jpg
3211159463;24780;T181;PSP_EXTRATLEITIMPL_210526_0335_20000000019752983196_000.jpg
3242025473;11955;NA;PSP_EXTRATLEITIMPL_210526_0335_20000000014452970282_000.jpg
3171253313;174439;NA;PSP_EXTRATLEITIMPL_210526_0335_20000000014352943884_000.jpg
3220247006;78419;T181;PSP_EXTRATLEITIMPL_210526_0335_20000000006452982535_000.jpg
3182570760;21274;NA;PSP_EXTRATLEITIMPL_210526_0335_20000000000152974365_000.jpg
3190386928;3295;NA;PSP_EXTRATLEITIMPL_210526_0335_20000000011752968612_000.jpg
3205248519;64775;NA;PSP_EXTRATLEITIMPL_210526_0335_20000000000052972900_000.jpg
3190442160;5437;R111;PSP_EXTRATLEITIMPL_210526_0335_20000000013902964841_000.jpg
61678522;62115;NA;PSP_EXTRATLEITIMPL_210526_0335_20000000014852952904_000.jpg
3230372054;1356;NA;PSP_EXTRATLEITIMPL_210526_0335_20000000017702971978_000.jpg
3201509393;88;P111;PSP_EXTRATLEITIMPL_210526_0335_20000000012052983155_000.jpg
80877382;15777;NA;PSP_EXTRATLEITIMPL_210526_0335_20000000016552966793_000.jpg
60037558;11247;NA;PSP_EXTRATLEITIMPL_210526_0335_20000000005402974921_000.jpg
60036381;445;P111;PSP_EXTRATLEITIMPL_210526_0335_20000000008602970869_000.jpg
640180633;11974;NA;PSP_EXTRATLEITIMPL_210526_0335_20000000019852977631_000.jpg
61487247;19825;NA;PSP_EXTRATLEITIMPL_210526_0335_20000000005702980613_000.jpg
670016617;10;P111;PSP_EXTRATLEITIMPL_210526_0335_20000000008052964732_000.jpg
3241169609;25066;T181;PSP_EXTRATLEITIMPL_210526_0335_20000000007602973587_000.jpg
3220281638;9282;T181;PSP_EXTRATLEITIMPL_210526_0335_20000000019152977739_000.jpg
3191049143;84016;NA;NA
3202559831;9116;NA;PSP_EXTRATLEITIMPL_210526_0335_20000000004002982086_000.jpg
3212598355;17052;NA;PSP_EXTRATLEITIMPL_210526_0335_20000000015252969931_000.jpg
3182554897;3469;P111;PSP_EXTRATLEITIMPL_210526_0335_20000000000802956903_000.jpg
3200991604;3796;NA;PSP_EXTRATLEITIMPL_210526_0335_20000000012952957657_000.jpg
3210430210;15446;NA;PSP_EXTRATLEITIMPL_210526_0335_20000000005202999133_000.jpg
3222832372;1380;NA;PSP_EXTRATLEITIMPL_210526_0335_20000000009352971806_000.jpg
3233455066;96775;NA;PSP_EXTRATLEITIMPL_210526_0335_20000000015252971930_000.jpg
3171823683;66113;NA;PSP_EXTRATLEITIMPL_210526_0335_20000000013852971755_000.jpg
MB66709;2449;B111;PSP_EXTRATLEITIMPL_210526_0335_20000000001252977765_000.jpg
3192208237;42143;T181;PSP_EXTRATLEITIMPL_210526_0335_20000000017102976762_000.jpg
51390156;341;P111;PSP_EXTRATLEITIMPL_210526_0335_20000000008902962742_000.jpg
3193202585;39317;T181;PSP_EXTRATLEITIMPL_210526_0335_20000000002702984386_000.jpg
3180029540;3977;T111;PSP_EXTRATLEITIMPL_210526_0335_20000000009202973705_000.jpg
3202025071;3109;L101;PSP_EXTRATLEITIMPL_210526_0335_20000000004302986384_000.jpg
91613298;98822;L101;PSP_EXTRATLEITIMPL_210526_0335_20000000011302979003_000.jpg
3222731509;1478;P111;PSP_EXTRATLEITIMPL_210526_0335_20000000011202957965_000.jpg
3201689901;25615;NA;PSP_EXTRATLEITIMPL_210526_0335_20000000005902977663_000.jpg
3180154840;135871;NA;PSP_EXTRATLEITIMPL_210526_0335_20000000012352962724_000.jpg
3181068301;14958;NA;PSP_EXTRATLEITIMPL_210526_0335_20000000004302981626_000.jpg
6251149753/640334657;251;NA;PSP_EXTRATLEITIMPL_210526_0335_20000000014002963571_000.jpg
3221847120;20214;NA;PSP_EXTRATLEITIMPL_210526_0335_20000000005302998023_000.jpg
NU03818;97;P111;PSP_EXTRATLEITIMPL_210526_0335_20000000019352981824_000.jpg
3010194270;9;P111;PSP_EXTRATLEITIMPL_210526_0335_20000000008552971688_000.jpg
3191273930;34321;T111;PSP_EXTRATLEITIMPL_210526_0335_20000000010452957839_000.jpg
3214195258;54339;NA;PSP_EXTRATLEITIMPL_210526_0335_20000000002552954946_000.jpg
M15142;46109;L101;PSP_EXTRATLEITIMPL_210526_0335_20000000018052971545_000.jpg
3201614170;20754;NA;PSP_EXTRATLEITIMPL_210526_0335_20000000010052985351_000.jpg
3191105272;48340;NA;PSP_EXTRATLEITIMPL_210526_0335_20000000009702962697_000.jpg
3224187865;4954;NA;PSP_EXTRATLEITIMPL_210526_0335_20000000006152990004_000.jpg
3183135340;999;NA;PSP_EXTRATLEITIMPL_210526_0335_20000000012102954971_000.jpg
3190215678;1591;NA;PSP_EXTRATLEITIMPL_210526_0335_20000000006152971851_000.jpg
3241142158/J06968;2610;NA;PSP_EXTRATLEITIMPL_210526_0335_20000000009502964852_000.jpg
3212621098;69620;NA;PSP_EXTRATLEITIMPL_210526_0335_20000000006852984858_000.jpg
5257721185/3231026460;3629;NA;NA
3010127861;16534;NA;PSP_EXTRATLEITIMPL_210526_0335_20000000019502978546_000.jpg
30390997;22839;NA;PSP_EXTRATLEITIMPL_210526_0335_20000000019903001003_000.jpg
61199098;24595;NA;PSP_EXTRATLEITIMPL_210526_0335_20000000019902999025_000.jpg
6251439310/3243794160;3211;T181;PSP_EXTRATLEITIMPL_210526_0335_20000000000152962794_000.jpg
3223333892;109180;T181;PSP_EXTRATLEITIMPL_210526_0335_20000000004452989958_000.jpg
3220273449;56002;T181;PSP_EXTRATLEITIMPL_210526_0335_20000000012452955799_000.jpg
3231021077;8150;T181;PSP_EXTRATLEITIMPL_210526_0335_20000000012552966675_000.jpg
83250860;10905;NA;PSP_EXTRATLEITIMPL_210526_0335_20000000004152966992_000.jpg
W48893;11634;NA;PSP_EXTRATLEITIMPL_210526_0335_20000000017052997068_000.jpg
3223548759;30;P111;PSP_EXTRATLEITIMPL_210526_0335_20000000014852956794_000.jpg
MG41721;59765;T111;PSP_EXTRATLEITIMPL_210526_0335_20000000005253007280_000.jpg
71489264;733928;NA;PSP_EXTRATLEITIMPL_210526_0335_20000000001152978200_000.jpg
3223338037;63513;NA;PSP_EXTRATLEITIMPL_210526_0335_20000000009052964651_000.jpg
108621B;46291;NA;PSP_EXTRATLEITIMPL_210526_0335_20000000005302989593_000.jpg
3211133600;184337;T181;PSP_EXTRATLEITIMPL_210526_0335_20000000014302964810_000.jpg
3193260151;638;NA;PSP_EXTRATLEITIMPL_210526_0335_20000000008802962824_000.jpg
132704B;81819;NA;PSP_EXTRATLEITIMPL_210526_0335_20000000000452948928_000.jpg
3192564645;15407;NA;PSP_EXTRATLEITIMPL_210526_0335_20000000007302978342_000.jpg
3212586128;109436;T181;PSP_EXTRATLEITIMPL_210526_0335_20000000008102987353_000.jpg
3211145292;141345;T181;PSP_EXTRATLEITIMPL_210526_0335_20000000009952964399_000.jpg
3231419658;1330;P111;PSP_EXTRATLEITIMPL_210526_0335_20000000017402995355_000.jpg
3190370916;87259;NA;PSP_EXTRATLEITIMPL_210526_0335_20000000018702983414_000.jpg
3180401490;22159;NA;NA
3212585644;70801;T181;NA
71676480;5573;NA;PSP_EXTRATLEITIMPL_210526_0335_20000000008752971539_000.jpg
3213529381;3839;NA;PSP_EXTRATLEITIMPL_210526_0335_20000000012452971076_000.jpg
3210536972;4158;NA;NA
30077784;20708;NA;PSP_EXTRATLEITIMPL_210526_0335_20000000007252989208_000.jpg
3205357733;5230;NA;PSP_EXTRATLEITIMPL_210526_0335_20000000004703005344_000.jpg
3131415418;3721;NA;PSP_EXTRATLEITIMPL_210526_0335_20000000010202980180_000.jpg
MG38950;21345;NA;PSP_EXTRATLEITIMPL_210526_0335_20000000012402975085_000.jpg
H78050;21313;NA;PSP_EXTRATLEITIMPL_210526_0335_20000000002102987098_000.jpg
3203801210;12705;T181;PSP_EXTRATLEITIMPL_210526_0335_20000000019352980906_001.jpg
3242373676;8937;T181;PSP_EXTRATLEITIMPL_210526_0335_20000000016202974079_000.jpg
3130208257;18877;NA;PSP_EXTRATLEITIMPL_210526_0335_20000000016552960874_000.jpg
91329247;17273;NA;PSP_EXTRATLEITIMPL_210526_0335_20000000019002960926_000.jpg
30579992;446;P111;PSP_EXTRATLEITIMPL_210526_0335_20000000019252978721_000.jpg
6250630555/3222732408;6966;T181;NA
B40608;54257;B111;NA
3222758954;17212;T181;NA
91259354;49111;NA;NA
3010207040;93932;NA;NA
6251159945/3160047347;2284;NA;NA
MB59130;19495;NA;NA
3244953602/MC86846;31;NA;PSP_EXTRATLEITIMPL_210526_0335_20000000003202978921_000.jpg
121744B;11058;NA;PSP_EXTRATLEITIMPL_210526_0335_20000000009452975147_000.jpg
60878242;17536;NA;PSP_EXTRATLEITIMPL_210526_0335_20000000018052963773_000.jpg
50955656;48670;NA;PSP_EXTRATLEITIMPL_210526_0335_20000000015902973779_000.jpg
640181117;20408;L131;PSP_EXTRATLEITIMPL_210526_0335_20000000008302979437_000.jpg
102310B;60424;L131;PSP_EXTRATLEITIMPL_210526_0335_20000000006402981001_000.jpg
3241630381;11114;T181;PSP_EXTRATLEITIMPL_210526_0335_20000000017802980894_000.jpg
3180150870;36302;NA;PSP_EXTRATLEITIMPL_210526_0335_20000000010702962920_000.jpg
3212567069;38962;T181;PSP_EXTRATLEITIMPL_210526_0335_20000000011552968781_000.jpg
3193061434;8056;T111;PSP_EXTRATLEITIMPL_210526_0335_20000000019352976867_000.jpg
3161156360;52331;T111;PSP_EXTRATLEITIMPL_210526_0335_20000000000852957847_000.jpg
3181051700;53322;T111;PSP_EXTRATLEITIMPL_210526_0335_20000000009002976597_000.jpg
3201430630;2818;T111;PSP_EXTRATLEITIMPL_210526_0335_20000000016502956833_000.jpg
3212694354;17820;T181;PSP_EXTRATLEITIMPL_210526_0335_20000000009802970385_000.jpg
3223343286;13611;T181;PSP_EXTRATLEITIMPL_210526_0335_20000000001202985058_000.jpg
3200454676;3764;T181;PSP_EXTRATLEITIMPL_210526_0335_20000000001202980351_000.jpg
3201814552;2431;T111;PSP_EXTRATLEITIMPL_210526_0335_20000000015302992359_000.jpg
3220318043;15302;T181;PSP_EXTRATLEITIMPL_210526_0335_20000000016302976339_000.jpg
3222342200;20784;NA;PSP_EXTRATLEITIMPL_210526_0335_20000000017852992386_000.jpg
3223410811;20839;T181;PSP_EXTRATLEITIMPL_210526_0335_20000000014002968345_000.jpg
3011043715;32190;NA;PSP_EXTRATLEITIMPL_210526_0335_20000000015152964969_000.jpg
3223434702;768654;NA;NA
70467623;12467;L101;PSP_EXTRATLEITIMPL_210526_0335_20000000003052981659_000.jpg
90100300;167;NA;PSP_EXTRATLEITIMPL_210526_0335_20000000004652984673_000.jpg
3223587274;5253;L101;PSP_EXTRATLEITIMPL_210526_0335_20000000011952965753_000.jpg
3181004001;4394;L101;PSP_EXTRATLEITIMPL_210526_0335_20000000011452961786_000.jpg
3244254534/3204735866;4328;T181;PSP_EXTRATLEITIMPL_210526_0335_20000000008702977728_000.jpg
3221651455;1184;NA;PSP_EXTRATLEITIMPL_210526_0335_20000000017852977953_000.jpg
5257621318;262;NA;PSP_EXTRATLEITIMPL_210526_0335_20000000019852965889_000.jpg
6250632116/3171795175;23784;NA;NA
6250638300/3230054036;11275;NA;NA
3223328040;40495;T181;PSP_EXTRATLEITIMPL_210526_0335_20000000003352956886_000.jpg
3200737961;1185;NA;PSP_EXTRATLEITIMPL_210526_0335_20000000010452944987_000.jpg
3242253433;234;P111;PSP_EXTRATLEITIMPL_210526_0335_20000000012602964900_000.jpg
3193965724;103569;NA;PSP_EXTRATLEITIMPL_210526_0335_20000000001502961967_000.jpg
3193478122;110752;NA;PSP_EXTRATLEITIMPL_210526_0335_20000000002402982025_000.jpg
3193420108;327297;NA;PSP_EXTRATLEITIMPL_210526_0335_20000000011652983010_000.jpg
3154883524;105996;NA;PSP_EXTRATLEITIMPL_210526_0335_20000000007802961902_000.jpg
3231933092;4134;L101;PSP_EXTRATLEITIMPL_210526_0335_20000000007702982517_000.jpg
NQ21278;43844;NA;PSP_EXTRATLEITIMPL_210526_0335_20000000012552968641_000.jpg
5257206663/3212561168;1302;T181;PSP_EXTRATLEITIMPL_210526_0335_20000000009302972554_000.jpg
3121009330;11723;L101;PSP_EXTRATLEITIMPL_210526_0335_20000000002402968721_000.jpg
3204736269;47293;NA;PSP_EXTRATLEITIMPL_210526_0335_20000000016102947857_000.jpg
3182197920;69;P111;PSP_EXTRATLEITIMPL_210526_0335_20000000019002965844_000.jpg
3201786109;19648;L101;PSP_EXTRATLEITIMPL_210526_0335_20000000012652975381_000.jpg
3192795442;52691;NA;PSP_EXTRATLEITIMPL_210526_0335_20000000003952973536_000.jpg
3182444137;2485;NA;PSP_EXTRATLEITIMPL_210526_0335_20000000001352984554_000.jpg
50810577;2338;NA;PSP_EXTRATLEITIMPL_210526_0335_20000000000952965417_000.jpg
3231113109;12904;T181;PSP_EXTRATLEITIMPL_210526_0335_20000000015802955615_000.jpg
3231112757;23724;T181;NA
3231070914;47942;T181;PSP_EXTRATLEITIMPL_210526_0335_20000000004702998666_000.jpg
3153743338;20366;NA;PSP_EXTRATLEITIMPL_210526_0335_20000000003352967606_000.jpg
3212379459;51394;NA;PSP_EXTRATLEITIMPL_210526_0335_20000000006102975775_000.jpg
5257507051/3193804739;188;NA;PSP_EXTRATLEITIMPL_210526_0335_20000000008302978470_000.jpg
90047906;34148;L101;PSP_EXTRATLEITIMPL_210526_0335_20000000000802967522_000.jpg
3225788641;7426;NA;PSP_EXTRATLEITIMPL_210526_0335_20000000013202980022_000.jpg
3210902332;13954;NA;NA
3141314822;6683;NA;NA
3203794702;13534;T181;NA
3181065280;544613;NA;NA
3152043561;48050;L101;PSP_EXTRATLEITIMPL_210526_0335_20000000015702963603_000.jpg
90854542;58107;NA;PSP_EXTRATLEITIMPL_210526_0335_20000000014752953829_000.jpg
640054662;28610;NA;PSP_EXTRATLEITIMPL_210526_0335_20000000011852968653_000.jpg
3223360482;18287;T181;PSP_EXTRATLEITIMPL_210526_0335_20000000015152963970_000.jpg
3200789333;19688;L101;PSP_EXTRATLEITIMPL_210526_0335_20000000002902988308_000.jpg
3202074757;8620;NA;NA
3193394433;238271;NA;NA
6250632078/5256229775/5255960530/6250638629/5255960530/5256229775/5255960530/3241622745;59238;NA;PSP_EXTRATLEITIMPL_210526_0335_20000000019452975856_000.jpg
3201670844;36965;NA;NA
3232379102;17559;NA;PSP_EXTRATLEITIMPL_210526_0335_20000000009202985166_000.jpg
3171782847;84998;NA;PSP_EXTRATLEITIMPL_210526_0335_20000000006502987647_000.jpg
3192698811;159;P111;NA
3224839072;2694;NA;PSP_EXTRATLEITIMPL_210526_0335_20000000007602971607_000.jpg
3210531873;4;P101;PSP_EXTRATLEITIMPL_210526_0335_20000000004752994555_000.jpg
3201494175;18105;NA;PSP_EXTRATLEITIMPL_210526_0335_20000000008952957679_000.jpg
3222253267;6;NA;PSP_EXTRATLEITIMPL_210526_0335_20000000005302993431_000.jpg
Q65603;36794;L101;PSP_EXTRATLEITIMPL_210526_0335_20000000011802981508_000.jpg
3133085334;14919;NA;PSP_EXTRATLEITIMPL_210526_0335_20000000001202976580_000.jpg
3245358848/3222049848;2401;NA;PSP_EXTRATLEITIMPL_210526_0335_20000000014252966485_000.jpg
3222481030;25973;T181;PSP_EXTRATLEITIMPL_210526_0335_20000000009202969880_000.jpg
3212574596;33060;T181;PSP_EXTRATLEITIMPL_210526_0335_20000000013152965830_000.jpg
30077377;5425;NA;PSP_EXTRATLEITIMPL_210526_0335_20000000010052963923_000.jpg
3223432068;110091;T181;PSP_EXTRATLEITIMPL_210526_0335_20000000001302977836_000.jpg
3225570638;16562;NA;PSP_EXTRATLEITIMPL_210526_0335_20000000013352976035_000.jpg
3212581240;34476;T181;PSP_EXTRATLEITIMPL_210526_0335_20000000006802984448_000.jpg
3181687800;333368;T181;PSP_EXTRATLEITIMPL_210526_0335_20000000013252959795_000.jpg
3223333159;26946;T181;PSP_EXTRATLEITIMPL_210526_0335_20000000000202959746_000.jpg
3203918355;84611;T181;PSP_EXTRATLEITIMPL_210526_0335_20000000000702958654_000.jpg
70004437;99052;T111;PSP_EXTRATLEITIMPL_210526_0335_20000000008702965861_000.jpg
3211289413;45614;T181;PSP_EXTRATLEITIMPL_210526_0335_20000000000302952924_000.jpg
3222364336;2540;NA;PSP_EXTRATLEITIMPL_210526_0335_20000000013102963903_000.jpg
3191081845;21880;NA;NA
3180710352;10955;NA;PSP_EXTRATLEITIMPL_210526_0335_20000000009802960783_000.jpg
3183337458;4639;NA;PSP_EXTRATLEITIMPL_210526_0335_20000000014102940890_000.jpg
3212456550;65163;NA;PSP_EXTRATLEITIMPL_210526_0335_20000000017802969959_000.jpg
5255953828/3245138929/5255953828/3161860130;139462;NA;NA
3245096193/3243811022/3190156167;6338;T181;PSP_EXTRATLEITIMPL_210526_0335_20000000000452966349_000.jpg
3183454799;23525;NA;PSP_EXTRATLEITIMPL_210526_0335_20000000010252969137_000.jpg
3244316149;5943;T181;PSP_EXTRATLEITIMPL_210526_0335_20000000010452974151_000.jpg
3224117689;3743;NA;PSP_EXTRATLEITIMPL_210526_0335_20000000000752975150_000.jpg
50336638;8148;NA;NA
82785620;99999;P111;PSP_EXTRATLEITIMPL_210526_0335_20000000005552980211_000.jpg
91097B;310;NA;PSP_EXTRATLEITIMPL_210526_0335_20000000008552955956_000.jpg
91099B;17439;NA;PSP_EXTRATLEITIMPL_210526_0335_20000000002502966976_000.jpg
3201498200;44416;T111;PSP_EXTRATLEITIMPL_210526_0335_20000000006102970921_000.jpg
3222595923;8393;NA;PSP_EXTRATLEITIMPL_210526_0335_20000000009602960906_000.jpg
3230016070;18139;T181;PSP_EXTRATLEITIMPL_210526_0335_20000000019602984164_000.jpg
3212289883;6768;NA;PSP_EXTRATLEITIMPL_210526_0335_20000000016302977249_000.jpg
3223784231;18232;NA;PSP_EXTRATLEITIMPL_210526_0335_20000000001352989375_000.jpg
155681B;3480;NA;PSP_EXTRATLEITIMPL_210526_0335_20000000002952986399_000.jpg
42310B;31394;NA;PSP_EXTRATLEITIMPL_210526_0335_20000000009602981377_000.jpg
3220262919;18679;T181;PSP_EXTRATLEITIMPL_210526_0335_20000000016952990402_000.jpg
3160361297;144741;T111;PSP_EXTRATLEITIMPL_210526_0335_20000000005002996386_000.jpg
3120477926;8348;NA;PSP_EXTRATLEITIMPL_210526_0335_20000000013502975377_000.jpg
3011200061;71958;NA;PSP_EXTRATLEITIMPL_210526_0335_20000000009952964400_000.jpg
3220378534;23288;NA;PSP_EXTRATLEITIMPL_210526_0335_20000000014802969835_000.jpg
3160360711;76081;NA;PSP_EXTRATLEITIMPL_210526_0335_20000000006652974852_000.jpg
3191366998;24528;NA;NA
3212218765;30685;NA;PSP_EXTRATLEITIMPL_210526_0335_20000000009102965624_000.jpg
50807045;72425;NA;PSP_EXTRATLEITIMPL_210526_0335_20000000006752977667_000.jpg
3212623767;7;P111;PSP_EXTRATLEITIMPL_210526_0335_20000000012452961660_000.jpg
3160993340;23638;NA;PSP_EXTRATLEITIMPL_210526_0335_20000000013552965675_000.jpg
142977B;99638;NA;NA
3190761524;5949;L101;PSP_EXTRATLEITIMPL_210526_0335_20000000009152969852_000.jpg
3154202756;51438;NA;PSP_EXTRATLEITIMPL_210526_0335_20000000000502954840_000.jpg
MV31442;4;P111;PSP_EXTRATLEITIMPL_210526_0335_20000000008052969618_000.jpg
3212578664;142751;T181;PSP_EXTRATLEITIMPL_210526_0335_20000000013752968617_000.jpg
144656B;96232;NA;PSP_EXTRATLEITIMPL_210526_0335_20000000014752965608_000.jpg
3242423894/3245386710/3182884250;6672;NA;PSP_EXTRATLEITIMPL_210526_0335_20000000008552972630_000.jpg
3203904230;46943;T181;PSP_EXTRATLEITIMPL_210526_0335_20000000000252980745_000.jpg
3170025090;46869;NA;PSP_EXTRATLEITIMPL_210526_0335_20000000012252966773_000.jpg
3152926803;12568;NA;PSP_EXTRATLEITIMPL_210526_0335_20000000013602965752_000.jpg
660001093;89258;T111;PSP_EXTRATLEITIMPL_210526_0335_20000000006252982767_000.jpg
66548B;52455;NA;PSP_EXTRATLEITIMPL_210526_0335_20000000014652974362_000.jpg
3212731390;36465;T181;PSP_EXTRATLEITIMPL_210526_0335_20000000018252977376_000.jpg
09134B;439227;NA;PSP_EXTRATLEITIMPL_210526_0335_20000000017502987385_000.jpg
3223294161;11562;T181;PSP_EXTRATLEITIMPL_210526_0335_20000000014302973418_000.jpg
B49002;48471;NA;PSP_EXTRATLEITIMPL_210526_0335_20000000013902969733_000.jpg
3193289796;7850;NA;PSP_EXTRATLEITIMPL_210526_0335_20000000008652978778_000.jpg
81134405;28157;NA;PSP_EXTRATLEITIMPL_210526_0335_20000000004902978784_000.jpg
6252223078/3212678561;0;T161;PSP_EXTRATLEITIMPL_210526_0335_20000000005002987782_000.jpg
3131823192;368423;NA;PSP_EXTRATLEITIMPL_210526_0335_20000000008102980774_000.jpg
41942B;96741;NA;PSP_EXTRATLEITIMPL_210526_0335_20000000009352972770_000.jpg
3222703130;25625;NA;PSP_EXTRATLEITIMPL_210526_0335_20000000014652967726_000.jpg
40177698;72437;T111;PSP_EXTRATLEITIMPL_210526_0335_20000000003952967793_000.jpg
40177787;87849;NA;PSP_EXTRATLEITIMPL_210526_0335_20000000013002950759_000.jpg
3212310041;783098;NA;NA
82144919;39161;NA;NA
022120B;6820;NA;PSP_EXTRATLEITIMPL_210526_0335_20000000013802964810_000.jpg
90113682;88265;NA;PSP_EXTRATLEITIMPL_210526_0335_20000000004102968771_000.jpg
82229736;24172;NA;PSP_EXTRATLEITIMPL_210526_0335_20000000017052984718_000.jpg
156516B;8752;NA;PSP_EXTRATLEITIMPL_210526_0335_20000000003102986722_000.jpg
3132365520;83797;NA;PSP_EXTRATLEITIMPL_210526_0335_20000000005302985753_000.jpg
3220441082;51612;NA;PSP_EXTRATLEITIMPL_210526_0335_20000000017602965824_000.jpg
670013065;73429;NA;PSP_EXTRATLEITIMPL_210526_0335_20000000015702963604_000.jpg
71719790;31533;NA;NA
3222731657;27899;T181;PSP_EXTRATLEITIMPL_210526_0335_20000000000152967651_000.jpg
3181053592;46666;NA;PSP_EXTRATLEITIMPL_210526_0335_20000000005302985752_000.jpg
640277947;59276;NA;PSP_EXTRATLEITIMPL_210526_0335_20000000008352981630_000.jpg
70975734;0;P111;PSP_EXTRATLEITIMPL_210526_0335_20000000000302952925_000.jpg
3131082095;718;NA;PSP_EXTRATLEITIMPL_210526_0335_20000000009302980002_000.jpg
3193202119;64330;T181;PSP_EXTRATLEITIMPL_210526_0335_20000000000252971868_000.jpg
3220412007;59882;NA;PSP_EXTRATLEITIMPL_210526_0335_20000000006652994009_000.jpg
50004457;81999;NA;PSP_EXTRATLEITIMPL_210526_0335_20000000007302975463_000.jpg
81567B;41490;NA;PSP_EXTRATLEITIMPL_210526_0335_20000000016452981420_000.jpg
97299B;79825;NA;PSP_EXTRATLEITIMPL_210526_0335_20000000017852989527_000.jpg
113408B;44479;NA;PSP_EXTRATLEITIMPL_210526_0335_20000000006502990558_000.jpg
3171406837;66586;NA;PSP_EXTRATLEITIMPL_210526_0335_20000000006952981585_000.jpg
3223312615;12817;T181;PSP_EXTRATLEITIMPL_210526_0335_20000000012152966494_000.jpg
J79863;53105;NA;PSP_EXTRATLEITIMPL_210526_0335_20000000008302977525_000.jpg
3160992971;191653;NA;PSP_EXTRATLEITIMPL_210526_0335_20000000011202968776_000.jpg
3242111043;2309;NA;PSP_EXTRATLEITIMPL_210526_0335_20000000001602979763_000.jpg
3220248452;27685;T181;PSP_EXTRATLEITIMPL_210526_0335_20000000005202985823_000.jpg
3203936671;53357;T181;PSP_EXTRATLEITIMPL_210526_0335_20000000006302976760_000.jpg
3241051780;8774;T181;PSP_EXTRATLEITIMPL_210526_0335_20000000016952980769_000.jpg
3231913180;32543;T111;PSP_EXTRATLEITIMPL_210526_0335_20000000009702957779_000.jpg
3193202372;189226;T181;PSP_EXTRATLEITIMPL_210526_0335_20000000013752962769_000.jpg
670015149;6289;NA;PSP_EXTRATLEITIMPL_210526_0335_20000000012852960873_000.jpg
NF72897;0;P111;PSP_EXTRATLEITIMPL_210526_0335_20000000013202964723_000.jpg
3200102036;9;P111;PSP_EXTRATLEITIMPL_210526_0335_20000000006852981873_000.jpg
3211146809;148282;T181;PSP_EXTRATLEITIMPL_210526_0335_20000000019952988243_000.jpg
6250634461/5255953593/3243808790/5255953593/3243808790/3171300567;93229;NA;PSP_EXTRATLEITIMPL_210526_0335_20000000009902980258_000.jpg
5256968632/3241610577;4215;P111;NA
82648887;50115;NA;PSP_EXTRATLEITIMPL_210526_0335_20000000004452996706_000.jpg
3180273637;10322;NA;PSP_EXTRATLEITIMPL_210526_0335_20000000007202978746_000.jpg
3212382590;13442;NA;PSP_EXTRATLEITIMPL_210526_0335_20000000009452954826_000.jpg
3231085202;31572;T181;PSP_EXTRATLEITIMPL_210526_0335_20000000003052962979_000.jpg
3220421812;13444;NA;PSP_EXTRATLEITIMPL_210526_0335_20000000008452951933_000.jpg
143002B;20018;NA;PSP_EXTRATLEITIMPL_210526_0335_20000000003452954981_000.jpg
3212649413;81922;NA;PSP_EXTRATLEITIMPL_210526_0335_20000000012652982004_000.jpg
3220363197;22177;T181;PSP_EXTRATLEITIMPL_210526_0335_20000000006202956932_000.jpg
NF20662;48615;NA;PSP_EXTRATLEITIMPL_210526_0335_20000000019802976907_000.jpg
3193489582;65052;NA;PSP_EXTRATLEITIMPL_210526_0335_20000000017702998074_000.jpg
3223334767;10726;T181;PSP_EXTRATLEITIMPL_210526_0335_20000000000802944989_000.jpg
82669450;81;P111;PSP_EXTRATLEITIMPL_210526_0335_20000000019102957953_000.jpg
51662873;41045;NA;PSP_EXTRATLEITIMPL_210526_0335_20000000001452972878_000.jpg
3190156086;48627;NA;PSP_EXTRATLEITIMPL_210526_0335_20000000012752942960_000.jpg
3230068614;24506;NA;PSP_EXTRATLEITIMPL_210526_0335_20000000004002975544_000.jpg
40078908;22;P111;PSP_EXTRATLEITIMPL_210526_0335_20000000009452969538_000.jpg
3244190323/3245181433/3244190323/3232950756;44383;NA;NA
70004445;19151;T111;NA
3211136714;65024;T181;NA
3231093795;11022;T181;PSP_EXTRATLEITIMPL_210526_0335_20000000019052984126_000.jpg
3231065309;100127;T181;PSP_EXTRATLEITIMPL_210526_0335_20000000018902988270_000.jpg
3211126417;41722;T181;PSP_EXTRATLEITIMPL_210526_0335_20000000007452966905_000.jpg
3203917774;64328;T181;PSP_EXTRATLEITIMPL_210526_0335_20000000009902963835_000.jpg
MG34319;91526;NA;PSP_EXTRATLEITIMPL_210526_0335_20000000009852987145_000.jpg
3203913094;55833;T181;PSP_EXTRATLEITIMPL_210526_0335_20000000013052976131_000.jpg
3222180189;7510;NA;PSP_EXTRATLEITIMPL_210526_0335_20000000005402999019_000.jpg
30127854;0;P111;PSP_EXTRATLEITIMPL_210526_0335_20000000009802950947_000.jpg
3193274926;61419;NA;PSP_EXTRATLEITIMPL_210526_0335_20000000019802973982_000.jpg
90503960;34;P111;PSP_EXTRATLEITIMPL_210526_0335_20000000007452965869_000.jpg
3193497780;108215;NA;PSP_EXTRATLEITIMPL_210526_0335_20000000013402974862_000.jpg
MD92478;13891;NA;NA
3201137844;1354;NA;PSP_EXTRATLEITIMPL_210526_0335_20000000002452997021_000.jpg
3150843196;2447;NA;PSP_EXTRATLEITIMPL_210526_0335_20000000006802984450_000.jpg
3193485935;579823;NA;PSP_EXTRATLEITIMPL_210526_0335_20000000016352953902_000.jpg
3242990802;9848;NA;PSP_EXTRATLEITIMPL_210526_0335_20000000003552993003_000.jpg
3200039016;2005;L101;PSP_EXTRATLEITIMPL_210526_0335_20000000017452994002_000.jpg
3193269337;170304;NA;PSP_EXTRATLEITIMPL_210526_0335_20000000009002982271_000.jpg
3242331892;39597;NA;PSP_EXTRATLEITIMPL_210526_0335_20000000011602969256_000.jpg
3010149933;13129;NA;PSP_EXTRATLEITIMPL_210526_0335_20000000002152964765_000.jpg
3211289057;37246;NA;PSP_EXTRATLEITIMPL_210526_0335_20000000012502981480_000.jpg
3201598159;85054;NA;PSP_EXTRATLEITIMPL_210526_0335_20000000001952988596_000.jpg
3241322229;152;L101;PSP_EXTRATLEITIMPL_210526_0335_20000000003052968930_000.jpg
L81558;3;P111;PSP_EXTRATLEITIMPL_210526_0335_20000000006552968927_000.jpg
3242884336;34;P111;PSP_EXTRATLEITIMPL_210526_0335_20000000019702972526_000.jpg
MG61482;5;P111;PSP_EXTRATLEITIMPL_210526_0335_20000000000002984800_000.jpg
3224157893;266;P111;PSP_EXTRATLEITIMPL_210526_0335_20000000004853002619_000.jpg
71571785;45038;NA;PSP_EXTRATLEITIMPL_210526_0335_20000000005702962905_000.jpg
3233474460;999999;NA;PSP_EXTRATLEITIMPL_210526_0335_20000000006752987118_000.jpg
3151775461;59;M141;PSP_EXTRATLEITIMPL_210526_0335_20000000019352970919_000.jpg
80380658;12871;NA;PSP_EXTRATLEITIMPL_210526_0335_20000000018402973750_000.jpg
3211929242;851;P111;PSP_EXTRATLEITIMPL_210526_0335_20000000002552954948_000.jpg
3191382080;35040;NA;PSP_EXTRATLEITIMPL_210526_0335_20000000011352950841_000.jpg
3212536554;9056;T181;PSP_EXTRATLEITIMPL_210526_0335_20000000001002953878_000.jpg
3210033180;11403;NA;PSP_EXTRATLEITIMPL_210526_0335_20000000017002989919_000.jpg
3211149441;50470;T181;PSP_EXTRATLEITIMPL_210526_0335_20000000015002960637_000.jpg
3224190343;692;T111;PSP_EXTRATLEITIMPL_210526_0335_20000000014302968669_000.jpg
60921547;956;L101;PSP_EXTRATLEITIMPL_210526_0335_20000000017252985699_000.jpg
3220308994;9460;T181;PSP_EXTRATLEITIMPL_210526_0335_20000000015002946996_000.jpg
3212887004;13087;NA;PSP_EXTRATLEITIMPL_210526_0335_20000000014702950934_000.jpg
61301127;47462;NA;PSP_EXTRATLEITIMPL_210526_0335_20000000008502946906_000.jpg
6252037207/62232854;99999;NA;PSP_EXTRATLEITIMPL_210526_0335_20000000006002958977_000.jpg
3121396067;55794;NA;PSP_EXTRATLEITIMPL_210526_0335_20000000012802981152_000.jpg
3201675307;3576;L101;PSP_EXTRATLEITIMPL_210526_0335_20000000010052974881_000.jpg
X14524;16141;NA;PSP_EXTRATLEITIMPL_210526_0335_20000000003102995315_000.jpg
50198766;2159;T111;PSP_EXTRATLEITIMPL_210526_0335_20000000007902979343_000.jpg
3190969001;8276;NA;PSP_EXTRATLEITIMPL_210526_0335_20000000002452977864_000.jpg
3142304111;11552;T111;PSP_EXTRATLEITIMPL_210526_0335_20000000012702980151_000.jpg
3201953366;313;P111;PSP_EXTRATLEITIMPL_210526_0335_20000000015302978886_000.jpg
3211875622;8147;NA;PSP_EXTRATLEITIMPL_210526_0335_20000000010602967562_000.jpg
3202584038;238;P111;PSP_EXTRATLEITIMPL_210526_0335_20000000006952981586_000.jpg
3242344030/3212571260;20513;T181;PSP_EXTRATLEITIMPL_210526_0335_20000000014202964429_000.jpg
50806936;81715;NA;PSP_EXTRATLEITIMPL_210526_0335_20000000008452958803_000.jpg
3170033085;33519;NA;PSP_EXTRATLEITIMPL_210526_0335_20000000011652980273_000.jpg
3191121812;75993;NA;PSP_EXTRATLEITIMPL_210526_0335_20000000016152971353_000.jpg
640277009;74357;NA;PSP_EXTRATLEITIMPL_210526_0335_20000000014752957811_000.jpg
3244344142/3194025300;25498;NA;PSP_EXTRATLEITIMPL_210526_0335_20000000005252984985_000.jpg
3193391949;41053;NA;PSP_EXTRATLEITIMPL_210526_0335_20000000014702953922_000.jpg
3011203141;42245;NA;PSP_EXTRATLEITIMPL_210526_0335_20000000001052966812_000.jpg
3171373734;331407;NA;PSP_EXTRATLEITIMPL_210526_0335_20000000000902974506_000.jpg
3242431218;89573;NA;PSP_EXTRATLEITIMPL_210526_0335_20000000004502977656_000.jpg
3212447187;36240;NA;PSP_EXTRATLEITIMPL_210526_0335_20000000000252972939_000.jpg
3222481111;21702;T181;PSP_EXTRATLEITIMPL_210526_0335_20000000019152972879_000.jpg
3241049182;10794;T181;PSP_EXTRATLEITIMPL_210526_0335_20000000019602964886_000.jpg
3203486331;1;P111;PSP_EXTRATLEITIMPL_210526_0335_20000000009652980010_000.jpg
3212723176;15334;T181;PSP_EXTRATLEITIMPL_210526_0335_20000000003402965967_000.jpg
3161467986;109609;NA;PSP_EXTRATLEITIMPL_210526_0335_20000000016452975776_000.jpg
3160413165;62516;NA;PSP_EXTRATLEITIMPL_210526_0335_20000000014402965604_000.jpg
3211135084;12393;T181;PSP_EXTRATLEITIMPL_210526_0335_20000000009802965670_000.jpg
J28575;45;P111;PSP_EXTRATLEITIMPL_210526_0335_20000000005952980409_000.jpg
3193126684;9022;T111;PSP_EXTRATLEITIMPL_210526_0335_20000000005752974333_000.jpg
3212343357;184843;NA;PSP_EXTRATLEITIMPL_210526_0335_20000000017353002596_000.jpg
3212524750;48889;NA;PSP_EXTRATLEITIMPL_210526_0335_20000000009052967554_000.jpg
3242021621;273;L101;PSP_EXTRATLEITIMPL_210526_0335_20000000014052959886_000.jpg
3133180400;22824;NA;PSP_EXTRATLEITIMPL_210526_0335_20000000008052948951_000.jpg
3223291189;11362;T181;PSP_EXTRATLEITIMPL_210526_0335_20000000005452981128_000.jpg
3200961594;15212;L101;PSP_EXTRATLEITIMPL_210526_0335_20000000011502952926_000.jpg
3231026400;30873;T181;PSP_EXTRATLEITIMPL_210526_0335_20000000002802992151_000.jpg
3160411170;299985;NA;PSP_EXTRATLEITIMPL_210526_0335_20000000008652966925_000.jpg
3191396528;36171;NA;PSP_EXTRATLEITIMPL_210526_0335_20000000008802963866_000.jpg
3244343561;82513;NA;PSP_EXTRATLEITIMPL_210526_0335_20000000016752972830_000.jpg
3181096259;31766;NA;PSP_EXTRATLEITIMPL_210526_0335_20000000005752958983_000.jpg
3161356718;94595;NA;PSP_EXTRATLEITIMPL_210526_0335_20000000017602971634_000.jpg
3212929700;3855;NA;PSP_EXTRATLEITIMPL_210526_0335_20000000011652975540_000.jpg
62187328;45924;T111;PSP_EXTRATLEITIMPL_210526_0335_20000000010252961536_000.jpg
3242511530/3171825988;7494;NA;PSP_EXTRATLEITIMPL_210526_0335_20000000005802982296_000.jpg
6251199459/H90007;1524;NA;PSP_EXTRATLEITIMPL_210526_0335_20000000006252965969_000.jpg
3203910192;157088;T181;PSP_EXTRATLEITIMPL_210526_0335_20000000010752960878_000.jpg
MB04849;19561;NA;PSP_EXTRATLEITIMPL_210526_0335_20000000018952988083_000.jpg
MA32824;19806;NA;PSP_EXTRATLEITIMPL_210526_0335_20000000015702975000_000.jpg
61220925;37542;NA;PSP_EXTRATLEITIMPL_210526_0335_20000000014302976141_000.jpg
3180687326;767;NA;PSP_EXTRATLEITIMPL_210526_0335_20000000006702981613_000.jpg
3223841413;135856;NA;NA
5257703985/W13800;977;NA;PSP_EXTRATLEITIMPL_210526_0335_20000000007002981667_000.jpg
30199820;8;P111;PSP_EXTRATLEITIMPL_210526_0335_20000000013252967373_000.jpg
T47349;1;P111;PSP_EXTRATLEITIMPL_210526_0335_20000000010602971375_000.jpg
3243956527;7843;NA;PSP_EXTRATLEITIMPL_210526_0335_20000000013952963660_000.jpg
3212804508;249;NA;PSP_EXTRATLEITIMPL_210526_0335_20000000008702979636_000.jpg
3161377120;6233;NA;NA
3241171441/3242491229;0;T161;NA
26880B;54791;NA;NA
3181482248;23829;NA;NA
3180489966;30046;NA;PSP_EXTRATLEITIMPL_210526_0335_20000000010052963925_000.jpg
5256639213/61363459;818;NA;PSP_EXTRATLEITIMPL_210526_0335_20000000018552992104_000.jpg
X39443;23318;L101;NA
3220320501;19664;T181;PSP_EXTRATLEITIMPL_210526_0335_20000000019052973764_000.jpg
3200790854;6366;NA;PSP_EXTRATLEITIMPL_210526_0335_20000000009152974673_000.jpg
3244307913;3927;T181;PSP_EXTRATLEITIMPL_210526_0335_20000000000702955763_000.jpg
41102659;11492;NA;PSP_EXTRATLEITIMPL_210526_0335_20000000010052988247_000.jpg
3230081084;1527;NA;NA
3161497435;93115;NA;PSP_EXTRATLEITIMPL_210526_0335_20000000019852979563_000.jpg
3220253472;279886;T181;PSP_EXTRATLEITIMPL_210526_0335_20000000005652968778_000.jpg
62494069;11653;NA;PSP_EXTRATLEITIMPL_210526_0335_20000000001202971742_000.jpg
5260377193/71705552;4788;NA;PSP_EXTRATLEITIMPL_210526_0335_20000000008052953964_000.jpg
43911B;45140;NA;PSP_EXTRATLEITIMPL_210526_0335_20000000012602980355_000.jpg
3223315452;5882;T181;PSP_EXTRATLEITIMPL_210526_0335_20000000006402977400_000.jpg
171709;6172;NA;NA
3223408647;18365;T181;PSP_EXTRATLEITIMPL_210526_0335_20000000007402968812_000.jpg
3150163950;61583;NA;PSP_EXTRATLEITIMPL_210526_0335_20000000011902975134_000.jpg
3210374930;6556;NA;PSP_EXTRATLEITIMPL_210526_0335_20000000000802950854_000.jpg
3241173100;22770;T181;PSP_EXTRATLEITIMPL_210526_0335_20000000018852967855_000.jpg
3193756718;8162;NA;PSP_EXTRATLEITIMPL_210526_0335_20000000010702978679_000.jpg
3190248681;20228;NA;PSP_EXTRATLEITIMPL_210526_0335_20000000016252976143_000.jpg
3170590987;1636;NA;PSP_EXTRATLEITIMPL_210526_0335_20000000011402987161_000.jpg
3242356569;8757;T181;PSP_EXTRATLEITIMPL_210526_0335_20000000017152993579_000.jpg
3181029640;11654;T181;PSP_EXTRATLEITIMPL_210526_0335_20000000014352952601_000.jpg
3171714353;222255;NA;PSP_EXTRATLEITIMPL_210526_0335_20000000002702966935_000.jpg
3194023595;273613;T181;PSP_EXTRATLEITIMPL_210526_0335_20000000000502951856_000.jpg
50609880;5520;NA;PSP_EXTRATLEITIMPL_210526_0335_20000000012402957823_000.jpg
5256965110/70004798;5888;NA;PSP_EXTRATLEITIMPL_210526_0335_20000000011302965730_000.jpg
3244438651;1664;NA;PSP_EXTRATLEITIMPL_210526_0335_20000000011702970363_000.jpg
3223334139;19239;T181;PSP_EXTRATLEITIMPL_210526_0335_20000000007602975532_000.jpg
3193388948;18477;NA;PSP_EXTRATLEITIMPL_210526_0335_20000000002352977593_000.jpg
3223326276;10854;T181;PSP_EXTRATLEITIMPL_210526_0335_20000000000552964574_000.jpg
3223281680;19252;T181;PSP_EXTRATLEITIMPL_210526_0335_20000000007602975533_000.jpg
3222212838;4882;NA;PSP_EXTRATLEITIMPL_210526_0335_20000000013002960263_000.jpg
3226182739;12012;NA;PSP_EXTRATLEITIMPL_210526_0335_20000000013552973264_000.jpg
70980940;61951;NA;PSP_EXTRATLEITIMPL_210526_0335_20000000002552983252_000.jpg
6251447673;0;NA;PSP_EXTRATLEITIMPL_210526_0335_20000000006202974629_000.jpg
3244285200/3010245743;4965;T181;PSP_EXTRATLEITIMPL_210526_0335_20000000002152968656_000.jpg
3154721800;62427;NA;PSP_EXTRATLEITIMPL_210526_0335_20000000000552963652_000.jpg
W77263;45213;L101;PSP_EXTRATLEITIMPL_210526_0335_20000000013402983682_000.jpg
3220949752;1961;L101;PSP_EXTRATLEITIMPL_210526_0335_20000000007502951969_000.jpg
3244160130/3204807093;104;P111;PSP_EXTRATLEITIMPL_210526_0335_20000000019502955982_000.jpg
3154693083;9340;NA;PSP_EXTRATLEITIMPL_210526_0335_20000000018102986499_000.jpg
3243376202;574;P111;NA
3231121292;12764;T181;PSP_EXTRATLEITIMPL_210526_0335_20000000016502952866_000.jpg
3226142109;1594;NA;PSP_EXTRATLEITIMPL_210526_0335_20000000003103000071_000.jpg
3160350767;27407;NA;PSP_EXTRATLEITIMPL_210526_0335_20000000016452985275_000.jpg
6251192357/3242520997;558;T181;PSP_EXTRATLEITIMPL_210526_0335_20000000003402985266_000.jpg
3233494169;49508;T181;PSP_EXTRATLEITIMPL_210526_0335_20000000014052974730_000.jpg
5256961492/51036204;4894;T181;PSP_EXTRATLEITIMPL_210526_0335_20000000018302974734_000.jpg
3212713405;41233;T181;PSP_EXTRATLEITIMPL_210526_0335_20000000016652978999_000.jpg
3193044270;7542;NA;PSP_EXTRATLEITIMPL_210526_0335_20000000009252978147_000.jpg
3221433520;16233;NA;NA
3181067844;102496;NA;PSP_EXTRATLEITIMPL_210526_0335_20000000017852996076_000.jpg
3152115767;36399;NA;PSP_EXTRATLEITIMPL_210526_0335_20000000011352965104_000.jpg
3241990531;1766;T111;PSP_EXTRATLEITIMPL_210526_0335_20000000017752982742_000.jpg
3242831984;5378;NA;PSP_EXTRATLEITIMPL_210526_0335_20000000004302976804_000.jpg
3193428524;31742;NA;PSP_EXTRATLEITIMPL_210526_0335_20000000005702973817_000.jpg
3132250153;183750;NA;PSP_EXTRATLEITIMPL_210526_0335_20000000016952969996_000.jpg
3160004737;53370;NA;PSP_EXTRATLEITIMPL_210526_0335_20000000009002964880_000.jpg
3010053894;99999;P111;PSP_EXTRATLEITIMPL_210526_0335_20000000009402943910_000.jpg
3212445982;52481;NA;PSP_EXTRATLEITIMPL_210526_0335_20000000019052968893_000.jpg
3231096140;5632;T181;PSP_EXTRATLEITIMPL_210526_0335_20000000010352958904_000.jpg
3205612040;2368;NA;PSP_EXTRATLEITIMPL_210526_0335_20000000000902975401_000.jpg
3120338594;24955;T111;PSP_EXTRATLEITIMPL_210526_0335_20000000007502978366_000.jpg
3170000390;3682;T181;PSP_EXTRATLEITIMPL_210526_0335_20000000016452974798_000.jpg
3222733897;70896;T181;PSP_EXTRATLEITIMPL_210526_0335_20000000000552957847_000.jpg
3152387309;14839;NA;PSP_EXTRATLEITIMPL_210526_0335_20000000014302969527_000.jpg
3190895911;9074;NA;PSP_EXTRATLEITIMPL_210526_0335_20000000009002964881_000.jpg
3244131939/3202770117;21021;NA;NA
3181704100;1490;P111;PSP_EXTRATLEITIMPL_210526_0335_20000000012302957968_000.jpg
3180691390;9276;NA;PSP_EXTRATLEITIMPL_210526_0335_20000000012752944932_000.jpg
3242518127;8547;T181;NA
3211524412;50475;NA;PSP_EXTRATLEITIMPL_210526_0335_00000000000211758584_000.jpg
3243802457/3231032567;28459;T181;PSP_EXTRATLEITIMPL_210526_0335_20000000008552978367_000.jpg
3151648290;40675;NA;PSP_EXTRATLEITIMPL_210526_0335_20000000014252968338_000.jpg
3180006396;4613;NA;PSP_EXTRATLEITIMPL_210526_0335_20000000013202967697_000.jpg
40281584;12127;NA;PSP_EXTRATLEITIMPL_210526_0335_20000000017002992737_000.jpg
3223094308;5580;NA;PSP_EXTRATLEITIMPL_210526_0335_20000000010752972738_000.jpg
3191068873;219062;NA;PSP_EXTRATLEITIMPL_210526_0335_20000000015152974766_000.jpg
3244287300/3170338110;4941;T181;PSP_EXTRATLEITIMPL_210526_0335_20000000014452958828_000.jpg
3141707034;54578;NA;PSP_EXTRATLEITIMPL_210526_0335_20000000001352978767_000.jpg
3132443083;5864;NA;PSP_EXTRATLEITIMPL_210526_0335_20000000019852972779_000.jpg
3213319840;1438;NA;PSP_EXTRATLEITIMPL_210526_0335_20000000019552985817_000.jpg
3131416520;20178;NA;PSP_EXTRATLEITIMPL_210526_0335_20000000009802960785_000.jpg
3244191494;33524;NA;NA
3213792856;28467;NA;PSP_EXTRATLEITIMPL_210526_0335_20000000003452976580_000.jpg
3192725975;5708;NA;PSP_EXTRATLEITIMPL_210526_0335_20000000018852980528_000.jpg
5255953224/3233478317;17566;NA;NA
5255955073/3245129385/5255955073/3242657119/3193433277;60939;NA;NA
3244186350/3245181166/3244186350/3131851714;22365;NA;NA
3203754611;146025;T181;PSP_EXTRATLEITIMPL_210526_0335_20000000012702963824_000.jpg
3171289474;317824;NA;PSP_EXTRATLEITIMPL_210526_0335_20000000003602974826_000.jpg
3230049709;146123;NA;PSP_EXTRATLEITIMPL_210526_0335_20000000010902965865_000.jpg
3140646597;363958;NA;PSP_EXTRATLEITIMPL_210526_0335_20000000011102952917_000.jpg
3192448041;85621;NA;PSP_EXTRATLEITIMPL_210526_0335_20000000017252977927_001.jpg
3171786885;201592;NA;PSP_EXTRATLEITIMPL_210526_0335_20000000019302972903_000.jpg
3140845026;150128;NA;PSP_EXTRATLEITIMPL_210526_0335_20000000005202974980_000.jpg
6251133342/3182313334;2071;T181;PSP_EXTRATLEITIMPL_210526_0335_20000000003352979003_000.jpg
3204216893;33715;NA;PSP_EXTRATLEITIMPL_210526_0335_20000000019252973799_000.jpg
3221840428;90315;NA;PSP_EXTRATLEITIMPL_210526_0335_20000000014652967727_000.jpg
3222733951;8482;T181;PSP_EXTRATLEITIMPL_210526_0335_20000000009202972782_000.jpg
660064460;45771;NA;PSP_EXTRATLEITIMPL_210526_0335_20000000017452974797_000.jpg
3220387452;79954;NA;PSP_EXTRATLEITIMPL_210526_0335_20000000019552985815_000.jpg
3191822845;22399;NA;PSP_EXTRATLEITIMPL_210526_0335_20000000008702974795_000.jpg
3154181244;44942;NA;PSP_EXTRATLEITIMPL_210526_0335_20000000016502957812_000.jpg
3009022098;39572;NA;PSP_EXTRATLEITIMPL_210526_0335_20000000017052981770_000.jpg
3241177091;45648;NA;NA
3241176842;208139;NA;PSP_EXTRATLEITIMPL_210526_0335_20000000002052986766_000.jpg
3171723760;88243;NA;PSP_EXTRATLEITIMPL_210526_0335_20000000009452961824_000.jpg
6251173417/3194015584;2733;T181;PSP_EXTRATLEITIMPL_210526_0335_20000000019402977871_000.jpg
3245074050/3245178742/3245074050/140234B;39833;NA;NA
3170386689;23225;NA;PSP_EXTRATLEITIMPL_210526_0335_20000000003552982655_000.jpg
3171722771;20989;NA;PSP_EXTRATLEITIMPL_210526_0335_20000000002052993514_000.jpg
3232929641;51281;NA;PSP_EXTRATLEITIMPL_210526_0335_20000000014102961468_000.jpg
3211928424;8302;NA;PSP_EXTRATLEITIMPL_210526_0335_20000000001202978407_000.jpg
3141804870;23371;NA;PSP_EXTRATLEITIMPL_210526_0335_20000000009852983567_000.jpg
40607579;12574;NA;PSP_EXTRATLEITIMPL_210526_0335_20000000002152970501_000.jpg
40429379;1536;NA;PSP_EXTRATLEITIMPL_210526_0335_20000000009802968497_000.jpg
3132721431;10739;NA;PSP_EXTRATLEITIMPL_210526_0335_20000000019852963961_000.jpg
3132722420;15221;NA;PSP_EXTRATLEITIMPL_210526_0335_20000000011152955969_000.jpg
3221837800;304930;NA;PSP_EXTRATLEITIMPL_210526_0335_20000000019002962892_000.jpg
3212467048;321881;NA;NA
3130051900;2607;NA;PSP_EXTRATLEITIMPL_210526_0335_20000000014952970070_000.jpg
3244332098/3160357419;41121;NA;PSP_EXTRATLEITIMPL_210526_0335_20000000002102986107_000.jpg
91616955;27361;NA;PSP_EXTRATLEITIMPL_210526_0335_20000000019152969888_000.jpg
3192148048;119071;NA;PSP_EXTRATLEITIMPL_210526_0335_20000000010402947909_000.jpg
3231117686;74972;T181;NA
3202651827;5880;NA;PSP_EXTRATLEITIMPL_210526_0335_20000000004902991128_000.jpg
3171800470;516965;NA;PSP_EXTRATLEITIMPL_210526_0335_20000000016502971135_000.jpg
3221840460;7946;NA;PSP_EXTRATLEITIMPL_210526_0335_20000000017153000143_000.jpg
3242099221;1037;NA;PSP_EXTRATLEITIMPL_210526_0335_20000000006952989144_000.jpg
3172339424;55826;T181;PSP_EXTRATLEITIMPL_210526_0335_20000000003502998169_000.jpg
3201595028;64545;NA;PSP_EXTRATLEITIMPL_210526_0335_20000000007752987157_000.jpg
3212599300;129111;NA;PSP_EXTRATLEITIMPL_210526_0335_20000000007402965903_000.jpg
3141458425;11608;NA;PSP_EXTRATLEITIMPL_210526_0335_20000000005152989974_000.jpg
3192917092;12979;NA;PSP_EXTRATLEITIMPL_210526_0335_20000000018852972866_000.jpg
3224148312;4193;NA;PSP_EXTRATLEITIMPL_210526_0335_20000000019202969896_000.jpg
3223308065;40174;T181;PSP_EXTRATLEITIMPL_210526_0335_20000000005502975861_000.jpg
3180038204;21192;NA;PSP_EXTRATLEITIMPL_210526_0335_20000000018102975908_000.jpg
3180038174;20770;NA;PSP_EXTRATLEITIMPL_210526_0335_20000000019852970833_000.jpg
3180038328;8021;NA;PSP_EXTRATLEITIMPL_210526_0335_20000000015352970885_000.jpg
30656504;13540;NA;PSP_EXTRATLEITIMPL_210526_0335_20000000011702967571_000.jpg
6251137763/3150800527;29625;NA;PSP_EXTRATLEITIMPL_210526_0335_20000000019202963926_000.jpg
3224389620;2612;NA;PSP_EXTRATLEITIMPL_210526_0335_20000000019952992026_000.jpg
6251136490/3181031475;8549;NA;NA
3201834855;1091;NA;NA
D37693;9499;NA;NA
3191069500;24517;NA;PSP_EXTRATLEITIMPL_210526_0335_20000000016002960752_000.jpg
IC10995;24;P111;PSP_EXTRATLEITIMPL_210526_0335_20000000018602986554_000.jpg
3121541040;22669;NA;PSP_EXTRATLEITIMPL_210526_0335_20000000006252981780_000.jpg
3190263974;3548;NA;PSP_EXTRATLEITIMPL_210526_0335_20000000011852957909_000.jpg
5256948135/3221839837;0;T181;PSP_EXTRATLEITIMPL_210526_0335_20000000003352966587_000.jpg
3202332705;212;NA;PSP_EXTRATLEITIMPL_210526_0335_20000000012352970243_000.jpg
81612455;39387;NA;PSP_EXTRATLEITIMPL_210526_0335_20000000005602964217_000.jpg
40956646;94990;NA;PSP_EXTRATLEITIMPL_210526_0335_20000000007802987193_000.jpg
50543846;8736;NA;PSP_EXTRATLEITIMPL_210526_0335_20000000014102943931_000.jpg
50265170;7378;NA;PSP_EXTRATLEITIMPL_210526_0335_20000000017552977980_000.jpg
41310138;739;B101;PSP_EXTRATLEITIMPL_210526_0335_20000000011152970583_000.jpg
6251475766/90516728;1288;NA;PSP_EXTRATLEITIMPL_210526_0335_20000000014552952938_000.jpg
3224025830;971;NA;PSP_EXTRATLEITIMPL_210526_0335_20000000002002992635_000.jpg
3190494003;9216;NA;PSP_EXTRATLEITIMPL_210526_0335_20000000008852973635_000.jpg
3011171233;0;B111;PSP_EXTRATLEITIMPL_210526_0335_20000000006602972903_000.jpg
82742239;14560;L101;PSP_EXTRATLEITIMPL_210526_0335_20000000018602991175_000.jpg
3141571000;8973;L101;PSP_EXTRATLEITIMPL_210526_0335_20000000005552970795_000.jpg
3192445611;170029;NA;PSP_EXTRATLEITIMPL_210526_0335_20000000019602974644_000.jpg
3210217788;10100;L101;PSP_EXTRATLEITIMPL_210526_0335_20000000000552967436_000.jpg
3244345254/3132098777;4296;NA;PSP_EXTRATLEITIMPL_210526_0335_20000000019402991024_000.jpg
3233034087;1262;NA;PSP_EXTRATLEITIMPL_210526_0335_20000000012952969070_000.jpg
30216547;1864;B111;PSP_EXTRATLEITIMPL_210526_0335_20000000001502985175_000.jpg
3211284543;55564;T181;PSP_EXTRATLEITIMPL_210526_0335_20000000007652950960_000.jpg
3180755267;644;NA;PSP_EXTRATLEITIMPL_210526_0335_20000000015752950907_000.jpg
5257879706/3192377497;2984;T181;PSP_EXTRATLEITIMPL_210526_0335_20000000017502977864_000.jpg
NF48749;38618;B111;PSP_EXTRATLEITIMPL_210526_0335_20000000007152975817_000.jpg
3121430516;566;P111;PSP_EXTRATLEITIMPL_210526_0335_20000000005252999667_000.jpg
3230021910;21616;T181;PSP_EXTRATLEITIMPL_210526_0335_20000000012752945975_000.jpg
3120641211;34864;NA;PSP_EXTRATLEITIMPL_210526_0335_20000000014902979064_000.jpg
3244288226/3233443548;3251;T181;NA
70466570;61983;NA;NA
3181063440;205351;NA;PSP_EXTRATLEITIMPL_210526_0335_20000000005702976761_000.jpg
3172653838;0;B111;PSP_EXTRATLEITIMPL_210526_0335_20000000018302979560_000.jpg
Q59606;10912;B111;PSP_EXTRATLEITIMPL_210526_0335_20000000007802976743_000.jpg
3182714800;7032;NA;PSP_EXTRATLEITIMPL_210526_0335_20000000000552957849_000.jpg
3182792631;10533;NA;NA
3245273281/3182677239;292;NA;NA
5256886881/5256228752/5256886881/3220458325;123990;NA;NA
3232250690;13847;NA;PSP_EXTRATLEITIMPL_210526_0335_20000000006602989373_000.jpg
6251144638/3152351584;4277;T181;PSP_EXTRATLEITIMPL_210526_0335_20000000000652967661_000.jpg
3194029844;151167;T181;PSP_EXTRATLEITIMPL_210526_0335_20000000009052964654_000.jpg
3131048318;38513;NA;PSP_EXTRATLEITIMPL_210526_0335_20000000017003000448_000.jpg
3151307670;71394;NA;PSP_EXTRATLEITIMPL_210526_0335_20000000001652981663_000.jpg
3214306815;23310;T181;PSP_EXTRATLEITIMPL_210526_0335_20000000007952977524_000.jpg
3200710656;17401;NA;PSP_EXTRATLEITIMPL_210526_0335_20000000000252987453_000.jpg
3183556826;41750;NA;PSP_EXTRATLEITIMPL_210526_0335_20000000016552973489_000.jpg
3154627285;7743;NA;PSP_EXTRATLEITIMPL_210526_0335_20000000005302973970_000.jpg
3171656639;7;P111;PSP_EXTRATLEITIMPL_210526_0335_20000000018302964894_000.jpg
063535B;948760;NA;PSP_EXTRATLEITIMPL_210526_0335_20000000016102935989_000.jpg
3211120320;118640;T181;PSP_EXTRATLEITIMPL_210526_0335_20000000010302954985_000.jpg
L49528;52500;NA;PSP_EXTRATLEITIMPL_210526_0335_20000000005552955905_000.jpg
5257691197/W72721;1767;NA;PSP_EXTRATLEITIMPL_210526_0335_20000000005502986459_000.jpg
3211287607;33146;T181;PSP_EXTRATLEITIMPL_210526_0335_20000000014602984384_000.jpg
3222114747;6392;NA;PSP_EXTRATLEITIMPL_210526_0335_20000000001402978813_000.jpg
62506938;9;P111;PSP_EXTRATLEITIMPL_210526_0335_20000000008052963835_000.jpg
G24529;4128;NA;PSP_EXTRATLEITIMPL_210526_0335_20000000007952969800_000.jpg
3232594062;835;M141;PSP_EXTRATLEITIMPL_210526_0335_20000000000852961770_000.jpg
NU07945;39519;NA;NA
3244825914;677;NA;PSP_EXTRATLEITIMPL_210526_0335_20000000019552976949_000.jpg
3222729814;35115;T181;PSP_EXTRATLEITIMPL_210526_0335_20000000010352975546_000.jpg
3231040721;9758;T181;PSP_EXTRATLEITIMPL_210526_0335_20000000001502980558_000.jpg
3192901277;14575;NA;PSP_EXTRATLEITIMPL_210526_0335_20000000012452956845_000.jpg
3233443580;698;NA;PSP_EXTRATLEITIMPL_210526_0335_20000000008252948867_000.jpg
3153670357;111750;NA;PSP_EXTRATLEITIMPL_210526_0335_20000000011652973660_000.jpg
3204519322;26737;NA;PSP_EXTRATLEITIMPL_210526_0335_20000000009002975669_000.jpg
3245074157/3245180313/3245074157/3120449469/3212399166;115344;NA;NA
3193207153;45914;T181;PSP_EXTRATLEITIMPL_210526_0335_20000000000252992175_000.jpg
3132358914;185998;NA;PSP_EXTRATLEITIMPL_210526_0335_20000000003452982200_000.jpg
50816567;20576;NA;PSP_EXTRATLEITIMPL_210526_0335_20000000016952992224_000.jpg
3181166133;47128;NA;PSP_EXTRATLEITIMPL_210526_0335_20000000004953006262_000.jpg
3220352977;20686;T181;PSP_EXTRATLEITIMPL_210526_0335_20000000013702974359_000.jpg
3223077179;6740;NA;PSP_EXTRATLEITIMPL_210526_0335_20000000002402964868_000.jpg
E75921;34444;L101;NA
3160355246;140265;NA;NA
5257573992/NF75611;1890;NA;PSP_EXTRATLEITIMPL_210526_0335_20000000008852972685_000.jpg
3150615738;6382;NA;PSP_EXTRATLEITIMPL_210526_0335_20000000016802993377_000.jpg
3140724792;25196;L101;PSP_EXTRATLEITIMPL_210526_0335_20000000013702972403_000.jpg
3203738624;8220;L101;PSP_EXTRATLEITIMPL_210526_0335_20000000010352957972_000.jpg
D91583;59810;L101;PSP_EXTRATLEITIMPL_210526_0335_20000000009402943908_000.jpg
3183065288;6619;NA;PSP_EXTRATLEITIMPL_210526_0335_20000000018652980960_000.jpg
L87827;36426;NA;PSP_EXTRATLEITIMPL_210526_0335_20000000015602961894_000.jpg
3011075389;13051;L101;PSP_EXTRATLEITIMPL_210526_0335_20000000007352970874_000.jpg
3241623180;78497;NA;PSP_EXTRATLEITIMPL_210526_0335_20000000016252948953_000.jpg
5257105093/3181461062;1766;T181;PSP_EXTRATLEITIMPL_210526_0335_20000000013052948921_000.jpg
3203531060;16351;NA;PSP_EXTRATLEITIMPL_210526_0335_20000000006252963986_000.jpg
3130236706;13585;NA;PSP_EXTRATLEITIMPL_210526_0335_20000000017152976971_000.jpg
3213932348;18269;NA;PSP_EXTRATLEITIMPL_210526_0335_20000000018202964948_000.jpg
61664688;80293;NA;PSP_EXTRATLEITIMPL_210526_0335_20000000003752958872_000.jpg
3202422690;1916;NA;PSP_EXTRATLEITIMPL_210526_0335_20000000016652993368_000.jpg
3141887695;3524;L101;PSP_EXTRATLEITIMPL_210526_0335_20000000017052977889_000.jpg
3205358047;3929;NA;PSP_EXTRATLEITIMPL_210526_0335_20000000004552968939_000.jpg
MC52264;9098;B111;PSP_EXTRATLEITIMPL_210526_0335_20000000018102984575_000.jpg
3204520940;78;NA;PSP_EXTRATLEITIMPL_210526_0335_20000000013452961877_000.jpg
MH46779;29515;L101;PSP_EXTRATLEITIMPL_210526_0335_20000000016202951944_000.jpg
3202439674;1029;NA;PSP_EXTRATLEITIMPL_210526_0335_20000000005502971942_000.jpg
MB64971;28576;NA;PSP_EXTRATLEITIMPL_210526_0335_20000000015852972294_000.jpg
3241573612;7923;T181;PSP_EXTRATLEITIMPL_210526_0335_20000000006402980146_000.jpg
3214284854;231124;NA;NA
81637962;7504;NA;NA
3211145594;92852;T181;NA
80607091;6077;T111;NA
3202988376;4372;L101;PSP_EXTRATLEITIMPL_210526_0335_20000000008952961504_000.jpg
3241769002;585;NA;PSP_EXTRATLEITIMPL_210526_0335_20000000014402953894_000.jpg
3241641545;17617;T181;PSP_EXTRATLEITIMPL_210526_0335_20000000018252985039_000.jpg
3244304817;2584;T181;PSP_EXTRATLEITIMPL_210526_0335_20000000017002976947_000.jpg
3204603285;25290;T181;PSP_EXTRATLEITIMPL_210526_0335_20000000011402986279_000.jpg
3241545465;10352;T181;PSP_EXTRATLEITIMPL_210526_0335_20000000004253001254_000.jpg
3193209814;17638;T181;PSP_EXTRATLEITIMPL_210526_0335_20000000001002970268_000.jpg
3223311791;8045;T181;PSP_EXTRATLEITIMPL_210526_0335_20000000019302981636_000.jpg
3222477688;9513;T181;PSP_EXTRATLEITIMPL_210526_0335_20000000013152971625_000.jpg
3203801237;36456;T181;PSP_EXTRATLEITIMPL_210526_0335_20000000009802964690_000.jpg
3204263557;23137;T181;PSP_EXTRATLEITIMPL_210526_0335_20000000010452965640_000.jpg
62051876;13211;NA;PSP_EXTRATLEITIMPL_210526_0335_20000000009852978697_000.jpg
3241172529;9403;T181;PSP_EXTRATLEITIMPL_210526_0335_20000000019402989275_000.jpg
3211165854;31941;T181;PSP_EXTRATLEITIMPL_210526_0335_20000000016703002264_000.jpg
91298821;99999;P111;PSP_EXTRATLEITIMPL_210526_0335_20000000009552973278_000.jpg
60335850;972;B111;PSP_EXTRATLEITIMPL_210526_0335_20000000001802995612_000.jpg
40394907;34143;NA;PSP_EXTRATLEITIMPL_210526_0335_20000000009902974575_000.jpg
3171606607;1273;NA;PSP_EXTRATLEITIMPL_210526_0335_20000000017402991590_000.jpg
40270523;81315;NA;PSP_EXTRATLEITIMPL_210526_0335_20000000011852964793_000.jpg
3160024207;67064;NA;PSP_EXTRATLEITIMPL_210526_0335_20000000014452965546_000.jpg
3201639629;185614;NA;PSP_EXTRATLEITIMPL_210526_0335_20000000009402960593_000.jpg
IC11909;27449;NA;PSP_EXTRATLEITIMPL_210526_0335_20000000017003008008_000.jpg
3190253669;13738;NA;PSP_EXTRATLEITIMPL_210526_0335_20000000001352979750_000.jpg
V13785;32789;NA;PSP_EXTRATLEITIMPL_210526_0335_20000000016702990762_000.jpg
3211695616;9961;NA;PSP_EXTRATLEITIMPL_210526_0335_20000000007202991037_000.jpg
40049568;4;P111;PSP_EXTRATLEITIMPL_210526_0335_20000000013102959960_000.jpg
3231085474;16120;T181;PSP_EXTRATLEITIMPL_210526_0335_20000000001552991143_000.jpg
51449134;44040;NA;PSP_EXTRATLEITIMPL_210526_0335_20000000018352987025_000.jpg
3232904355;526832;NA;PSP_EXTRATLEITIMPL_210526_0335_20000000017653002002_000.jpg
3010147367;27;P111;PSP_EXTRATLEITIMPL_210526_0335_20000000009402958708_000.jpg
51081480;4;P111;PSP_EXTRATLEITIMPL_210526_0335_20000000013552960829_000.jpg
MV23661;15927;NA;PSP_EXTRATLEITIMPL_210526_0335_20000000007452976468_000.jpg
3244300358;5178;T181;PSP_EXTRATLEITIMPL_210526_0335_20000000005552976391_000.jpg
3210380182;23;P111;NA
3233262810;3927;NA;PSP_EXTRATLEITIMPL_210526_0335_20000000006152986379_000.jpg
5256956740/3201674181;0;T161;PSP_EXTRATLEITIMPL_210526_0335_20000000018852980532_001.jpg
3243804506/62187034;6102;NA;PSP_EXTRATLEITIMPL_210526_0335_20000000003202979839_000.jpg
3223175324;44228;NA;PSP_EXTRATLEITIMPL_210526_0335_20000000019652972868_000.jpg
3121313790;8758;T111;PSP_EXTRATLEITIMPL_210526_0335_20000000006102971902_000.jpg
3132318041;48761;NA;PSP_EXTRATLEITIMPL_210526_0335_20000000005452965855_000.jpg
3180373925;33074;T111;PSP_EXTRATLEITIMPL_210526_0335_20000000009002967856_000.jpg
3212733120;26125;T181;PSP_EXTRATLEITIMPL_210526_0335_20000000019702980070_000.jpg
3221701584;224;NA;PSP_EXTRATLEITIMPL_210526_0335_20000000018502963849_000.jpg
640251999;17;P111;PSP_EXTRATLEITIMPL_210526_0335_20000000004953009165_000.jpg
5257579427/3231953964;11;T181;PSP_EXTRATLEITIMPL_210526_0335_20000000001202974628_000.jpg
3230986249;11342;T181;PSP_EXTRATLEITIMPL_210526_0335_20000000002252988395_000.jpg
70564564;6726;NA;PSP_EXTRATLEITIMPL_210526_0335_20000000014702973379_000.jpg
NU06618;15689;L131;PSP_EXTRATLEITIMPL_210526_0335_20000000019002978409_000.jpg
3011106453;45648;NA;PSP_EXTRATLEITIMPL_210526_0335_20000000014852970344_000.jpg
3180681778;158494;T181;PSP_EXTRATLEITIMPL_210526_0335_20000000012352972043_000.jpg
5257448497/670000079;3339;NA;PSP_EXTRATLEITIMPL_210526_0335_20000000004902987301_000.jpg
3193449718;111655;NA;PSP_EXTRATLEITIMPL_210526_0335_20000000019202986266_000.jpg
3203914325;67646;T181;PSP_EXTRATLEITIMPL_210526_0335_20000000001102976144_000.jpg
3190403962;144175;NA;PSP_EXTRATLEITIMPL_210526_0335_20000000013352975138_000.jpg
3244801853;1344;NA;PSP_EXTRATLEITIMPL_210526_0335_20000000014202969138_000.jpg
3150803712;47099;NA;PSP_EXTRATLEITIMPL_210526_0335_20000000012102970845_000.jpg
3154786375;127;P111;PSP_EXTRATLEITIMPL_210526_0335_20000000004552984390_000.jpg
3220332852;8202;T181;PSP_EXTRATLEITIMPL_210526_0335_20000000010152972277_000.jpg
3194027507;134602;T181;PSP_EXTRATLEITIMPL_210526_0335_20000000005302995267_000.jpg
83126698;168;P111;PSP_EXTRATLEITIMPL_210526_0335_20000000002452974958_000.jpg
3242275470;93011;NA;PSP_EXTRATLEITIMPL_210526_0335_20000000016452962918_000.jpg
MH55032;47;P111;PSP_EXTRATLEITIMPL_210526_0335_20000000003302985769_000.jpg
3231017967;10466;T181;PSP_EXTRATLEITIMPL_210526_0335_20000000008352969943_000.jpg
3230990246;20024;T181;PSP_EXTRATLEITIMPL_210526_0335_20000000005302973972_000.jpg
5256254940/81666253;9647;NA;PSP_EXTRATLEITIMPL_210526_0335_20000000016952986570_000.jpg
3230990130;5910;NA;NA
3224009932;0;T111;PSP_EXTRATLEITIMPL_210526_0335_20000000015102986024_000.jpg
3232909004;4629;P111;PSP_EXTRATLEITIMPL_210526_0335_20000000001852994039_000.jpg
3242300113;9371;T181;PSP_EXTRATLEITIMPL_210526_0335_20000000004002980224_000.jpg
3222766540;14998;T181;PSP_EXTRATLEITIMPL_210526_0335_20000000014202940983_000.jpg
3233245568;3;NA;PSP_EXTRATLEITIMPL_210526_0335_20000000007852970916_000.jpg
3192891387;35339;NA;PSP_EXTRATLEITIMPL_210526_0335_20000000018952972892_000.jpg
P11424;20;P111;PSP_EXTRATLEITIMPL_210526_0335_20000000010552962879_000.jpg
51041690;6;P111;PSP_EXTRATLEITIMPL_210526_0335_20000000013002945841_000.jpg
50028550;3;P111;NA
5257623213;103;L131;NA
3193273245;407507;NA;PSP_EXTRATLEITIMPL_210526_0335_20000000015202986036_000.jpg
91327627;5;P111;PSP_EXTRATLEITIMPL_210526_0335_20000000014702962811_000.jpg
5257712577/T72837;15;NA;PSP_EXTRATLEITIMPL_210526_0335_20000000016852983838_000.jpg
3212587493;85107;T181;PSP_EXTRATLEITIMPL_210526_0335_20000000002452982783_000.jpg
40588450;40121;NA;PSP_EXTRATLEITIMPL_210526_0335_20000000016502957817_000.jpg
3191111183;99661;NA;NA
3224853040;5589;NA;PSP_EXTRATLEITIMPL_210526_0335_20000000013652962832_000.jpg
71529770;53;P111;NA
5256480451/660072799;5428;T181;PSP_EXTRATLEITIMPL_210526_0335_20000000005852985160_000.jpg
50711188;10;P111;PSP_EXTRATLEITIMPL_210526_0335_20000000001252987162_000.jpg
IC09800;12;P111;PSP_EXTRATLEITIMPL_210526_0335_20000000008602987176_000.jpg
640315695;62709;NA;PSP_EXTRATLEITIMPL_210526_0335_20000000001902988337_000.jpg
3132276004;163973;NA;PSP_EXTRATLEITIMPL_210526_0335_20000000004752997414_000.jpg
3204754003;455;NA;NA
3181619715;23840;L101;PSP_EXTRATLEITIMPL_210526_0335_20000000014802959987_000.jpg
41279567;23450;L101;PSP_EXTRATLEITIMPL_210526_0335_20000000013702953901_000.jpg
3242496166;6157;T181;PSP_EXTRATLEITIMPL_210526_0335_20000000006302972843_000.jpg
3242747401;3840;L101;PSP_EXTRATLEITIMPL_210526_0335_20000000005702989004_000.jpg
60314780;39482;NA;PSP_EXTRATLEITIMPL_210526_0335_20000000010352959918_001.jpg
3220593842;3640;L101;PSP_EXTRATLEITIMPL_210526_0335_20000000003352960821_000.jpg
3142728680;6921;NA;PSP_EXTRATLEITIMPL_210526_0335_20000000007052966986_000.jpg
3142926040;62983;NA;NA
3183677283;12307;NA;NA
3191452614;7821;NA;NA
3212559252;31507;T181;NA
3172765350/5256975655/3172765350/3245155165/3243406438;7827;NA;NA
3244277925/3223976190;2705;T181;NA
3193431304;196329;NA;PSP_EXTRATLEITIMPL_210526_0335_20000000010552973550_000.jpg
3212008060;8536;L101;PSP_EXTRATLEITIMPL_210526_0335_20000000002352976645_000.jpg
38009B;33181;NA;NA
3171787628;42029;NA;PSP_EXTRATLEITIMPL_210526_0335_20000000015702971304_000.jpg
3241601500;209883;NA;PSP_EXTRATLEITIMPL_210526_0335_20000000019602982290_000.jpg
3193200809;67912;T181;PSP_EXTRATLEITIMPL_210526_0335_20000000014902977219_000.jpg
3193960374;588380;NA;PSP_EXTRATLEITIMPL_210526_0335_20000000015352976609_000.jpg
3193257690;255762;T181;PSP_EXTRATLEITIMPL_210526_0335_20000000010152964648_000.jpg
3241172235;8703;T181;PSP_EXTRATLEITIMPL_210526_0335_20000000003452958885_000.jpg
5256979154/3121035790;136;NA;NA
3200700529;14576;NA;NA
3220336211;28972;T181;PSP_EXTRATLEITIMPL_210526_0335_20000000013652965827_000.jpg
WO0670;51547;NA;PSP_EXTRATLEITIMPL_210526_0335_20000000010602958825_000.jpg
3231975984;44;T111;PSP_EXTRATLEITIMPL_210526_0335_20000000002552969753_000.jpg
5256816700/5256797544/3242302647/3243783878/OT45190;2612;T181;PSP_EXTRATLEITIMPL_210526_0335_20000000018302972779_000.jpg
6252097820/3131919270;44;NA;PSP_EXTRATLEITIMPL_210526_0335_20000000018653002044_000.jpg
3232905807;32;P111;PSP_EXTRATLEITIMPL_210526_0335_20000000016202951947_000.jpg
61421491;19571;NA;PSP_EXTRATLEITIMPL_210526_0335_20000000012602972768_000.jpg
3225021561;77947;NA;PSP_EXTRATLEITIMPL_210526_0335_20000000008802972585_000.jpg
3211952732;4961;NA;PSP_EXTRATLEITIMPL_210526_0335_20000000001402986383_000.jpg
3212009830;2476;L101;PSP_EXTRATLEITIMPL_210526_0335_20000000015152979571_000.jpg
3211683901;6763;NA;PSP_EXTRATLEITIMPL_210526_0335_20000000009352981368_000.jpg
3224236890;6463;NA;PSP_EXTRATLEITIMPL_210526_0335_20000000013802972431_000.jpg
3225768829;4717;NA;PSP_EXTRATLEITIMPL_210526_0335_20000000011952951984_000.jpg
3160136099;22733;NA;NA
3241499153;2498;NA;NA
3221560620;2345;L101;PSP_EXTRATLEITIMPL_210526_0335_20000000010852967497_000.jpg
3212583803;68381;T181;PSP_EXTRATLEITIMPL_210526_0335_20000000012952962479_000.jpg
3242361058;6640;T181;PSP_EXTRATLEITIMPL_210526_0335_20000000008452967496_000.jpg
3203778081;29067;T181;PSP_EXTRATLEITIMPL_210526_0335_20000000016602993660_000.jpg
3241523984;11916;T181;PSP_EXTRATLEITIMPL_210526_0335_20000000011702969457_000.jpg
3150635097;19095;L101;PSP_EXTRATLEITIMPL_210526_0335_20000000003852976587_000.jpg
3131176154;17608;L101;PSP_EXTRATLEITIMPL_210526_0335_20000000007302972596_000.jpg
3231001637;8725;T181;NA
5257471324/P38799;366;NA;PSP_EXTRATLEITIMPL_210526_0335_20000000006602972905_000.jpg
3190276642;126;P111;PSP_EXTRATLEITIMPL_210526_0335_20000000016402976041_000.jpg
83258365;51341;NA;PSP_EXTRATLEITIMPL_210526_0335_20000000005602936987_000.jpg
640105089;63239;NA;PSP_EXTRATLEITIMPL_210526_0335_20000000000152967654_000.jpg
640105801;34934;NA;PSP_EXTRATLEITIMPL_210526_0335_20000000003352961762_000.jpg
3191131370;3833;P111;PSP_EXTRATLEITIMPL_210526_0335_20000000007452972705_000.jpg
3181116063;11119;L101;PSP_EXTRATLEITIMPL_210526_0335_20000000017452993017_000.jpg
3151958140;31827;NA;NA
3211279728;56421;T181;PSP_EXTRATLEITIMPL_210526_0335_20000000017902984358_000.jpg
3241172227;9745;T181;PSP_EXTRATLEITIMPL_210526_0335_20000000014852969371_000.jpg
3243784742;6030;T181;PSP_EXTRATLEITIMPL_210526_0335_20000000011952960875_000.jpg
3212588961;47192;T181;PSP_EXTRATLEITIMPL_210526_0335_20000000011252973020_000.jpg
3180533728;5752;NA;NA
3180533736;9025;NA;NA
3180533680;16932;NA;NA
3180533698;8130;NA;NA
3200423185;12899;T181;PSP_EXTRATLEITIMPL_210526_0335_20000000006902969783_000.jpg
83023430;33133;L101;NA
3171395738;917591;NA;NA
3214307668;26592;T181;PSP_EXTRATLEITIMPL_210526_0335_20000000011052967671_000.jpg
3170835289;9530;L101;PSP_EXTRATLEITIMPL_210526_0335_20000000013902973608_000.jpg
3180531369;993;NA;NA
3180531350;5059;NA;NA
3180513603;8130;NA;NA
3154587178;15578;L101;NA
3211738544;8993;NA;NA
3223313697;9790;T181;NA
3241521850;26816;T181;NA
80611480;14950;L101;NA
6251125099/3120301631;135;NA;PSP_EXTRATLEITIMPL_210526_0335_20000000016052977513_000.jpg
3183539468;355;L101;PSP_EXTRATLEITIMPL_210526_0335_20000000000152970516_000.jpg
3170926322;27396;NA;NA
3010103554;5305;L101;NA
3202103854;1214;L101;NA
3193039439;5927;L101;NA
3190451665;61327;L101;NA
3230601908;3227;NA;NA
82969551;2271;L101;PSP_EXTRATLEITIMPL_210526_0335_20000000010102947944_000.jpg
3172942023;13344;NA;NA
3172945561;17171;NA;NA
3171114763;571;NA;PSP_EXTRATLEITIMPL_210526_0335_20000000002352972769_000.jpg
3202316955;4124;NA;PSP_EXTRATLEITIMPL_210526_0335_20000000002902974914_000.jpg
3121731672;13920;L101;PSP_EXTRATLEITIMPL_210526_0335_20000000009552948968_000.jpg
3180346405;3166;NA;PSP_EXTRATLEITIMPL_210526_0335_20000000018452960911_000.jpg
3203798627;11303;NA;PSP_EXTRATLEITIMPL_210526_0335_20000000019152964971_000.jpg
71563391;50558;NA;NA
3171155575;3875;L101;NA
3011128634;19933;L101;NA
3180531431;10913;NA;NA
3160395337;613559;NA;NA
3231034560;12286;T181;PSP_EXTRATLEITIMPL_210526_0335_20000000015352974758_000.jpg
3009003375;63498;T111;PSP_EXTRATLEITIMPL_210526_0335_20000000018052964802_000.jpg
3170274627;715124;T111;PSP_EXTRATLEITIMPL_210526_0335_20000000014802973708_000.jpg
3231087221;25608;T181;PSP_EXTRATLEITIMPL_210526_0335_20000000010002970808_000.jpg
3171267306;118350;T111;PSP_EXTRATLEITIMPL_210526_0335_20000000013352962835_000.jpg
3193577058;41322;T111;PSP_EXTRATLEITIMPL_210526_0335_20000000013752962773_000.jpg
62194251;89533;NA;PSP_EXTRATLEITIMPL_210526_0335_20000000019802984792_000.jpg
3192177919;9245;T111;PSP_EXTRATLEITIMPL_210526_0335_20000000001102962800_000.jpg
3170257986;102429;NA;PSP_EXTRATLEITIMPL_210526_0335_20000000018102984577_000.jpg
3200775693;13296;T111;PSP_EXTRATLEITIMPL_210526_0335_20000000009402941920_000.jpg
51594835;25140;NA;PSP_EXTRATLEITIMPL_210526_0335_20000000001052957895_000.jpg
3204776660;5176;NA;PSP_EXTRATLEITIMPL_210526_0335_20000000014452962639_000.jpg
61346651;392;B111;PSP_EXTRATLEITIMPL_210526_0335_20000000007802979645_000.jpg
3230012570;11510;T181;PSP_EXTRATLEITIMPL_210526_0335_20000000016702994675_000.jpg
3213148752;5455;NA;NA
3193689506;5509;NA;NA
MV29366;53559;NA;PSP_EXTRATLEITIMPL_210526_0335_20000000003452981262_000.jpg
3222091461;584;P111;PSP_EXTRATLEITIMPL_210526_0335_20000000004402984299_000.jpg
3231066720;26638;T181;PSP_EXTRATLEITIMPL_210526_0335_20000000002352987064_000.jpg
60937354;64376;NA;NA
3171334755;6459;NA;NA
J07520;1774;NA;NA
3171345064;6047;NA;NA
3140169748;8189;NA;NA
3151652785;190;NA;NA
3171351684;10153;NA;NA
3204042380;5386;NA;PSP_EXTRATLEITIMPL_210526_0335_20000000007202980628_000.jpg
3160312210;16087;NA;NA
3160312580;18992;NA;NA
3171356694;2166;NA;NA
3230073731;79279;NA;PSP_EXTRATLEITIMPL_210526_0335_20000000013602961751_000.jpg
5261800979/3131552822;200526;NA;PSP_EXTRATLEITIMPL_210526_0335_20000000009202974752_000.jpg
3201213680;7074;NA;PSP_EXTRATLEITIMPL_210526_0335_20000000001502987056_000.jpg
93106B;77079;NA;PSP_EXTRATLEITIMPL_210526_0335_20000000018653001063_000.jpg
3203926129;21287;T181;PSP_EXTRATLEITIMPL_210526_0335_20000000006252965972_000.jpg
3222140594;89102;NA;PSP_EXTRATLEITIMPL_210526_0335_20000000000702944893_000.jpg
3150104865;57169;NA;NA
3220362441;23671;T181;PSP_EXTRATLEITIMPL_210526_0335_20000000007852977597_000.jpg
3172756262;5072;NA;PSP_EXTRATLEITIMPL_210526_0335_20000000010452965642_000.jpg
3244113523;1114;NA;NA
3220157031/3171363003;1762;NA;NA
3245270541/3171361760;842;NA;NA
3191643924;15021;NA;PSP_EXTRATLEITIMPL_210526_0335_20000000001352968986_000.jpg
3203914686;38060;T181;PSP_EXTRATLEITIMPL_210526_0335_20000000019802978835_000.jpg
5256561460/3221001086;14571;L101;PSP_EXTRATLEITIMPL_210526_0335_20000000007102957980_000.jpg
3172054616;6627;NA;PSP_EXTRATLEITIMPL_210526_0335_20000000005053007049_000.jpg
5257751955/NQ10032;3602;NA;PSP_EXTRATLEITIMPL_210526_0335_20000000017052976933_000.jpg
3160300662;250;P111;PSP_EXTRATLEITIMPL_210526_0335_20000000007152969950_000.jpg
3202607798;227;NA;PSP_EXTRATLEITIMPL_210526_0335_20000000013952965542_000.jpg
3222065479;5356;NA;PSP_EXTRATLEITIMPL_210526_0335_20000000015002964520_000.jpg
3231120512;6235;T181;PSP_EXTRATLEITIMPL_210526_0335_20000000015102976623_000.jpg
62516887;19481;L101;PSP_EXTRATLEITIMPL_210526_0335_20000000000352975729_000.jpg
3171337550;13313;NA;NA
3245273885/3171356520;14;NA;NA
3245273974/3171356589;8;NA;NA
3171363364;14967;NA;NA
3160313454;6462;NA;NA
2122;24580;NA;NA
C40333;312893;NA;PSP_EXTRATLEITIMPL_210526_0335_20000000005352964992_000.jpg
3220257290;42611;T181;PSP_EXTRATLEITIMPL_210526_0335_20000000016802997143_000.jpg
3214284595;160982;T181;PSP_EXTRATLEITIMPL_210526_0335_20000000017652986742_000.jpg
3194020278;53505;T181;PSP_EXTRATLEITIMPL_210526_0335_20000000018402970855_000.jpg
3180491324;363907;NA;PSP_EXTRATLEITIMPL_210526_0335_20000000017452972886_000.jpg
3223437434;72192;T181;PSP_EXTRATLEITIMPL_210526_0335_20000000017502976896_000.jpg
3220232491;38659;T181;PSP_EXTRATLEITIMPL_210526_0335_20000000006652975820_000.jpg
3161542503;235192;T181;PSP_EXTRATLEITIMPL_210526_0335_20000000004402967929_000.jpg
3192335875;17387;NA;NA
3192114178;0;NA;NA
3192113791;0;NA;NA
3192336308;4680;NA;NA
3211494670;0;NA;NA
3245152778/3192336936;3742;NA;NA
3211118945;27050;T181;PSP_EXTRATLEITIMPL_210526_0335_20000000001502961976_000.jpg
3233477507;71038;NA;NA
80044496;15143;NA;PSP_EXTRATLEITIMPL_210526_0335_20000000002352978548_000.jpg
71485757;633267;NA;PSP_EXTRATLEITIMPL_210526_0335_20000000008552973582_000.jpg
6250635000/3242337971;619;T181;PSP_EXTRATLEITIMPL_210526_0335_20000000001152958939_000.jpg
MG02407;65856;NA;PSP_EXTRATLEITIMPL_210526_0335_20000000010202982043_000.jpg
3220282790;20684;T181;NA
3172881334;16922;NA;NA
3172920798;5272;NA;NA
3172921395;7867;NA;NA
3220321206;21459;T181;PSP_EXTRATLEITIMPL_210526_0335_20000000013502964811_000.jpg
3172930351;10950;NA;NA
MD15914;23784;NA;NA
82056602;9810;NA;PSP_EXTRATLEITIMPL_210526_0335_20000000013902974573_000.jpg
83599634;99634;NA;PSP_EXTRATLEITIMPL_210526_0335_20000000004352980932_000.jpg
MV55027;44270;L101;PSP_EXTRATLEITIMPL_210526_0335_20000000013802951922_000.jpg
3132248450;10614;L101;PSP_EXTRATLEITIMPL_210526_0335_20000000001803002269_001.jpg
3221130986;1451;L101;PSP_EXTRATLEITIMPL_210526_0335_20000000003052983587_000.jpg
3223265927;19852;NA;PSP_EXTRATLEITIMPL_210526_0335_20000000016902994579_000.jpg
3210688977;11039;L101;PSP_EXTRATLEITIMPL_210526_0335_20000000016302973612_000.jpg
3212630666;9482;NA;PSP_EXTRATLEITIMPL_210526_0335_20000000017302994584_000.jpg
60012466;51;P111;PSP_EXTRATLEITIMPL_210526_0335_20000000002452988589_000.jpg
5261801746/70949938;34224;NA;PSP_EXTRATLEITIMPL_210526_0335_20000000000252986561_000.jpg
3212717516;7908;T181;PSP_EXTRATLEITIMPL_210526_0335_20000000001452979851_000.jpg
F96939;36114;NA;PSP_EXTRATLEITIMPL_210526_0335_20000000008402972029_000.jpg
3204275547;32265;T181;PSP_EXTRATLEITIMPL_210526_0335_20000000003002985253_000.jpg
3226222170;3477;NA;PSP_EXTRATLEITIMPL_210526_0335_20000000005402993361_000.jpg
3211821557;735;L101;PSP_EXTRATLEITIMPL_210526_0335_20000000011102948897_000.jpg
3224769880;8170;NA;PSP_EXTRATLEITIMPL_210526_0335_20000000008652965993_000.jpg
62438495;43432;NA;PSP_EXTRATLEITIMPL_210526_0335_20000000008152959898_000.jpg
5257553304/60428255;273;NA;PSP_EXTRATLEITIMPL_210526_0335_20000000001852972861_000.jpg
3200024663;77893;L101;PSP_EXTRATLEITIMPL_210526_0335_20000000004752985970_000.jpg
5257047433/3181252501;229;NA;PSP_EXTRATLEITIMPL_210526_0335_20000000019652968854_000.jpg
3131349547;23551;NA;PSP_EXTRATLEITIMPL_210526_0335_20000000017652985796_000.jpg
3191657437;6433;L101;PSP_EXTRATLEITIMPL_210526_0335_20000000019952964977_000.jpg
3194017242;181563;T181;PSP_EXTRATLEITIMPL_210526_0335_20000000012352945926_000.jpg
3220919110;4706;NA;PSP_EXTRATLEITIMPL_210526_0335_20000000006402956942_000.jpg
3201309351;8254;NA;PSP_EXTRATLEITIMPL_210526_0335_20000000011902957940_000.jpg
70128608;6187;L101;PSP_EXTRATLEITIMPL_210526_0335_20000000019702976373_000.jpg
3220019283;7385;NA;NA
3220282227;50859;T181;PSP_EXTRATLEITIMPL_210526_0335_20000000000452952881_000.jpg
3200142410;8913;NA;NA
3204603331;23546;T181;PSP_EXTRATLEITIMPL_210526_0335_20000000008752960840_000.jpg
3212541728;38581;T181;NA
3230083567;35417;NA;PSP_EXTRATLEITIMPL_210526_0335_20000000004252995475_001.jpg
3193287882;52529;NA;PSP_EXTRATLEITIMPL_210526_0335_20000000006902975580_000.jpg
3222479338;17375;T181;NA
3193886654;233;P111;PSP_EXTRATLEITIMPL_210526_0335_20000000018152962866_000.jpg
3241205044;8484;NA;PSP_EXTRATLEITIMPL_210526_0335_20000000007252978784_000.jpg
3244318753/3203754212;5512;T181;PSP_EXTRATLEITIMPL_210526_0335_20000000019802995251_000.jpg
3212657920;16453;NA;PSP_EXTRATLEITIMPL_210526_0335_20000000011602968234_000.jpg
3212727732;24903;T181;PSP_EXTRATLEITIMPL_210526_0335_20000000014702975177_000.jpg
3242505467/3223312259;4331;T181;PSP_EXTRATLEITIMPL_210526_0335_20000000011452954929_000.jpg
3201568446;133877;T181;PSP_EXTRATLEITIMPL_210526_0335_20000000000352971917_000.jpg
3223287998;27797;T181;PSP_EXTRATLEITIMPL_210526_0335_20000000019602985059_000.jpg
3182612064;32264;NA;NA
3242385135;7177;T181;PSP_EXTRATLEITIMPL_210526_0335_20000000015702952840_000.jpg
MV20087;18588;T111;PSP_EXTRATLEITIMPL_210526_0335_20000000011202964920_000.jpg
3244232719/3201798387;3846;T181;PSP_EXTRATLEITIMPL_210526_0335_20000000019402970913_000.jpg
3243694123/MC07832;1803;NA;PSP_EXTRATLEITIMPL_210526_0335_20000000019752961956_000.jpg
3231696473;26;P111;PSP_EXTRATLEITIMPL_210526_0335_20000000008752966695_000.jpg
60135258;75321;NA;PSP_EXTRATLEITIMPL_210526_0335_20000000015852965728_000.jpg
3171274680;159950;NA;PSP_EXTRATLEITIMPL_210526_0335_20000000003552971928_000.jpg
3225335817;17560;NA;PSP_EXTRATLEITIMPL_210526_0335_20000000008902948945_000.jpg
3222997029;35306;NA;PSP_EXTRATLEITIMPL_210526_0335_20000000007302982078_000.jpg
3214308907;17041;T181;PSP_EXTRATLEITIMPL_210526_0335_20000000016852979908_000.jpg
5257168613;461;T181;PSP_EXTRATLEITIMPL_210526_0335_20000000018852972870_000.jpg
3223354210;15179;T181;PSP_EXTRATLEITIMPL_210526_0335_20000000012702960913_000.jpg
3242315013;9262;T181;PSP_EXTRATLEITIMPL_210526_0335_20000000017002990945_000.jpg
3193448703;23457;NA;PSP_EXTRATLEITIMPL_210526_0335_20000000014652963938_000.jpg
3230977096;7735;T181;PSP_EXTRATLEITIMPL_210526_0335_20000000007352973761_000.jpg
3220343498;19365;T181;PSP_EXTRATLEITIMPL_210526_0335_20000000016602978972_000.jpg
3244246256;5336;T181;PSP_EXTRATLEITIMPL_210526_0335_20000000017552999208_000.jpg
3181697880;251473;T181;PSP_EXTRATLEITIMPL_210526_0335_20000000005202973993_000.jpg
3193213382;231894;T181;PSP_EXTRATLEITIMPL_210526_0335_20000000016452969841_000.jpg
3203930550;55896;T181;PSP_EXTRATLEITIMPL_210526_0335_20000000002252980715_000.jpg
3222304996;3437;NA;PSP_EXTRATLEITIMPL_210526_0335_20000000008402960729_000.jpg
3244229963/61192182;5193;T181;PSP_EXTRATLEITIMPL_210526_0335_20000000011402977735_000.jpg
3141391649;5335;NA;PSP_EXTRATLEITIMPL_210526_0335_20000000011852967695_000.jpg
3242768492;6555;T181;PSP_EXTRATLEITIMPL_210526_0335_20000000017802986695_000.jpg
5256724075/3152720148;5560;T181;PSP_EXTRATLEITIMPL_210526_0335_20000000011702962743_000.jpg
3220552313;2781;NA;PSP_EXTRATLEITIMPL_210526_0335_20000000012302966955_000.jpg
T80972;26724;L101;PSP_EXTRATLEITIMPL_210526_0335_20000000013552956858_000.jpg
6251217163/3181831250;860;T181;PSP_EXTRATLEITIMPL_210526_0335_20000000001152957858_000.jpg
640191619;12337;NA;PSP_EXTRATLEITIMPL_210526_0335_20000000003702964904_000.jpg
3242379410;4061;T181;PSP_EXTRATLEITIMPL_210526_0335_20000000005052989783_000.jpg
3194024630;56431;T181;PSP_EXTRATLEITIMPL_210526_0335_20000000007902971742_000.jpg
70146231;28141;NA;PSP_EXTRATLEITIMPL_210526_0335_20000000010952961761_000.jpg
3244548678/630208874;900;P111;PSP_EXTRATLEITIMPL_210526_0335_20000000013152977286_000.jpg
3222748177;9156;T181;PSP_EXTRATLEITIMPL_210526_0335_20000000007202979635_000.jpg
3161088209;9519;NA;PSP_EXTRATLEITIMPL_210526_0335_20000000008702978640_000.jpg
3220250880;57320;T181;PSP_EXTRATLEITIMPL_210526_0335_20000000014152963573_000.jpg
3230030749;14698;T181;PSP_EXTRATLEITIMPL_210526_0335_20000000010352972662_000.jpg
3223889637;33270;NA;PSP_EXTRATLEITIMPL_210526_0335_20000000016552970624_000.jpg
3192462540;50298;NA;PSP_EXTRATLEITIMPL_210526_0335_20000000018302976671_000.jpg
3230513340;11700;NA;PSP_EXTRATLEITIMPL_210526_0335_20000000014052982251_000.jpg
3242318764;9064;T181;PSP_EXTRATLEITIMPL_210526_0335_20000000015602981261_000.jpg
3242382020;8545;T181;PSP_EXTRATLEITIMPL_210526_0335_20000000007352987237_000.jpg
X92196;25042;NA;PSP_EXTRATLEITIMPL_210526_0335_20000000001002970272_000.jpg
3222382571;91;P111;PSP_EXTRATLEITIMPL_210526_0335_20000000019702961837_000.jpg
3243768690;7382;T181;PSP_EXTRATLEITIMPL_210526_0335_20000000014852956800_000.jpg
3211169450;22736;T181;PSP_EXTRATLEITIMPL_210526_0335_20000000015602966843_000.jpg
3011120876;10783;NA;PSP_EXTRATLEITIMPL_210526_0335_20000000019202968889_000.jpg
3225012627;13579;T181;PSP_EXTRATLEITIMPL_210526_0335_20000000003202976953_000.jpg
3242380583;5999;T181;PSP_EXTRATLEITIMPL_210526_0335_20000000013002946907_000.jpg
3242382390;5993;T181;PSP_EXTRATLEITIMPL_210526_0335_20000000015752972362_000.jpg
3242769537;3582;T181;PSP_EXTRATLEITIMPL_210526_0335_20000000004102978368_000.jpg
3230040434;16456;T181;PSP_EXTRATLEITIMPL_210526_0335_20000000004752999359_000.jpg
3182011761;14486;NA;PSP_EXTRATLEITIMPL_210526_0335_20000000012152969363_000.jpg
3244964116;1104;NA;NA
3231062687;33502;NA;NA
3242319507;9867;NA;NA
3152067673;18973;L101;PSP_EXTRATLEITIMPL_210526_0335_20000000010552955915_000.jpg
3182609985;10171;NA;PSP_EXTRATLEITIMPL_210526_0335_20000000009502982075_000.jpg
3211153155;34761;T181;PSP_EXTRATLEITIMPL_210526_0335_20000000015552968054_000.jpg
6250964798/91436256;529;NA;PSP_EXTRATLEITIMPL_210526_0335_20000000018102972882_000.jpg
3205685153;10;P111;PSP_EXTRATLEITIMPL_210526_0335_20000000001852978731_000.jpg
3211176481;14320;T181;PSP_EXTRATLEITIMPL_210526_0335_20000000004152966999_000.jpg
NF66557;41626;NA;PSP_EXTRATLEITIMPL_210526_0335_20000000007602955968_000.jpg
3242668382;33295;T181;PSP_EXTRATLEITIMPL_210526_0335_20000000019452967924_000.jpg
5257239316/MA55765;2375;NA;PSP_EXTRATLEITIMPL_210526_0335_20000000011852973395_000.jpg
3220333913;955;T181;PSP_EXTRATLEITIMPL_210526_0335_20000000013352972362_000.jpg
3230032725;8015;T181;PSP_EXTRATLEITIMPL_210526_0335_20000000016602989846_000.jpg
MA19373;8177;M101;PSP_EXTRATLEITIMPL_210526_0335_20000000016002962646_000.jpg
50530442;30666;NA;PSP_EXTRATLEITIMPL_210526_0335_20000000013952966466_000.jpg
3010080241;18;P111;PSP_EXTRATLEITIMPL_210526_0335_20000000010552974489_000.jpg
5256573433/MG50311;3779;T181;PSP_EXTRATLEITIMPL_210526_0335_20000000007352984394_000.jpg
3232818262;12821;NA;PSP_EXTRATLEITIMPL_210526_0335_20000000015952975021_000.jpg
3201682575;1492;NA;PSP_EXTRATLEITIMPL_210526_0335_20000000009002957981_000.jpg
3200459082;3473;T181;PSP_EXTRATLEITIMPL_210526_0335_20000000003702988151_000.jpg
3212619077;1189;NA;PSP_EXTRATLEITIMPL_210526_0335_20000000005952984153_000.jpg
3242527614;7038;T181;PSP_EXTRATLEITIMPL_210526_0335_20000000011252971145_000.jpg
3241049140;6036;T181;PSP_EXTRATLEITIMPL_210526_0335_20000000012802981159_000.jpg
3161183236;21;NA;PSP_EXTRATLEITIMPL_210526_0335_20000000009302963871_000.jpg
3244006883;68;NA;PSP_EXTRATLEITIMPL_210526_0335_20000000001802982922_000.jpg
3222252244;7106;NA;PSP_EXTRATLEITIMPL_210526_0335_20000000006752979663_000.jpg
62302127;19917;NA;PSP_EXTRATLEITIMPL_210526_0335_20000000003202993260_000.jpg
60049556;8909;NA;PSP_EXTRATLEITIMPL_210526_0335_20000000001402975887_000.jpg
3222803836;3598;T111;PSP_EXTRATLEITIMPL_210526_0335_20000000007502968762_000.jpg
3211395370;8956;NA;NA
3120436863;39274;NA;PSP_EXTRATLEITIMPL_210526_0335_20000000011652962939_000.jpg
77843B;67363;NA;PSP_EXTRATLEITIMPL_210526_0335_20000000006152982510_000.jpg
3211565151;3548;L101;PSP_EXTRATLEITIMPL_210526_0335_20000000017102983460_000.jpg
3220335509;19052;T181;PSP_EXTRATLEITIMPL_210526_0335_20000000000402979547_000.jpg
3192340291;0;NA;NA
640336641;34627;NA;NA
3212572925;37189;T181;NA
3242335057;9172;P111;NA
3203893700;3894;NA;NA
3223236013;209676;NA;PSP_EXTRATLEITIMPL_210526_0335_20000000007502959907_000.jpg
3194028805;56158;T181;NA
142470B;80560;NA;NA
3214186534/3192340151;6776;NA;NA
3203774906;19911;NA;NA
3233002614;4249;C131;NA
3191125265;96672;NA;NA
3221556584;4729;NA;PSP_EXTRATLEITIMPL_210526_0335_20000000003702962958_000.jpg
3204666724;12043;NA;PSP_EXTRATLEITIMPL_210526_0335_20000000006052981155_000.jpg
3151454975;23844;L101;PSP_EXTRATLEITIMPL_210526_0335_20000000016402975138_000.jpg
3170821016;24351;NA;PSP_EXTRATLEITIMPL_210526_0335_20000000017152989774_000.jpg
3222456028;8502;NA;PSP_EXTRATLEITIMPL_210526_0335_20000000004802985801_000.jpg
5257845550/3244048586;372;P111;PSP_EXTRATLEITIMPL_210526_0335_20000000018652988776_000.jpg
3241658308;13692;NA;PSP_EXTRATLEITIMPL_210526_0335_20000000007652967741_000.jpg
3232547161;16638;NA;PSP_EXTRATLEITIMPL_210526_0335_20000000017202968956_000.jpg
3222968606;3707;NA;PSP_EXTRATLEITIMPL_210526_0335_20000000001352995040_000.jpg
3141430334;21802;L101;NA
3211708440;20;NA;PSP_EXTRATLEITIMPL_210526_0335_20000000018202984272_000.jpg
C68863;4953;L101;PSP_EXTRATLEITIMPL_210526_0335_20000000009352961969_000.jpg
5256220301/3180475930;6748;T181;NA
3243600960;84;NA;NA
3204266025;25867;T181;PSP_EXTRATLEITIMPL_210526_0335_20000000009602980445_000.jpg
3011208251;30181;NA;NA
139023B;40822;NA;PSP_EXTRATLEITIMPL_210526_0335_20000000003402986141_000.jpg
138990B;4554;NA;PSP_EXTRATLEITIMPL_210526_0335_20000000004253000258_000.jpg
3242638947;18641;NA;PSP_EXTRATLEITIMPL_210526_0335_20000000010802974143_000.jpg
61676880;51096;NA;PSP_EXTRATLEITIMPL_210526_0335_20000000012652978274_000.jpg
41324783;4022;NA;PSP_EXTRATLEITIMPL_210526_0335_20000000006752985242_000.jpg
41326417;33881;NA;PSP_EXTRATLEITIMPL_210526_0335_20000000002452995186_000.jpg
3223189910;24705;NA;PSP_EXTRATLEITIMPL_210526_0335_20000000006402980149_000.jpg
3190470627;50412;NA;PSP_EXTRATLEITIMPL_210526_0335_20000000009202985170_000.jpg
3192160218;582691;NA;PSP_EXTRATLEITIMPL_210526_0335_20000000019102988175_000.jpg
83258756;57744;NA;PSP_EXTRATLEITIMPL_210526_0335_20000000017452987150_000.jpg
3153709644;88115;NA;PSP_EXTRATLEITIMPL_210526_0335_20000000010002983152_000.jpg
3192456494;30031;NA;PSP_EXTRATLEITIMPL_210526_0335_20000000012952968139_000.jpg
3193281132;22075;NA;PSP_EXTRATLEITIMPL_210526_0335_20000000008602987180_000.jpg
3220392405;35247;NA;PSP_EXTRATLEITIMPL_210526_0335_20000000000202969150_000.jpg
6251153637;1980;T181;PSP_EXTRATLEITIMPL_210526_0335_20000000015502959895_000.jpg
3222611279;26127;NA;PSP_EXTRATLEITIMPL_210526_0335_20000000011752961806_000.jpg
3191077198;23656;NA;PSP_EXTRATLEITIMPL_210526_0335_20000000015502961744_000.jpg
123931B;42713;NA;PSP_EXTRATLEITIMPL_210526_0335_20000000006852988720_000.jpg
049346B;59543;NA;PSP_EXTRATLEITIMPL_210526_0335_20000000013552963748_000.jpg
3193467570;64665;NA;PSP_EXTRATLEITIMPL_210526_0335_20000000003502971972_000.jpg
3193470520;133495;NA;PSP_EXTRATLEITIMPL_210526_0335_20000000010602956873_000.jpg
B42062;93661;NA;PSP_EXTRATLEITIMPL_210526_0335_20000000001052961878_000.jpg
3180671730;152723;NA;NA
C86140;784;NA;PSP_EXTRATLEITIMPL_210526_0335_20000000010602956877_000.jpg
3225136008;40222;NA;PSP_EXTRATLEITIMPL_210526_0335_20000000013302958930_000.jpg
081193B;731;NA;PSP_EXTRATLEITIMPL_210526_0335_20000000019602964894_000.jpg
3010192433;42972;NA;PSP_EXTRATLEITIMPL_210526_0335_20000000016202974089_000.jpg
50554520;202;NA;PSP_EXTRATLEITIMPL_210526_0335_20000000008252942995_000.jpg
3241595489;23938;NA;PSP_EXTRATLEITIMPL_210526_0335_20000000003202999044_000.jpg
165373B;86178;NA;PSP_EXTRATLEITIMPL_210526_0335_20000000006602977835_000.jpg
60310599;41897;NA;PSP_EXTRATLEITIMPL_210526_0335_20000000014302957894_000.jpg
124535B;40764;NA;PSP_EXTRATLEITIMPL_210526_0335_20000000017502972955_000.jpg
3241614866;35093;NA;PSP_EXTRATLEITIMPL_210526_0335_20000000013452958887_000.jpg
E45159;21687;NA;PSP_EXTRATLEITIMPL_210526_0335_20000000015352968818_000.jpg
E45169;38121;NA;PSP_EXTRATLEITIMPL_210526_0335_20000000012602970743_000.jpg
3172759083;105030;NA;PSP_EXTRATLEITIMPL_210526_0335_20000000003702972919_000.jpg
60308764;66992;NA;PSP_EXTRATLEITIMPL_210526_0335_20000000019452972899_000.jpg
3131366212;66212;NA;PSP_EXTRATLEITIMPL_210526_0335_20000000005302999023_000.jpg
3224055020;14694;NA;PSP_EXTRATLEITIMPL_210526_0335_20000000018602973912_000.jpg
5250088096;1709;NA;PSP_EXTRATLEITIMPL_210526_0335_20000000019152963975_000.jpg
3191042688;32687;NA;PSP_EXTRATLEITIMPL_210526_0335_20000000003502998172_000.jpg
3193243648;28774;NA;PSP_EXTRATLEITIMPL_210526_0335_20000000002352962982_000.jpg
630036259;12778;NA;PSP_EXTRATLEITIMPL_210526_0335_20000000011952967593_000.jpg
41341092;12518;NA;PSP_EXTRATLEITIMPL_210526_0335_20000000000402973774_000.jpg
D76522;241724;NA;PSP_EXTRATLEITIMPL_210526_0335_20000000017652983783_000.jpg
3181700458;707425;NA;NA
3120441999;92428;NA;PSP_EXTRATLEITIMPL_210526_0335_20000000001002958796_000.jpg
6251041596/6251200260/6251041596/5256974292/5256891648/5256974292/5256891648/3180661076;19961;NA;NA
3181034415;39109;NA;PSP_EXTRATLEITIMPL_210526_0335_20000000005752969683_000.jpg
NF07852;47882;NA;PSP_EXTRATLEITIMPL_210526_0335_20000000013502970679_000.jpg
3204447526;7550;NA;NA
3190870382;46091;NA;PSP_EXTRATLEITIMPL_210526_0335_20000000014902973410_000.jpg
3192482452;52733;NA;PSP_EXTRATLEITIMPL_210526_0335_20000000001152969609_000.jpg
3120455817;95946;NA;PSP_EXTRATLEITIMPL_210526_0335_20000000005652976506_000.jpg
61208232;42657;NA;PSP_EXTRATLEITIMPL_210526_0335_20000000004452999590_000.jpg
142085B;30332;NA;PSP_EXTRATLEITIMPL_210526_0335_20000000019702971513_000.jpg
3201624303;24549;NA;PSP_EXTRATLEITIMPL_210526_0335_20000000010802968602_000.jpg
3223228029;18581;NA;PSP_EXTRATLEITIMPL_210526_0335_20000000015052960562_000.jpg
3212569177;101827;T181;PSP_EXTRATLEITIMPL_210526_0335_20000000009552969572_000.jpg
3212427437;37086;NA;PSP_EXTRATLEITIMPL_210526_0335_20000000014202963462_000.jpg
38878B;13220;NA;PSP_EXTRATLEITIMPL_210526_0335_20000000000752968533_000.jpg
3242659499/650068980;2341;NA;PSP_EXTRATLEITIMPL_210526_0335_20000000013952959753_000.jpg
630037441;93549;NA;PSP_EXTRATLEITIMPL_210526_0335_20000000003102986727_000.jpg
40735968;42460;NA;PSP_EXTRATLEITIMPL_210526_0335_20000000001302962990_000.jpg
40736123;7777;NA;PSP_EXTRATLEITIMPL_210526_0335_20000000016602976989_000.jpg
50822699;21349;NA;PSP_EXTRATLEITIMPL_210526_0335_20000000018502987021_000.jpg
3202546179;34569;NA;PSP_EXTRATLEITIMPL_210526_0335_20000000011702975020_000.jpg
3183625224;35242;NA;PSP_EXTRATLEITIMPL_210526_0335_20000000015452951955_000.jpg
3191878999;55104;NA;PSP_EXTRATLEITIMPL_210526_0335_20000000005253011047_000.jpg
3193946819;29804;NA;PSP_EXTRATLEITIMPL_210526_0335_20000000017502970909_000.jpg
3171277689;139405;NA;PSP_EXTRATLEITIMPL_210526_0335_20000000004552994014_000.jpg
3244339955;6088;NA;PSP_EXTRATLEITIMPL_210526_0335_20000000009252957911_000.jpg
3150459442;150179;NA;PSP_EXTRATLEITIMPL_210526_0335_20000000009252957913_000.jpg
3244855872;4227;NA;PSP_EXTRATLEITIMPL_210526_0335_20000000010652945957_000.jpg
3202473104;38129;NA;PSP_EXTRATLEITIMPL_210526_0335_20000000007852960965_000.jpg
110868B;89661;NA;PSP_EXTRATLEITIMPL_210526_0335_20000000018003001006_000.jpg
3201669684;20770;NA;PSP_EXTRATLEITIMPL_210526_0335_20000000002502991355_000.jpg
3200913506;42216;NA;PSP_EXTRATLEITIMPL_210526_0335_20000000013802974400_000.jpg
3212337390;330676;NA;PSP_EXTRATLEITIMPL_210526_0335_20000000001652983519_000.jpg
3243262983;43406;NA;NA
3171483378;612039;NA;PSP_EXTRATLEITIMPL_210526_0335_20000000017702992404_000.jpg
3193236064;55976;NA;PSP_EXTRATLEITIMPL_210526_0335_20000000008902970392_000.jpg
3242503545;25689;T181;PSP_EXTRATLEITIMPL_210526_0335_20000000013902978327_000.jpg
6251361060/5257275606/W56579;1416;NA;PSP_EXTRATLEITIMPL_210526_0335_20000000009652963826_000.jpg
B73443;277069;NA;PSP_EXTRATLEITIMPL_210526_0335_20000000011902959889_000.jpg
3193461386;108208;NA;PSP_EXTRATLEITIMPL_210526_0335_20000000008002960882_000.jpg
3201716100;1520;NA;NA
3183640398;212293;NA;PSP_EXTRATLEITIMPL_210526_0335_20000000005802960962_000.jpg
3203593472;101016;NA;PSP_EXTRATLEITIMPL_210526_0335_20000000018902982628_000.jpg
3242335537;49249;NA;PSP_EXTRATLEITIMPL_210526_0335_20000000002752983648_000.jpg
068935B;56183;NA;PSP_EXTRATLEITIMPL_210526_0335_20000000005752970564_000.jpg
3200587684;29148;NA;PSP_EXTRATLEITIMPL_210526_0335_20000000006652983588_000.jpg
3130358704;55617;NA;PSP_EXTRATLEITIMPL_210526_0335_20000000004703001525_000.jpg
3120354344;57517;NA;PSP_EXTRATLEITIMPL_210526_0335_20000000001602993217_000.jpg
122052B;83716;NA;PSP_EXTRATLEITIMPL_210526_0335_20000000018052954962_000.jpg
125886B;26706;NA;PSP_EXTRATLEITIMPL_210526_0335_20000000014202971018_000.jpg
3120403930;1592;NA;PSP_EXTRATLEITIMPL_210526_0335_20000000011102945969_000.jpg
3152027159;40967;NA;PSP_EXTRATLEITIMPL_210526_0335_20000000018752987058_000.jpg
3190022705;35759;NA;PSP_EXTRATLEITIMPL_210526_0335_20000000000952972019_000.jpg
3183544097;42032;NA;PSP_EXTRATLEITIMPL_210526_0335_20000000018352957989_000.jpg
3191472542;30382;NA;PSP_EXTRATLEITIMPL_210526_0335_20000000007852988035_000.jpg
3183397213;35346;NA;PSP_EXTRATLEITIMPL_210526_0335_20000000019952970956_000.jpg
630001412;64686;NA;PSP_EXTRATLEITIMPL_210526_0335_20000000017602979157_000.jpg
3130310744;99129;NA;PSP_EXTRATLEITIMPL_210526_0335_20000000015552969043_000.jpg
3201646773;22097;NA;PSP_EXTRATLEITIMPL_210526_0335_20000000019802998113_000.jpg
3120403973;30972;NA;PSP_EXTRATLEITIMPL_210526_0335_20000000018802981080_000.jpg
3212660778;16134;NA;PSP_EXTRATLEITIMPL_210526_0335_20000000012552950953_001.jpg
113058B;90020;NA;PSP_EXTRATLEITIMPL_210526_0335_20000000001803003194_000.jpg
3193461513;30803;NA;PSP_EXTRATLEITIMPL_210526_0335_20000000012502988070_000.jpg
3150774704;31587;NA;PSP_EXTRATLEITIMPL_210526_0335_20000000006602986553_000.jpg
3140664633;241393;NA;PSP_EXTRATLEITIMPL_210526_0335_20000000017652990597_000.jpg
3193172333;21546;NA;PSP_EXTRATLEITIMPL_210526_0335_20000000004302993041_000.jpg
MA58862;91047;NA;PSP_EXTRATLEITIMPL_210526_0335_20000000010102967584_000.jpg
3121049510;64687;L131;PSP_EXTRATLEITIMPL_210526_0335_20000000008752961833_000.jpg
3172762270;69938;NA;PSP_EXTRATLEITIMPL_210526_0335_20000000003702972918_000.jpg
3170259083;48199;NA;PSP_EXTRATLEITIMPL_210526_0335_20000000017052999008_000.jpg
3193457311;62002;NA;PSP_EXTRATLEITIMPL_210526_0335_20000000005053004084_000.jpg
3193444406;242154;L131;PSP_EXTRATLEITIMPL_210526_0335_20000000007202970936_000.jpg
38614B;76564;NA;PSP_EXTRATLEITIMPL_210526_0335_20000000005402975937_000.jpg
36952B;72368;NA;PSP_EXTRATLEITIMPL_210526_0335_20000000005302999020_000.jpg
5257483438;2485;NA;PSP_EXTRATLEITIMPL_210526_0335_20000000009052958849_000.jpg
3231109462;38809;T181;PSP_EXTRATLEITIMPL_210526_0335_20000000019602964895_000.jpg
71498433;28746;L131;PSP_EXTRATLEITIMPL_210526_0335_20000000011602955883_000.jpg
41336498;642;NA;PSP_EXTRATLEITIMPL_210526_0335_20000000009352969851_000.jpg
650049330;31788;NA;PSP_EXTRATLEITIMPL_210526_0335_20000000012902962856_000.jpg
3011204174;34922;NA;PSP_EXTRATLEITIMPL_210526_0335_20000000006102958982_000.jpg
3241177814;4843;NA;PSP_EXTRATLEITIMPL_210526_0335_20000000009202959947_000.jpg
3160358830;128518;NA;PSP_EXTRATLEITIMPL_210526_0335_20000000014802963872_000.jpg
88688B;82883;NA;PSP_EXTRATLEITIMPL_210526_0335_20000000019602985068_000.jpg
3150794667;92091;NA;PSP_EXTRATLEITIMPL_210526_0335_20000000003702991039_000.jpg
3130362086;237739;NA;PSP_EXTRATLEITIMPL_210526_0335_20000000005602936989_000.jpg
3193395294;29951;NA;PSP_EXTRATLEITIMPL_210526_0335_20000000004102955995_000.jpg
064557B;314977;NA;PSP_EXTRATLEITIMPL_210526_0335_20000000009652954932_000.jpg
B67790;91151;NA;PSP_EXTRATLEITIMPL_210526_0335_20000000019752984135_000.jpg
3192162130;64888;NA;PSP_EXTRATLEITIMPL_210526_0335_20000000000352986145_000.jpg
B68943;27343;NA;PSP_EXTRATLEITIMPL_210526_0335_20000000010152974153_000.jpg
3150121107;108402;NA;PSP_EXTRATLEITIMPL_210526_0335_20000000006252994138_000.jpg
B42093;56494;NA;PSP_EXTRATLEITIMPL_210526_0335_20000000017452989042_000.jpg
5255960891/5256227683/5255960891/3153714770;59455;NA;NA
E99748;8104;NA;PSP_EXTRATLEITIMPL_210526_0335_20000000016852974985_000.jpg
3120354301;23917;NA;PSP_EXTRATLEITIMPL_210526_0335_20000000009602985018_000.jpg
3132312116;101797;NA;PSP_EXTRATLEITIMPL_210526_0335_20000000003102978978_000.jpg
133828B;15097;NA;PSP_EXTRATLEITIMPL_210526_0335_20000000015402957837_000.jpg
3222733340;41183;T181;PSP_EXTRATLEITIMPL_210526_0335_20000000016752967935_000.jpg
3242690620;11061;NA;PSP_EXTRATLEITIMPL_210526_0335_20000000013102957935_000.jpg
M15069;78133;NA;PSP_EXTRATLEITIMPL_210526_0335_20000000015452950931_000.jpg
50436055;28351;NA;PSP_EXTRATLEITIMPL_210526_0335_20000000016252962766_000.jpg
3193400735;67857;NA;PSP_EXTRATLEITIMPL_210526_0335_20000000015502972275_000.jpg
3225136121;17093;NA;PSP_EXTRATLEITIMPL_210526_0335_20000000010202979244_000.jpg
B26698;328735;NA;PSP_EXTRATLEITIMPL_210526_0335_20000000000252991287_000.jpg
3243783355/3231950426;11927;NA;PSP_EXTRATLEITIMPL_210526_0335_20000000007802986261_000.jpg
130854B;93993;NA;NA
71717046;16217;NA;PSP_EXTRATLEITIMPL_210526_0335_20000000014052983234_000.jpg
71497798;140971;NA;PSP_EXTRATLEITIMPL_210526_0335_20000000005852960982_000.jpg
660094075;21436;NA;PSP_EXTRATLEITIMPL_210526_0335_20000000007752961962_000.jpg
3193445119;56051;NA;PSP_EXTRATLEITIMPL_210526_0335_20000000002352962983_000.jpg
3131820649;78587;NA;PSP_EXTRATLEITIMPL_210526_0335_20000000018852967862_000.jpg
3193445097;97047;NA;PSP_EXTRATLEITIMPL_210526_0335_20000000015302974850_000.jpg
62188774;86548;NA;PSP_EXTRATLEITIMPL_210526_0335_20000000008952949890_000.jpg
60317631;87648;NA;PSP_EXTRATLEITIMPL_210526_0335_20000000009702956853_000.jpg
3201698684;64612;NA;PSP_EXTRATLEITIMPL_210526_0335_20000000000252972947_000.jpg
71491480;170962;NA;PSP_EXTRATLEITIMPL_210526_0335_20000000006552977849_000.jpg
71716414;71427;NA;PSP_EXTRATLEITIMPL_210526_0335_20000000017452992023_000.jpg
3242451375;17300;NA;PSP_EXTRATLEITIMPL_210526_0335_20000000006752965955_000.jpg
81601593;64431;NA;PSP_EXTRATLEITIMPL_210526_0335_20000000010452953927_000.jpg
3171370794;783554;NA;NA
056205B;288399;NA;PSP_EXTRATLEITIMPL_210526_0335_20000000013502951959_000.jpg
M34754;7415;NA;PSP_EXTRATLEITIMPL_210526_0335_20000000001752982622_000.jpg
E05061;189544;NA;PSP_EXTRATLEITIMPL_210526_0335_20000000006752980525_000.jpg
3193946754;19595;NA;PSP_EXTRATLEITIMPL_210526_0335_20000000015402965477_000.jpg
3202576647;34130;NA;PSP_EXTRATLEITIMPL_210526_0335_20000000018152961984_000.jpg
5257996435/081101B;3626;NA;PSP_EXTRATLEITIMPL_210526_0335_20000000013252951890_000.jpg
3130535452;42332;NA;PSP_EXTRATLEITIMPL_210526_0335_20000000007602979270_000.jpg
3221083309;23;P111;PSP_EXTRATLEITIMPL_210526_0335_20000000011102972020_000.jpg
3191911562;35772;NA;PSP_EXTRATLEITIMPL_210526_0335_20000000001352993084_000.jpg
128737B;45701;NA;PSP_EXTRATLEITIMPL_210526_0335_20000000019902993391_000.jpg
5255955707/5256973784/5255955707/3231117171;7808;NA;NA
3010165817;24605;NA;PSP_EXTRATLEITIMPL_210526_0335_20000000001102963756_000.jpg
3191471180;28060;NA;PSP_EXTRATLEITIMPL_210526_0335_20000000011702964727_000.jpg
3191410997;11805;NA;PSP_EXTRATLEITIMPL_210526_0335_20000000017052982780_000.jpg
3200025996;1113;NA;PSP_EXTRATLEITIMPL_210526_0335_20000000012202967747_000.jpg
3160375301;16517;NA;PSP_EXTRATLEITIMPL_210526_0335_20000000009102963744_000.jpg
81863156;74650;NA;PSP_EXTRATLEITIMPL_210526_0335_20000000010352974586_000.jpg
3120458336;37933;NA;PSP_EXTRATLEITIMPL_210526_0335_20000000018402979556_000.jpg
3120451587;70979;NA;PSP_EXTRATLEITIMPL_210526_0335_20000000015202975613_000.jpg
3160013779;132148;NA;PSP_EXTRATLEITIMPL_210526_0335_20000000000602963591_000.jpg
3140017867;71378;NA;PSP_EXTRATLEITIMPL_210526_0335_20000000017452979658_000.jpg
50554368;23793;NA;NA
109853B;16476;NA;PSP_EXTRATLEITIMPL_210526_0335_20000000002602980833_000.jpg
E84493;870453;NA;PSP_EXTRATLEITIMPL_210526_0335_20000000005952970767_000.jpg
40958177;71497;NA;PSP_EXTRATLEITIMPL_210526_0335_20000000014702962814_000.jpg
3160351240;413399;NA;PSP_EXTRATLEITIMPL_210526_0335_20000000019402972918_000.jpg
3180668062;104298;NA;NA
650085493;53643;NA;PSP_EXTRATLEITIMPL_210526_0335_20000000007552952973_000.jpg
3212659990;73727;NA;PSP_EXTRATLEITIMPL_210526_0335_20000000005053006055_000.jpg
3160009542;273468;NA;PSP_EXTRATLEITIMPL_210526_0335_20000000016002964645_000.jpg
3150129744;248379;NA;PSP_EXTRATLEITIMPL_210526_0335_20000000000152968582_000.jpg
40739327;13483;NA;PSP_EXTRATLEITIMPL_210526_0335_20000000000802965648_000.jpg
3193745562;18888;NA;PSP_EXTRATLEITIMPL_210526_0335_20000000012252971684_000.jpg
3213995404;42356;NA;NA
5260090609/3244069478/90517023;86;NA;NA
3212145474;14909;NA;NA
3132005183;11968;NA;NA
3193873110;27198;NA;NA
133709B;14278;NA;PSP_EXTRATLEITIMPL_210526_0335_20000000009902982129_000.jpg
3212583781;45008;T181;PSP_EXTRATLEITIMPL_210526_0335_20000000008302983169_000.jpg
3140707235;48652;NA;PSP_EXTRATLEITIMPL_210526_0335_20000000006102987150_000.jpg
3222732882;13706;T181;PSP_EXTRATLEITIMPL_210526_0335_20000000010002984018_000.jpg
3242644629;6;P111;PSP_EXTRATLEITIMPL_210526_0335_20000000006602965981_000.jpg
3132125928;21563;NA;PSP_EXTRATLEITIMPL_210526_0335_20000000007702961961_000.jpg
3242637320;37066;NA;PSP_EXTRATLEITIMPL_210526_0335_20000000013302953928_000.jpg
71928608;21050;NA;PSP_EXTRATLEITIMPL_210526_0335_20000000009902954904_000.jpg
3241960250;3513;T181;PSP_EXTRATLEITIMPL_210526_0335_20000000017502985431_000.jpg
3220352802;15933;T181;PSP_EXTRATLEITIMPL_210526_0335_20000000012752966396_000.jpg
W56982;66280;L101;PSP_EXTRATLEITIMPL_210526_0335_20000000019602979496_000.jpg
3233482578;50968;NA;PSP_EXTRATLEITIMPL_210526_0335_20000000010252961543_000.jpg
3212583110;21456;T181;PSP_EXTRATLEITIMPL_210526_0335_20000000006552986545_000.jpg
X22605;13522;L101;PSP_EXTRATLEITIMPL_210526_0335_20000000005852979574_000.jpg
3193105636;33894;NA;PSP_EXTRATLEITIMPL_210526_0335_20000000016452979588_000.jpg
3220328170;35290;T181;PSP_EXTRATLEITIMPL_210526_0335_20000000011052970522_000.jpg
3132346339;70922;NA;PSP_EXTRATLEITIMPL_210526_0335_20000000014002966492_000.jpg
3223329453;33009;T181;PSP_EXTRATLEITIMPL_210526_0335_20000000009802954843_000.jpg
30406800;5749;NA;PSP_EXTRATLEITIMPL_210526_0335_20000000002602970996_000.jpg
T80119;124;P111;PSP_EXTRATLEITIMPL_210526_0335_20000000012302965946_000.jpg
83237570;60190;NA;PSP_EXTRATLEITIMPL_210526_0335_20000000003202973977_000.jpg
158576B;98940;NA;PSP_EXTRATLEITIMPL_210526_0335_20000000006702959940_000.jpg
62509163;49952;NA;PSP_EXTRATLEITIMPL_210526_0335_20000000001852981683_000.jpg
30106989;51424;L101;PSP_EXTRATLEITIMPL_210526_0335_20000000011452951928_000.jpg
3222519780;1;P111;PSP_EXTRATLEITIMPL_210526_0335_20000000006752988045_000.jpg
3243455269/MB56564;4759;NA;PSP_EXTRATLEITIMPL_210526_0335_20000000015002954867_000.jpg
3212575657;30214;T181;PSP_EXTRATLEITIMPL_210526_0335_20000000014102950836_000.jpg
3223379736;21080;T181;PSP_EXTRATLEITIMPL_210526_0335_20000000012702954946_000.jpg
3170825267;42573;NA;PSP_EXTRATLEITIMPL_210526_0335_20000000014002947972_000.jpg
3192824663;14367;NA;PSP_EXTRATLEITIMPL_210526_0335_20000000010552965815_000.jpg
3241609340;39270;NA;NA
3212638381;245785;NA;PSP_EXTRATLEITIMPL_210526_0335_20000000002902978744_000.jpg
3190403024;23752;NA;PSP_EXTRATLEITIMPL_210526_0335_20000000007902971741_000.jpg
3212504652;33242;NA;PSP_EXTRATLEITIMPL_210526_0335_20000000012952956726_000.jpg
3220260312;73143;T181;PSP_EXTRATLEITIMPL_210526_0335_20000000009402957754_000.jpg
3220293598;36490;T181;NA
MH23124;63316;NA;PSP_EXTRATLEITIMPL_210526_0335_20000000019302993049_000.jpg
MH36801;58432;L101;PSP_EXTRATLEITIMPL_210526_0335_20000000018902980724_000.jpg
3241574783;6890;T181;PSP_EXTRATLEITIMPL_210526_0335_20000000000502956756_000.jpg
50685616;13048;NA;PSP_EXTRATLEITIMPL_210526_0335_20000000009852963955_000.jpg
3211526547;239567;NA;PSP_EXTRATLEITIMPL_210526_0335_20000000012402965670_000.jpg
3223505626;1165;NA;PSP_EXTRATLEITIMPL_210526_0335_00000000000211744099_000.jpg
3241180475;18057;NA;PSP_EXTRATLEITIMPL_210526_0335_20000000006702977732_000.jpg
3151654443;2409;NA;PSP_EXTRATLEITIMPL_210526_0335_20000000013002951756_000.jpg
3011178440;94671;NA;PSP_EXTRATLEITIMPL_210526_0335_20000000005102992818_000.jpg
3232935340;247705;NA;PSP_EXTRATLEITIMPL_210526_0335_20000000011952957927_000.jpg
5257901450/3122003239;222;NA;PSP_EXTRATLEITIMPL_210526_0335_20000000005352994072_000.jpg
3190055085;14509;L131;PSP_EXTRATLEITIMPL_210526_0335_20000000006352981572_000.jpg
3231641725;4967;NA;PSP_EXTRATLEITIMPL_210526_0335_20000000015202975614_000.jpg
3223316416;10884;T181;PSP_EXTRATLEITIMPL_210526_0335_20000000003952971598_000.jpg
3224293371;165;L101;PSP_EXTRATLEITIMPL_210526_0335_20000000003503000011_000.jpg
3243688271/30402529;1537;NA;PSP_EXTRATLEITIMPL_210526_0335_20000000009652955893_000.jpg
3010080636;38282;NA;PSP_EXTRATLEITIMPL_210526_0335_20000000008152980155_000.jpg
3172627586;1012;P111;PSP_EXTRATLEITIMPL_210526_0335_20000000005802984150_000.jpg
3244740838/3225560012;32847;L131;PSP_EXTRATLEITIMPL_210526_0335_20000000016202973146_000.jpg
3204953413;23846;NA;PSP_EXTRATLEITIMPL_210526_0335_20000000019402972920_000.jpg
3242301802/3225011639;4679;P111;PSP_EXTRATLEITIMPL_210526_0335_20000000013002949803_000.jpg
3231583865;8;P111;PSP_EXTRATLEITIMPL_210526_0335_20000000008902967567_000.jpg
3153039150;10736;NA;NA
3193320499;7000;NA;PSP_EXTRATLEITIMPL_210526_0335_20000000010702971843_000.jpg
3244201040/3241751669;6044;T181;PSP_EXTRATLEITIMPL_210526_0335_20000000016102944853_000.jpg
3242502891;9433;T181;PSP_EXTRATLEITIMPL_210526_0335_20000000019702957949_000.jpg
3242357905/3220460842;11596;T181;PSP_EXTRATLEITIMPL_210526_0335_20000000004002962968_000.jpg
3222552396;0;NA;PSP_EXTRATLEITIMPL_210526_0335_20000000008152963891_000.jpg
3221603000;14798;NA;PSP_EXTRATLEITIMPL_210526_0335_20000000015502947997_000.jpg
3153450829;16752;NA;PSP_EXTRATLEITIMPL_210526_0335_20000000003552970961_000.jpg
660183523;37285;NA;PSP_EXTRATLEITIMPL_210526_0335_20000000015902988014_000.jpg
3212180814;6040;NA;PSP_EXTRATLEITIMPL_210526_0335_20000000007852962943_000.jpg
3152777530;42335;NA;PSP_EXTRATLEITIMPL_210526_0335_20000000002702979668_000.jpg
3193160416;34710;NA;PSP_EXTRATLEITIMPL_210526_0335_20000000019152980692_000.jpg
T50066;25398;P111;PSP_EXTRATLEITIMPL_210526_0335_20000000002752982648_000.jpg
3140047120;19;P111;PSP_EXTRATLEITIMPL_210526_0335_20000000000752958814_000.jpg
3220328359;23561;T181;PSP_EXTRATLEITIMPL_210526_0335_20000000008552974488_000.jpg
3226109292;115;P111;PSP_EXTRATLEITIMPL_210526_0335_20000000001752983559_000.jpg
3243221713;8165;NA;NA
3190724912;1408;P111;NA
3193320421;13042;NA;NA
6251398109/5257071644/W37934;1940;NA;PSP_EXTRATLEITIMPL_210526_0335_20000000016802974974_000.jpg
3241628085;8092;NA;PSP_EXTRATLEITIMPL_210526_0335_20000000000902957927_000.jpg
6251398052/C20307;2140;NA;PSP_EXTRATLEITIMPL_210526_0335_20000000000802953886_000.jpg
3202694771;52;P111;PSP_EXTRATLEITIMPL_210526_0335_20000000007502967744_000.jpg
3180997139;1861;P111;PSP_EXTRATLEITIMPL_210526_0335_20000000014002954842_000.jpg
3010085482;12350;NA;PSP_EXTRATLEITIMPL_210526_0335_20000000007652961939_000.jpg
3140025380;25009;NA;PSP_EXTRATLEITIMPL_210526_0335_20000000014902948944_000.jpg
3171754916;388152;NA;PSP_EXTRATLEITIMPL_210526_0335_20000000019202965905_000.jpg
3213124896;8503;NA;PSP_EXTRATLEITIMPL_210526_0335_20000000012902951966_000.jpg
5257290737/3203788915;2129;T181;NA
5256640513/5250100576/40277528;632;NA;PSP_EXTRATLEITIMPL_210526_0335_20000000013152976310_000.jpg
3241903639;33004;NA;PSP_EXTRATLEITIMPL_210526_0335_20000000011302956923_000.jpg
3225008441;14177;T181;PSP_EXTRATLEITIMPL_210526_0335_20000000002002975987_000.jpg
114585B;97924;NA;PSP_EXTRATLEITIMPL_210526_0335_20000000001052955933_000.jpg
3172073432;7449;NA;PSP_EXTRATLEITIMPL_210526_0335_20000000017552983893_000.jpg
3225237092;8664;NA;PSP_EXTRATLEITIMPL_210526_0335_20000000017252980922_000.jpg
3212316856;94268;NA;PSP_EXTRATLEITIMPL_210526_0335_20000000000502954845_000.jpg
3225009073;16327;T181;PSP_EXTRATLEITIMPL_210526_0335_20000000008302968874_000.jpg
3191854712;11640;NA;PSP_EXTRATLEITIMPL_210526_0335_20000000019652972870_000.jpg
3225172128;81394;NA;PSP_EXTRATLEITIMPL_210526_0335_20000000006102979540_000.jpg
3212575959;70059;T181;NA
3242311859;5495;T181;PSP_EXTRATLEITIMPL_210526_0335_20000000017902963946_000.jpg
3231060951;18922;T181;PSP_EXTRATLEITIMPL_210526_0335_20000000005952983179_000.jpg
3190408344;147175;NA;PSP_EXTRATLEITIMPL_210526_0335_20000000015802963154_000.jpg
G39061;97864;L101;PSP_EXTRATLEITIMPL_210526_0335_20000000017652996197_000.jpg
3161529140;39991;NA;PSP_EXTRATLEITIMPL_210526_0335_20000000003002985255_000.jpg
3190387568;48606;NA;PSP_EXTRATLEITIMPL_210526_0335_20000000000352985196_000.jpg
3201691914;200389;NA;PSP_EXTRATLEITIMPL_210526_0335_20000000005552980219_000.jpg
3132343666;84108;NA;NA
61645098;63419;NA;NA
3130293297;411784;NA;PSP_EXTRATLEITIMPL_210526_0335_20000000013952960779_000.jpg
T62800;19859;L101;PSP_EXTRATLEITIMPL_210526_0335_20000000001602981786_000.jpg
5252375467/3151550290;3815;NA;PSP_EXTRATLEITIMPL_210526_0335_20000000003952966719_000.jpg
3202187918;9736;NA;PSP_EXTRATLEITIMPL_210526_0335_20000000011852966762_000.jpg
3226065481;8660;NA;PSP_EXTRATLEITIMPL_210526_0335_20000000019852973793_000.jpg
3205209874;27964;NA;PSP_EXTRATLEITIMPL_210526_0335_20000000002452983783_000.jpg
40225315;32748;L101;PSP_EXTRATLEITIMPL_210526_0335_20000000008702975768_000.jpg
3181101473;5337;NA;PSP_EXTRATLEITIMPL_210526_0335_20000000006002973753_000.jpg
OT76548;5491;L101;PSP_EXTRATLEITIMPL_210526_0335_20000000016552967736_000.jpg
3214315415;18218;NA;PSP_EXTRATLEITIMPL_210526_0335_20000000007752966943_000.jpg
5256599408/3154673813;2621;NA;PSP_EXTRATLEITIMPL_210526_0335_20000000010252940938_000.jpg
NF04425;17314;L101;PSP_EXTRATLEITIMPL_210526_0335_20000000007102977373_000.jpg
3151875750;27444;NA;NA
3160086822;8466;NA;NA
5260139365/3153823560;549;T181;PSP_EXTRATLEITIMPL_210526_0335_20000000018252982144_000.jpg
MG07172;86442;NA;PSP_EXTRATLEITIMPL_210526_0335_20000000001102979001_000.jpg
3202511448;2750;NA;PSP_EXTRATLEITIMPL_210526_0335_20000000008552970675_000.jpg
3213817999;3842;L101;PSP_EXTRATLEITIMPL_210526_0335_20000000005152975997_000.jpg
3121137746;9644;L101;PSP_EXTRATLEITIMPL_210526_0335_20000000016002946967_000.jpg
3232548303;2703;L101;PSP_EXTRATLEITIMPL_210526_0335_20000000019652982501_000.jpg
3121100435;24334;L101;PSP_EXTRATLEITIMPL_210526_0335_20000000007652971590_000.jpg
3153646324;11;NA;NA
3224246128;1340;L101;PSP_EXTRATLEITIMPL_210526_0335_20000000007952984039_000.jpg
3225010330;898;T181;NA
3153657148;728398;NA;NA
3160070276;4798;NA;NA
3192391317;0;NA;NA
3160085206;7581;NA;NA
3242554930;6552;NA;NA
3214185830;0;NA;NA
3151921832;10634;NA;NA
60399190;809;L101;PSP_EXTRATLEITIMPL_210526_0335_20000000011902958841_000.jpg
3151859797;22791;NA;NA
3231263062;4357;NA;NA
3141454519;16476;L101;NA
3220071285;0;NA;NA
3153651654;27875;NA;NA
3213006427;4269;NA;NA
61990569;2005;NA;NA
40599002;33250;L101;NA
3183542736;9429;NA;PSP_EXTRATLEITIMPL_210526_0335_20000000004552982482_000.jpg
3172817202;8673;NA;NA
3160890265;16327;NA;NA
5260085982/3151929930;32149;NA;NA
3245266323/3151864600;0;NA;NA
61335250;29710;L101;PSP_EXTRATLEITIMPL_210526_0335_20000000000052984377_000.jpg
3182693242;11362;L131;PSP_EXTRATLEITIMPL_210526_0335_20000000006102984384_000.jpg
3182770514;3940;L131;PSP_EXTRATLEITIMPL_210526_0335_20000000002852987064_000.jpg
3130537137;11183;L101;PSP_EXTRATLEITIMPL_210526_0335_20000000014152946982_000.jpg
640044845;26385;NA;PSP_EXTRATLEITIMPL_210526_0335_20000000007702983510_000.jpg
3230749425;2198;L101;PSP_EXTRATLEITIMPL_210526_0335_20000000018452980503_000.jpg
3133238807;9003;L101;PSP_EXTRATLEITIMPL_210526_0335_20000000004952999689_000.jpg
3153949394;2338;L101;PSP_EXTRATLEITIMPL_210526_0335_20000000016402963762_000.jpg
3243772566;6382;T181;PSP_EXTRATLEITIMPL_210526_0335_20000000016552949963_000.jpg
3150615975;2608;L101;PSP_EXTRATLEITIMPL_210526_0335_20000000010552955917_000.jpg
3230884004;16246;T181;PSP_EXTRATLEITIMPL_210526_0335_20000000012052954990_000.jpg
3220071269;0;NA;NA
3243549786;4894;NA;PSP_EXTRATLEITIMPL_210526_0335_20000000018302981369_000.jpg
3220243540;44843;T181;PSP_EXTRATLEITIMPL_210526_0335_20000000018802976357_000.jpg
3220243574;18487;T181;PSP_EXTRATLEITIMPL_210526_0335_20000000005602961420_000.jpg
3171773384;52436;NA;PSP_EXTRATLEITIMPL_210526_0335_20000000007252986451_000.jpg
50442888;41752;NA;PSP_EXTRATLEITIMPL_210526_0335_20000000009002981343_000.jpg
5256221251/3230071178;3999;T181;PSP_EXTRATLEITIMPL_210526_0335_20000000010402964406_000.jpg
3130222993;43420;NA;PSP_EXTRATLEITIMPL_210526_0335_20000000016052969752_000.jpg
3150756781;6159;NA;PSP_EXTRATLEITIMPL_210526_0335_20000000001902989256_000.jpg
5259917354/3243427346/5259917354/3242403176/3243427346/3242403176/3243427346/3233485097;23846;NA;NA
3180475353;124528;NA;PSP_EXTRATLEITIMPL_210526_0335_20000000018202984274_000.jpg
3242306367;7641;T181;PSP_EXTRATLEITIMPL_210526_0335_20000000009402941925_000.jpg
3211958897;9033;NA;PSP_EXTRATLEITIMPL_210526_0335_20000000009802945947_000.jpg
3170572881;36388;NA;PSP_EXTRATLEITIMPL_210526_0335_20000000010352952960_000.jpg
3244262871/3244661792/40359DA;6994;NA;NA
3193385159;99;NA;NA
3244121453/Q31933;2166;NA;PSP_EXTRATLEITIMPL_210526_0335_20000000019902996156_000.jpg
3201454645;11224;NA;NA
3192227193;13060;NA;NA
5260317506/3242306227/3230007054;379;NA;NA
3200147714;13163;L101;PSP_EXTRATLEITIMPL_210526_0335_20000000009302966789_000.jpg
3223977978;6054;NA;PSP_EXTRATLEITIMPL_210526_0335_20000000016302966782_000.jpg
5257070370/3205662374;3261;NA;PSP_EXTRATLEITIMPL_210526_0335_20000000003602976807_000.jpg
3225267650;3205;NA;NA
3171133954;9312;NA;NA
3224543050;32;P111;NA
3191408666;5865;L101;PSP_EXTRATLEITIMPL_210526_0335_20000000004202997163_000.jpg
5257933417/3230747171;4531;T181;PSP_EXTRATLEITIMPL_210526_0335_20000000019252978730_000.jpg
3242307142;14745;T181;PSP_EXTRATLEITIMPL_210526_0335_20000000014552969731_000.jpg
30249682;26962;NA;PSP_EXTRATLEITIMPL_210526_0335_20000000004652993212_000.jpg
3172317129;12356;NA;PSP_EXTRATLEITIMPL_210526_0335_20000000000052985286_000.jpg
30249631;18935;NA;NA
3190023574;13320;NA;NA
M47249;47812;L101;NA
3202577600;16683;NA;NA
3232741685;1645;NA;PSP_EXTRATLEITIMPL_210526_0335_20000000006102970933_000.jpg
3202168980;1176;NA;PSP_EXTRATLEITIMPL_210526_0335_20000000007402969768_000.jpg
5261792186/3244958850/3132778948;2308;NA;NA
3010241543;27978;NA;PSP_EXTRATLEITIMPL_210526_0335_20000000001002973036_000.jpg
3141729577;12550;L101;PSP_EXTRATLEITIMPL_210526_0335_20000000001202974632_000.jpg
3121758228;2727;NA;PSP_EXTRATLEITIMPL_210526_0335_20000000006002977637_000.jpg
OR57412;49705;NA;PSP_EXTRATLEITIMPL_210526_0335_20000000003552968982_000.jpg
3140603650;63965;NA;PSP_EXTRATLEITIMPL_210526_0335_20000000008752953941_000.jpg
E11056;232456;NA;PSP_EXTRATLEITIMPL_210526_0335_20000000015302975954_000.jpg
71725081;41606;NA;PSP_EXTRATLEITIMPL_210526_0335_20000000011952960876_000.jpg
3212575673;34075;T181;PSP_EXTRATLEITIMPL_210526_0335_20000000007102963867_000.jpg
69668B;7831;NA;PSP_EXTRATLEITIMPL_210526_0335_20000000015102969855_000.jpg
123725B;54783;NA;PSP_EXTRATLEITIMPL_210526_0335_20000000017553001027_000.jpg
3222572672;15621;NA;PSP_EXTRATLEITIMPL_210526_0335_20000000011202960892_000.jpg
50006786;42211;NA;PSP_EXTRATLEITIMPL_210526_0335_20000000015302975957_000.jpg
3201474077;87072;NA;NA
3232916418;160034;NA;PSP_EXTRATLEITIMPL_210526_0335_20000000012952967204_000.jpg
6251123428/MH11654;27;T181;PSP_EXTRATLEITIMPL_210526_0335_20000000016952992227_000.jpg
3231331564;35626;NA;PSP_EXTRATLEITIMPL_210526_0335_20000000007402980210_000.jpg
E11028;317726;L101;NA
3202188612;7514;NA;PSP_EXTRATLEITIMPL_210526_0335_20000000019802982885_000.jpg
3180678351;254052;NA;NA
6251180987/3244883027/3131845722;870;T181;PSP_EXTRATLEITIMPL_210526_0335_20000000004702996821_000.jpg
50592057;95122;NA;PSP_EXTRATLEITIMPL_210526_0335_20000000007452970766_000.jpg
51659686;87977;NA;PSP_EXTRATLEITIMPL_210526_0335_20000000002052989782_000.jpg
6251155303/3172762777;2319;NA;PSP_EXTRATLEITIMPL_210526_0335_20000000010202974532_000.jpg
3220261394;91968;T181;PSP_EXTRATLEITIMPL_210526_0335_20000000017702988590_000.jpg
3190098027;1615;NA;PSP_EXTRATLEITIMPL_210526_0335_20000000002602983681_000.jpg
3242309153;11882;NA;PSP_EXTRATLEITIMPL_210526_0335_20000000019452975867_000.jpg
MA36510;32654;L101;PSP_EXTRATLEITIMPL_210526_0335_20000000016802974975_000.jpg
3191432117;6053;NA;PSP_EXTRATLEITIMPL_210526_0335_20000000001402995008_000.jpg
3241189006;36713;NA;PSP_EXTRATLEITIMPL_210526_0335_20000000010302959943_000.jpg
3171134969;25437;NA;PSP_EXTRATLEITIMPL_210526_0335_20000000013452985076_000.jpg
3171245027;211687;NA;PSP_EXTRATLEITIMPL_210526_0335_20000000019202960942_000.jpg
3220260150;39865;NA;PSP_EXTRATLEITIMPL_210526_0335_20000000004953004456_000.jpg
3212568014;59306;T181;PSP_EXTRATLEITIMPL_210526_0335_20000000006802984460_000.jpg
124873B;74828;NA;PSP_EXTRATLEITIMPL_210526_0335_20000000005502987408_000.jpg
3180830358;23063;P111;PSP_EXTRATLEITIMPL_210526_0335_20000000016802988597_000.jpg
3211755139;9363;NA;PSP_EXTRATLEITIMPL_210526_0335_20000000011252967454_000.jpg
5255954425/3245128281/5255954425/3171821508;46530;NA;NA
3212370141;62331;NA;PSP_EXTRATLEITIMPL_210526_0335_20000000018552967964_000.jpg
3222760533;20214;T181;PSP_EXTRATLEITIMPL_210526_0335_20000000016402951962_000.jpg
3223606970;900;NA;PSP_EXTRATLEITIMPL_210526_0335_20000000008752974287_000.jpg
3213053433;7371;NA;PSP_EXTRATLEITIMPL_210526_0335_20000000005352973964_000.jpg
3220261475;14544;T181;PSP_EXTRATLEITIMPL_210526_0335_20000000001202984156_000.jpg
3242497502;15650;T181;PSP_EXTRATLEITIMPL_210526_0335_20000000016702988848_000.jpg
NF53147;25596;L101;PSP_EXTRATLEITIMPL_210526_0335_20000000000052966859_000.jpg
3212724164;36357;T181;PSP_EXTRATLEITIMPL_210526_0335_20000000016902991659_000.jpg
3180060374;300;L101;PSP_EXTRATLEITIMPL_210526_0335_20000000018902992019_000.jpg
OT48271;31674;NA;NA
3204418860;31198;NA;NA
3230677947;9077;NA;PSP_EXTRATLEITIMPL_210526_0335_20000000015702969368_000.jpg
3180054595;8692;P101;PSP_EXTRATLEITIMPL_210526_0335_20000000009302963873_000.jpg
T29197;45811;NA;PSP_EXTRATLEITIMPL_210526_0335_20000000000902983028_000.jpg
3204603650;36559;NA;PSP_EXTRATLEITIMPL_210526_0335_20000000008452945957_000.jpg
3244277607;7456;NA;PSP_EXTRATLEITIMPL_210526_0335_20000000002902992097_000.jpg
3243596741;1051;L101;PSP_EXTRATLEITIMPL_210526_0335_20000000008152953955_000.jpg
3140613940;142228;NA;PSP_EXTRATLEITIMPL_210526_0335_20000000006802989154_000.jpg
3011114257;23319;NA;PSP_EXTRATLEITIMPL_210526_0335_20000000011302978147_000.jpg
3193207471;960;T181;PSP_EXTRATLEITIMPL_210526_0335_20000000015052968140_000.jpg
3220293571;67867;T181;PSP_EXTRATLEITIMPL_210526_0335_20000000014452971152_000.jpg
5257612742/30545699;265;NA;PSP_EXTRATLEITIMPL_210526_0335_20000000016052972802_000.jpg
3154127576;156;P111;PSP_EXTRATLEITIMPL_210526_0335_20000000005052995593_000.jpg
3220294225;44480;T181;PSP_EXTRATLEITIMPL_210526_0335_20000000015252982630_000.jpg
3190418145;347519;NA;PSP_EXTRATLEITIMPL_210526_0335_20000000006202979382_000.jpg
3131160509;7012;NA;PSP_EXTRATLEITIMPL_210526_0335_20000000015052944836_000.jpg
3181690797;806261;NA;NA
3221464892;7905;NA;PSP_EXTRATLEITIMPL_210526_0335_20000000010002975655_000.jpg
3182143765;39008;NA;PSP_EXTRATLEITIMPL_210526_0335_20000000008002963765_000.jpg
3140772150;7197;NA;PSP_EXTRATLEITIMPL_210526_0335_20000000003652988456_000.jpg
3220294349;22260;T181;PSP_EXTRATLEITIMPL_210526_0335_20000000010402949885_000.jpg
3183491740;16547;NA;PSP_EXTRATLEITIMPL_210526_0335_20000000002402958919_000.jpg
3243781310/3230128722;4273;T181;PSP_EXTRATLEITIMPL_210526_0335_20000000013752971499_000.jpg
30044320;8;P111;PSP_EXTRATLEITIMPL_210526_0335_20000000011252955836_000.jpg
3222843757;243;NA;PSP_EXTRATLEITIMPL_210526_0335_20000000009102947992_000.jpg
W65065;18059;NA;PSP_EXTRATLEITIMPL_210526_0335_20000000008252945990_000.jpg
3171021390;1887;NA;PSP_EXTRATLEITIMPL_210526_0335_20000000002902993065_000.jpg
3232445237;1686;NA;PSP_EXTRATLEITIMPL_210526_0335_20000000012102985055_000.jpg
3180446272;7590;NA;PSP_EXTRATLEITIMPL_210526_0335_20000000017152970966_000.jpg
3151266923;4478;NA;PSP_EXTRATLEITIMPL_210526_0335_20000000017252997045_000.jpg
91269260;9305;NA;PSP_EXTRATLEITIMPL_210526_0335_20000000000152953917_000.jpg
3225472121;1302;NA;PSP_EXTRATLEITIMPL_210526_0335_20000000005152995621_000.jpg
3160939680;18429;NA;PSP_EXTRATLEITIMPL_210526_0335_20000000000102946990_000.jpg
3233004048;2893;NA;PSP_EXTRATLEITIMPL_210526_0335_20000000004152980792_000.jpg
3180920039;23764;NA;PSP_EXTRATLEITIMPL_210526_0335_20000000012252966786_000.jpg
91039087;8520;NA;PSP_EXTRATLEITIMPL_210526_0335_20000000009152973774_000.jpg
3223110761;5717;NA;PSP_EXTRATLEITIMPL_210526_0335_20000000014252971145_000.jpg
3154788572;550;T181;PSP_EXTRATLEITIMPL_210526_0335_20000000010002983155_000.jpg
3230723205;1196;NA;PSP_EXTRATLEITIMPL_210526_0335_20000000018902967911_000.jpg
3201651246;149118;NA;PSP_EXTRATLEITIMPL_210526_0335_20000000003152982833_000.jpg
3233243913;612;T111;PSP_EXTRATLEITIMPL_210526_0335_20000000012702980157_000.jpg
3161854084;390016;NA;PSP_EXTRATLEITIMPL_210526_0335_20000000017802976957_000.jpg
3224456270;67;P111;PSP_EXTRATLEITIMPL_210526_0335_20000000013052963751_000.jpg
3242328077/3225145767;16527;NA;PSP_EXTRATLEITIMPL_210526_0335_20000000017452984370_000.jpg
3211144318;52302;T181;PSP_EXTRATLEITIMPL_210526_0335_20000000008002953932_000.jpg
3220774570;14338;NA;PSP_EXTRATLEITIMPL_210526_0335_20000000005302999024_000.jpg
3191061615;77859;NA;PSP_EXTRATLEITIMPL_210526_0335_20000000011602971002_000.jpg
40184961;58;P111;PSP_EXTRATLEITIMPL_210526_0335_20000000009002954976_000.jpg
3223345270;9945;T181;PSP_EXTRATLEITIMPL_210526_0335_20000000002602968973_000.jpg
3242520270;5755;T181;PSP_EXTRATLEITIMPL_210526_0335_20000000007452957982_000.jpg
3245137680/3203585330;6381;NA;PSP_EXTRATLEITIMPL_210526_0335_20000000017952964868_000.jpg
3214292067;51011;T181;PSP_EXTRATLEITIMPL_210526_0335_20000000000852946969_000.jpg
3153133300;35566;NA;PSP_EXTRATLEITIMPL_210526_0335_20000000015152983396_000.jpg
3242066781;2022;NA;PSP_EXTRATLEITIMPL_210526_0335_20000000001152976358_000.jpg
3230551897;6940;NA;PSP_EXTRATLEITIMPL_210526_0335_20000000012602974648_000.jpg
3231539815;722;NA;NA
3242500317;5325;T181;PSP_EXTRATLEITIMPL_210526_0335_20000000000652967668_000.jpg
6251217430/3212726817;2053;T181;PSP_EXTRATLEITIMPL_210526_0335_20000000017602977254_000.jpg
3231534201;8636;NA;PSP_EXTRATLEITIMPL_210526_0335_20000000014352937873_000.jpg
3150157020;342384;NA;PSP_EXTRATLEITIMPL_210526_0335_20000000013102956983_000.jpg
3193547868;41805;NA;PSP_EXTRATLEITIMPL_210526_0335_20000000015652962744_000.jpg
81837619;44433;NA;PSP_EXTRATLEITIMPL_210526_0335_20000000012952957661_000.jpg
3211167490;26887;T181;PSP_EXTRATLEITIMPL_210526_0335_20000000011752976003_000.jpg
60316406;54617;NA;PSP_EXTRATLEITIMPL_210526_0335_20000000009002969819_000.jpg
3130187039;13218;NA;PSP_EXTRATLEITIMPL_210526_0335_20000000007302968776_000.jpg
3191075241;12349;NA;PSP_EXTRATLEITIMPL_210526_0335_20000000017802985725_000.jpg
3210257895;7228;NA;PSP_EXTRATLEITIMPL_210526_0335_20000000017202985258_000.jpg
123077B;86506;NA;PSP_EXTRATLEITIMPL_210526_0335_20000000014002970278_000.jpg
3244248666;6662;T181;PSP_EXTRATLEITIMPL_210526_0335_20000000018502980383_000.jpg
3170276018;2740;NA;PSP_EXTRATLEITIMPL_210526_0335_20000000018802962870_000.jpg
3191902393;5986;NA;PSP_EXTRATLEITIMPL_210526_0335_20000000001752967971_000.jpg
MA50191;2435;M141;PSP_EXTRATLEITIMPL_210526_0335_20000000016302953981_000.jpg
MA02079;19169;L101;PSP_EXTRATLEITIMPL_210526_0335_20000000017253000029_000.jpg
3211268955;2262;NA;PSP_EXTRATLEITIMPL_210526_0335_20000000003602987260_000.jpg
6252193837;5710;T181;NA
3172638529;445;T111;PSP_EXTRATLEITIMPL_210526_0335_20000000010052987266_000.jpg
3220684333;3272;NA;PSP_EXTRATLEITIMPL_210526_0335_20000000009502982077_000.jpg
3205305172;5394;NA;PSP_EXTRATLEITIMPL_210526_0335_20000000019602974651_000.jpg
3221471171;612;NA;PSP_EXTRATLEITIMPL_210526_0335_20000000007902982141_000.jpg
3232783388;164;NA;PSP_EXTRATLEITIMPL_210526_0335_20000000011402989016_000.jpg
N55500;41471;NA;PSP_EXTRATLEITIMPL_210526_0335_20000000019202960946_000.jpg
T02245;43;P111;PSP_EXTRATLEITIMPL_210526_0335_20000000006852978942_000.jpg
MG13514;19761;NA;PSP_EXTRATLEITIMPL_210526_0335_20000000007752967933_000.jpg
3220316946;8831;T181;PSP_EXTRATLEITIMPL_210526_0335_20000000010452968531_000.jpg
3212557292;29293;T181;PSP_EXTRATLEITIMPL_210526_0335_20000000011752970524_000.jpg
N12670;30262;NA;NA
3220231720;24178;T181;PSP_EXTRATLEITIMPL_210526_0335_20000000003802977777_000.jpg
3211287763;39608;T181;PSP_EXTRATLEITIMPL_210526_0335_20000000008402967341_000.jpg
3220315486;14429;T181;PSP_EXTRATLEITIMPL_210526_0335_20000000012952965337_000.jpg
3223893081;2585;NA;PSP_EXTRATLEITIMPL_210526_0335_20000000008152954944_000.jpg
MH58378;59567;T111;PSP_EXTRATLEITIMPL_210526_0335_20000000008302977533_000.jpg
3152151593;3543;T111;PSP_EXTRATLEITIMPL_210526_0335_20000000001952984666_000.jpg
650137906;15168;NA;PSP_EXTRATLEITIMPL_210526_0335_20000000011602968236_000.jpg
3223049191;4798;NA;PSP_EXTRATLEITIMPL_210526_0335_20000000009552974233_000.jpg
163884B;6758;NA;PSP_EXTRATLEITIMPL_210526_0335_20000000009602972742_000.jpg
3211674627;27791;NA;PSP_EXTRATLEITIMPL_210526_0335_20000000012152958780_000.jpg
3182941548;10493;L101;PSP_EXTRATLEITIMPL_210526_0335_20000000008952956788_000.jpg
3132017122;9925;T111;PSP_EXTRATLEITIMPL_210526_0335_20000000014002953884_000.jpg
3172007324;10047;NA;PSP_EXTRATLEITIMPL_210526_0335_20000000016752971915_000.jpg
3183162224;54287;NA;PSP_EXTRATLEITIMPL_210526_0335_20000000019102971868_000.jpg
H23099;53950;NA;NA
3161862621;72718;NA;PSP_EXTRATLEITIMPL_210526_0335_20000000009102956865_000.jpg
3220339660;34411;T181;PSP_EXTRATLEITIMPL_210526_0335_20000000000102959847_000.jpg
3193069249;32971;NA;PSP_EXTRATLEITIMPL_210526_0335_20000000018302976677_000.jpg
3192818825;32014;NA;PSP_EXTRATLEITIMPL_210526_0335_20000000013702975254_000.jpg
3223335950;12137;T181;PSP_EXTRATLEITIMPL_210526_0335_20000000019402976863_000.jpg
3181061420;105681;NA;PSP_EXTRATLEITIMPL_210526_0335_20000000013902952948_000.jpg
3232347081;4433;NA;PSP_EXTRATLEITIMPL_210526_0335_20000000008102992088_000.jpg
3220835617;6423;NA;PSP_EXTRATLEITIMPL_210526_0335_20000000016302950978_000.jpg
6251933586/3181610041;22;P111;PSP_EXTRATLEITIMPL_210526_0335_20000000003052962991_000.jpg
6251129841/3220339814;1898;T181;PSP_EXTRATLEITIMPL_210526_0335_20000000011252940990_000.jpg
3161008922;51779;NA;PSP_EXTRATLEITIMPL_210526_0335_20000000016852999028_000.jpg
3231085156;47064;T181;PSP_EXTRATLEITIMPL_210526_0335_20000000008602957938_000.jpg
3231085075;63784;T181;PSP_EXTRATLEITIMPL_210526_0335_20000000002702988272_000.jpg
T28099;16;P111;PSP_EXTRATLEITIMPL_210526_0335_20000000005452980304_000.jpg
3160026609;11706;NA;PSP_EXTRATLEITIMPL_210526_0335_20000000010452966628_000.jpg
3242499564/3212586535;3218;T181;PSP_EXTRATLEITIMPL_210526_0335_20000000006652991165_000.jpg
3211198574;158;P111;PSP_EXTRATLEITIMPL_210526_0335_20000000010852970378_000.jpg
40273603;22429;NA;NA
3225245257;2517;NA;PSP_EXTRATLEITIMPL_210526_0335_20000000018802966778_000.jpg
3212732299;30506;T181;NA
61105077;862;P111;PSP_EXTRATLEITIMPL_210526_0335_20000000016052980397_000.jpg
3011157030;1940;NA;PSP_EXTRATLEITIMPL_210526_0335_20000000011452970445_000.jpg
MH15417;469;B111;PSP_EXTRATLEITIMPL_210526_0335_20000000008102990239_000.jpg
3202247252;34718;NA;PSP_EXTRATLEITIMPL_210526_0335_20000000012002966732_000.jpg
3230227755;32419;NA;PSP_EXTRATLEITIMPL_210526_0335_20000000012752966399_000.jpg
3223399745;11191;T181;PSP_EXTRATLEITIMPL_210526_0335_20000000015602979427_000.jpg
61237674;78025;NA;PSP_EXTRATLEITIMPL_210526_0335_20000000007752984398_000.jpg
3010038774;24622;NA;PSP_EXTRATLEITIMPL_210526_0335_20000000012352968339_000.jpg
3223675629;2124;M141;NA
3011105154;18497;NA;PSP_EXTRATLEITIMPL_210526_0335_20000000015252971938_000.jpg
3212374953;261321;NA;PSP_EXTRATLEITIMPL_210526_0335_20000000005752968654_000.jpg
3190371432;78573;NA;PSP_EXTRATLEITIMPL_210526_0335_20000000016152960886_000.jpg
6251430762/E36914;585;NA;PSP_EXTRATLEITIMPL_210526_0335_20000000003302991408_000.jpg
NU18325;21046;NA;PSP_EXTRATLEITIMPL_210526_0335_20000000007702977797_000.jpg
3220286192;6413;T181;PSP_EXTRATLEITIMPL_210526_0335_20000000006902974581_000.jpg
MG52158;96094;NA;PSP_EXTRATLEITIMPL_210526_0335_20000000008102985533_000.jpg
3193208648;31918;T181;PSP_EXTRATLEITIMPL_210526_0335_20000000013052969547_000.jpg
3241632791/3212617180;5559;T181;PSP_EXTRATLEITIMPL_210526_0335_20000000013852982177_000.jpg
80451474;3550;L101;PSP_EXTRATLEITIMPL_210526_0335_20000000012802981163_000.jpg
3212805091;3808;NA;PSP_EXTRATLEITIMPL_210526_0335_20000000008652978788_000.jpg
3190125784;2747;M141;PSP_EXTRATLEITIMPL_210526_0335_20000000007102970737_000.jpg
5260119259/3201598779;186;NA;NA
3212553718;14270;NA;NA
3221826255;2532;NA;NA
3122041459;1412;B111;PSP_EXTRATLEITIMPL_210526_0335_20000000004202969998_000.jpg
3242412604/129981B;47784;NA;NA
3153704057;94117;NA;NA
3193434214;156;NA;NA
51570952;9270;NA;PSP_EXTRATLEITIMPL_210526_0335_20000000008002962798_000.jpg
3231986854;1004;NA;PSP_EXTRATLEITIMPL_210526_0335_20000000002302987343_000.jpg
156002;18;NA;PSP_EXTRATLEITIMPL_210526_0335_20000000014752967547_000.jpg
3190201553;66392;NA;PSP_EXTRATLEITIMPL_210526_0335_20000000009952960599_000.jpg
3180501427;48749;T181;PSP_EXTRATLEITIMPL_210526_0335_20000000009002954975_000.jpg
3225185122;241;T111;PSP_EXTRATLEITIMPL_210526_0335_20000000000902965905_000.jpg
3010166848;77232;L101;PSP_EXTRATLEITIMPL_210526_0335_20000000016402951963_000.jpg
MC07188;18656;L131;PSP_EXTRATLEITIMPL_210526_0335_20000000013652955884_000.jpg
T18227;35328;T111;PSP_EXTRATLEITIMPL_210526_0335_20000000014402974018_000.jpg
3222531682;4152;NA;NA
3154493734;31204;T111;NA
3231032010;33574;T181;NA
3211283342;176498;T181;PSP_EXTRATLEITIMPL_210526_0335_20000000016352973512_000.jpg
3220314900;18791;T181;PSP_EXTRATLEITIMPL_210526_0335_20000000006452980699_000.jpg
3212548099;16349;T181;PSP_EXTRATLEITIMPL_210526_0335_20000000008402955871_000.jpg
5257739858/71131645;16497;NA;PSP_EXTRATLEITIMPL_210526_0335_20000000008552961886_000.jpg
80521723;5294;NA;PSP_EXTRATLEITIMPL_210526_0335_20000000002752988392_000.jpg
5257983570/50848345;2583;NA;PSP_EXTRATLEITIMPL_210526_0335_20000000012602977498_000.jpg
6251283964/62222565;0;NA;PSP_EXTRATLEITIMPL_210526_0335_20000000005003002037_000.jpg
3205435270;4330;NA;PSP_EXTRATLEITIMPL_210526_0335_20000000004202992403_000.jpg
3194026250;57882;T181;PSP_EXTRATLEITIMPL_210526_0335_20000000012052975650_000.jpg
62218851;46474;NA;PSP_EXTRATLEITIMPL_210526_0335_20000000000802965654_000.jpg
3153168961;32597;NA;PSP_EXTRATLEITIMPL_210526_0335_20000000012552962781_000.jpg
3182154619;8632;NA;PSP_EXTRATLEITIMPL_210526_0335_20000000000952956875_000.jpg
3172643794;12559;NA;PSP_EXTRATLEITIMPL_210526_0335_20000000016002965521_000.jpg
3190329770;7772;NA;PSP_EXTRATLEITIMPL_210526_0335_20000000014802987142_000.jpg
MG07398;153;P111;PSP_EXTRATLEITIMPL_210526_0335_20000000016502971143_000.jpg
3201631075;212230;NA;PSP_EXTRATLEITIMPL_210526_0335_20000000010352968761_000.jpg
3231048790;16521;T181;PSP_EXTRATLEITIMPL_210526_0335_20000000009352982280_000.jpg
3190943479;5476;NA;PSP_EXTRATLEITIMPL_210526_0335_20000000002002995432_000.jpg
6251172143/3202501116;676;T181;PSP_EXTRATLEITIMPL_210526_0335_20000000007902978393_000.jpg
91104920;21264;NA;PSP_EXTRATLEITIMPL_210526_0335_20000000000202968211_000.jpg
3150129140;31534;NA;PSP_EXTRATLEITIMPL_210526_0335_20000000001652979651_000.jpg
MC20905;3341;NA;PSP_EXTRATLEITIMPL_210526_0335_20000000014552978277_000.jpg
40704159;5294;NA;PSP_EXTRATLEITIMPL_210526_0335_20000000011052968581_000.jpg
3223286444;6905;T181;PSP_EXTRATLEITIMPL_210526_0335_20000000005652973640_000.jpg
5256554668/3231389244;3460;T181;PSP_EXTRATLEITIMPL_210526_0335_20000000017252986646_000.jpg
6251935759/MC19785;99999;T111;PSP_EXTRATLEITIMPL_210526_0335_20000000004202994391_000.jpg
3153307090;6118;NA;PSP_EXTRATLEITIMPL_210526_0335_20000000001902982616_000.jpg
81711933;32179;NA;PSP_EXTRATLEITIMPL_210526_0335_20000000011402978671_000.jpg
81802076;80448;NA;PSP_EXTRATLEITIMPL_210526_0335_20000000015952945941_000.jpg
81629226;73478;NA;PSP_EXTRATLEITIMPL_210526_0335_20000000014452960789_000.jpg
3153139775;4784;NA;PSP_EXTRATLEITIMPL_210526_0335_20000000006402974566_000.jpg
82734597;9470;NA;PSP_EXTRATLEITIMPL_210526_0335_20000000015452964791_000.jpg
83048255;32839;NA;PSP_EXTRATLEITIMPL_210526_0335_20000000011752961810_000.jpg
3151385710;3227;NA;PSP_EXTRATLEITIMPL_210526_0335_20000000018452982392_000.jpg
3212584370;79391;T181;PSP_EXTRATLEITIMPL_210526_0335_20000000016802980846_000.jpg
3121998709;58289;NA;PSP_EXTRATLEITIMPL_210526_0335_20000000009252965699_000.jpg
83261609;6304;NA;PSP_EXTRATLEITIMPL_210526_0335_20000000003802974902_000.jpg
83627336;15793;NA;PSP_EXTRATLEITIMPL_210526_0335_20000000006502983792_000.jpg
3200455079;36258;T181;PSP_EXTRATLEITIMPL_210526_0335_20000000010802954880_000.jpg
3181042817;73157;NA;PSP_EXTRATLEITIMPL_210526_0335_20000000013302961832_000.jpg
3153274583;11410;L101;PSP_EXTRATLEITIMPL_210526_0335_20000000002202983131_000.jpg
3210262473;6273;NA;NA
3200436600;32465;T181;PSP_EXTRATLEITIMPL_210526_0335_20000000008102989272_000.jpg
3200440594;26142;T181;PSP_EXTRATLEITIMPL_210526_0335_20000000013602974334_000.jpg
83643811;75160;NA;PSP_EXTRATLEITIMPL_210526_0335_20000000011252955840_000.jpg
5256979472/3242361139/3231001360;2774;T181;PSP_EXTRATLEITIMPL_210526_0335_20000000002352979474_000.jpg
3010150322;13273;NA;PSP_EXTRATLEITIMPL_210526_0335_20000000006052957970_000.jpg
3244438244;818;NA;PSP_EXTRATLEITIMPL_210526_0335_20000000019352992527_000.jpg
3212726108;116191;T181;PSP_EXTRATLEITIMPL_210526_0335_20000000007652969616_000.jpg
3161641340;15854;NA;PSP_EXTRATLEITIMPL_210526_0335_20000000009452966606_000.jpg
83040580;40232;NA;PSP_EXTRATLEITIMPL_210526_0335_20000000013402989392_000.jpg
3230160456;12252;NA;PSP_EXTRATLEITIMPL_210526_0335_20000000008102987366_000.jpg
3222808528;35700;NA;PSP_EXTRATLEITIMPL_210526_0335_20000000012802971680_000.jpg
3212318310;64060;NA;PSP_EXTRATLEITIMPL_210526_0335_20000000013702968657_000.jpg
3230679125;9203;NA;PSP_EXTRATLEITIMPL_210526_0335_20000000000902968742_000.jpg
82865152;7544;NA;PSP_EXTRATLEITIMPL_210526_0335_20000000010002966850_000.jpg
83040548;16712;NA;PSP_EXTRATLEITIMPL_210526_0335_20000000002502988572_000.jpg
3211126344;80818;T181;PSP_EXTRATLEITIMPL_210526_0335_20000000008152978284_000.jpg
90291165;85711;NA;PSP_EXTRATLEITIMPL_210526_0335_20000000005153008009_000.jpg
90261487;0;P111;PSP_EXTRATLEITIMPL_210526_0335_20000000008252948871_000.jpg
3231670229;6932;NA;PSP_EXTRATLEITIMPL_210526_0335_20000000006902980257_000.jpg
3193492923;10782;NA;PSP_EXTRATLEITIMPL_210526_0335_20000000008352970921_000.jpg
6252241718/82954570;999999;T161;PSP_EXTRATLEITIMPL_210526_0335_20000000016752982574_000.jpg
3203978374;5849;NA;PSP_EXTRATLEITIMPL_210526_0335_20000000011902962738_000.jpg
83615818;20843;NA;PSP_EXTRATLEITIMPL_210526_0335_20000000011702969464_000.jpg
82772545;21056;NA;PSP_EXTRATLEITIMPL_210526_0335_20000000013702962858_000.jpg
3231113141;16547;T181;NA
3220400556;36406;NA;PSP_EXTRATLEITIMPL_210526_0335_20000000006852995439_000.jpg
3210831753;70;P111;PSP_EXTRATLEITIMPL_210526_0335_20000000003052976799_000.jpg
3213236198;363;B111;PSP_EXTRATLEITIMPL_210526_0335_20000000012002964815_000.jpg
3241052620;88030;T181;PSP_EXTRATLEITIMPL_210526_0335_20000000018802972567_000.jpg
51560248;1767;B111;PSP_EXTRATLEITIMPL_210526_0335_20000000007852989019_000.jpg
3211132425;46972;T181;NA
3222707705;45177;NA;PSP_EXTRATLEITIMPL_210526_0335_20000000016752964936_000.jpg
3223412288;13626;T181;PSP_EXTRATLEITIMPL_210526_0335_20000000018352962959_000.jpg
3131159748;25086;NA;PSP_EXTRATLEITIMPL_210526_0335_20000000007102978375_000.jpg
3190313874;11568;NA;PSP_EXTRATLEITIMPL_210526_0335_20000000011602968240_000.jpg
3180148115;616257;NA;PSP_EXTRATLEITIMPL_210526_0335_20000000009602980451_000.jpg
81866066;51493;NA;PSP_EXTRATLEITIMPL_210526_0335_20000000016352977262_000.jpg
82097600;10360;NA;PSP_EXTRATLEITIMPL_210526_0335_20000000004853009137_000.jpg
3220262862;64620;T181;PSP_EXTRATLEITIMPL_210526_0335_20000000014302953982_000.jpg
6251612003/3230678633;1244;NA;NA
3242671804;8296;T181;PSP_EXTRATLEITIMPL_210526_0335_20000000006852990629_000.jpg
90633546;12980;NA;NA
3220252093;100403;T181;PSP_EXTRATLEITIMPL_210526_0335_20000000000452966357_000.jpg
90645064;7;P111;PSP_EXTRATLEITIMPL_210526_0335_20000000004052995438_000.jpg
3212425655;824863;NA;PSP_EXTRATLEITIMPL_210526_0335_20000000013102968887_000.jpg
3180513980;5442;NA;NA
3180672752;181841;NA;PSP_EXTRATLEITIMPL_210526_0335_20000000019002982011_000.jpg
90648233;35;P111;PSP_EXTRATLEITIMPL_210526_0335_20000000017452990052_000.jpg
82715398;15;P111;PSP_EXTRATLEITIMPL_210526_0335_20000000011702969465_000.jpg
3140089922;5649;NA;PSP_EXTRATLEITIMPL_210526_0335_20000000016902993569_000.jpg
90597957;18069;NA;PSP_EXTRATLEITIMPL_210526_0335_20000000002002997392_000.jpg
3130330265;119124;NA;PSP_EXTRATLEITIMPL_210526_0335_20000000001502969867_000.jpg
3194025822;99230;NA;PSP_EXTRATLEITIMPL_210526_0335_20000000008352973933_000.jpg
5257995579/3181333676;735;NA;NA
83056908;48331;T111;PSP_EXTRATLEITIMPL_210526_0335_20000000019052986059_000.jpg
3243920280/82200002;1394;NA;PSP_EXTRATLEITIMPL_210526_0335_20000000009452965635_000.jpg
3241104027;7076;NA;PSP_EXTRATLEITIMPL_210526_0335_20000000007802983426_000.jpg
6250888820/5257277277/3151930327;50;P111;PSP_EXTRATLEITIMPL_210526_0335_20000000018902981601_000.jpg
90986422;2;P111;PSP_EXTRATLEITIMPL_210526_0335_20000000015652969410_000.jpg
91015536;1;P111;NA
91013290;1;P111;NA
90965646;1;P111;NA
90965611;1;P111;NA
91015668;2;P111;NA
3011151156;2;P111;NA
90984322;4;P111;PSP_EXTRATLEITIMPL_210526_0335_20000000009352967861_000.jpg
91015749;5;P111;NA
91015773;2;P111;PSP_EXTRATLEITIMPL_210526_0335_20000000003452964985_000.jpg
3220067318;10049;NA;NA
3180500021;0;T161;NA
5250039435/3181721579;912;NA;PSP_EXTRATLEITIMPL_210526_0335_20000000019802991545_000.jpg
3205270298;31448;NA;PSP_EXTRATLEITIMPL_210526_0335_20000000018702974785_000.jpg
91639513;84070;NA;PSP_EXTRATLEITIMPL_210526_0335_20000000019252981551_000.jpg
3153912695;29356;NA;NA
91633353;70355;NA;PSP_EXTRATLEITIMPL_210526_0335_20000000006352972880_000.jpg
3193210871;184320;T181;PSP_EXTRATLEITIMPL_210526_0335_20000000015352987018_000.jpg
91684896;25;P111;PSP_EXTRATLEITIMPL_210526_0335_20000000017252992397_000.jpg
90911406;73404;NA;NA
3152760905;13577;NA;PSP_EXTRATLEITIMPL_210526_0335_20000000015002959719_000.jpg
3223353079;9439;NA;NA
3242313681;6846;T181;PSP_EXTRATLEITIMPL_210526_0335_20000000016202952915_000.jpg
3223838137;29982;T181;PSP_EXTRATLEITIMPL_210526_0335_20000000006902977585_000.jpg
3200432869;36495;T181;PSP_EXTRATLEITIMPL_210526_0335_20000000011202954969_000.jpg
3154402127;8710;T111;PSP_EXTRATLEITIMPL_210526_0335_20000000013352972368_000.jpg
90339524;241997;NA;NA
91871238;76567;NA;PSP_EXTRATLEITIMPL_210526_0335_20000000001502976697_000.jpg
91337002;260273;NA;PSP_EXTRATLEITIMPL_210526_0335_20000000006102980502_000.jpg
3009019475;42284;NA;PSP_EXTRATLEITIMPL_210526_0335_20000000009602965896_000.jpg
3009022269;38168;NA;PSP_EXTRATLEITIMPL_210526_0335_20000000010502963829_000.jpg
91251027;76281;NA;PSP_EXTRATLEITIMPL_210526_0335_20000000013952968419_000.jpg
3161764182;108;P131;PSP_EXTRATLEITIMPL_210526_0335_20000000000002988598_000.jpg
3223330788;89756;T181;PSP_EXTRATLEITIMPL_210526_0335_20000000000152964760_000.jpg
3171431521;14726;NA;PSP_EXTRATLEITIMPL_210526_0335_20000000017402990676_000.jpg
3203501128;18884;NA;PSP_EXTRATLEITIMPL_210526_0335_20000000003402988019_000.jpg
3183621407;3986;NA;PSP_EXTRATLEITIMPL_210526_0335_20000000010802961791_000.jpg
3245113535/91609100;10052;T181;PSP_EXTRATLEITIMPL_210526_0335_20000000006002982397_000.jpg
3212731799;136221;T181;PSP_EXTRATLEITIMPL_210526_0335_20000000010102972403_000.jpg
91854562;2;P111;PSP_EXTRATLEITIMPL_210526_0335_20000000001052964903_000.jpg
3212325227;30841;NA;PSP_EXTRATLEITIMPL_210526_0335_20000000002902991149_000.jpg
3220250066;39924;T181;PSP_EXTRATLEITIMPL_210526_0335_20000000000102965639_000.jpg
5257732381/3161337926;78;NA;PSP_EXTRATLEITIMPL_210526_0335_20000000013852977410_000.jpg
3160636440;7793;NA;PSP_EXTRATLEITIMPL_210526_0335_20000000004102985001_000.jpg
3160871082;26126;NA;PSP_EXTRATLEITIMPL_210526_0335_20000000001502967857_000.jpg
6251470616;331;L131;PSP_EXTRATLEITIMPL_210526_0335_20000000017252997046_000.jpg
3172470571;7652;M121;PSP_EXTRATLEITIMPL_210526_0335_20000000004302971929_000.jpg
3009024107;5420;NA;PSP_EXTRATLEITIMPL_210526_0335_20000000008452971315_000.jpg
3010034702;12280;T111;PSP_EXTRATLEITIMPL_210526_0335_20000000016652995289_000.jpg
3010008348;12548;T111;NA
5256959021/3223415325;4167;T181;PSP_EXTRATLEITIMPL_210526_0335_20000000017302993613_000.jpg
3242345290;5783;T181;PSP_EXTRATLEITIMPL_210526_0335_20000000012452957825_000.jpg
91645050;14294;NA;PSP_EXTRATLEITIMPL_210526_0335_20000000017902967938_000.jpg
6250951947;48;NA;PSP_EXTRATLEITIMPL_210526_0335_20000000004802997269_000.jpg
3210829520;10134;NA;PSP_EXTRATLEITIMPL_210526_0335_20000000005652980296_000.jpg
6250956671/3010057858;509;NA;PSP_EXTRATLEITIMPL_210526_0335_20000000010952970381_000.jpg
3224330463;7171;NA;PSP_EXTRATLEITIMPL_210526_0335_20000000018402982389_000.jpg
3225737648;7078;NA;PSP_EXTRATLEITIMPL_210526_0335_20000000019852987036_000.jpg
3220269735;80786;T181;PSP_EXTRATLEITIMPL_210526_0335_20000000010552950949_000.jpg
3009023274;62387;NA;PSP_EXTRATLEITIMPL_210526_0335_20000000008502953897_000.jpg
3242328875;52124;T111;PSP_EXTRATLEITIMPL_210526_0335_20000000017452983392_001.jpg
3242500813;13898;T181;PSP_EXTRATLEITIMPL_210526_0335_20000000011902951874_000.jpg
3010037921;73143;NA;PSP_EXTRATLEITIMPL_210526_0335_20000000019052975634_000.jpg
3241182982;12064;NA;NA
3010097068;79771;NA;PSP_EXTRATLEITIMPL_210526_0335_20000000013852970742_000.jpg
3010101695;1024;NA;PSP_EXTRATLEITIMPL_210526_0335_20000000001902988344_000.jpg
3141213210;1277;NA;PSP_EXTRATLEITIMPL_210526_0335_20000000018502976619_000.jpg
3212193053;8463;NA;PSP_EXTRATLEITIMPL_210526_0335_20000000008652988213_000.jpg
3231098193;147897;NA;NA
3226058523;42315;NA;PSP_EXTRATLEITIMPL_210526_0335_20000000004603001888_000.jpg
3242809784;16315;NA;PSP_EXTRATLEITIMPL_210526_0335_20000000002452979894_000.jpg
3009007422;67203;NA;PSP_EXTRATLEITIMPL_210526_0335_20000000002452979895_000.jpg
3010091679;39472;NA;PSP_EXTRATLEITIMPL_210526_0335_20000000006952958981_000.jpg
3172759229;67710;NA;PSP_EXTRATLEITIMPL_210526_0335_20000000013002951762_000.jpg
3132443717;8561;NA;PSP_EXTRATLEITIMPL_210526_0335_20000000008052957974_000.jpg
3244262812;8960;NA;PSP_EXTRATLEITIMPL_210526_0335_20000000018502987027_000.jpg
3010193144;49228;NA;PSP_EXTRATLEITIMPL_210526_0335_20000000008352991154_000.jpg
3010099099;39655;NA;NA
3220245445;31232;T181;PSP_EXTRATLEITIMPL_210526_0335_20000000001752984411_000.jpg
3009023706;14327;NA;PSP_EXTRATLEITIMPL_210526_0335_20000000012602979380_000.jpg
91504014;10131;NA;PSP_EXTRATLEITIMPL_210526_0335_20000000012352949934_000.jpg
3220044571;0;NA;NA
3010175780;21;P111;PSP_EXTRATLEITIMPL_210526_0335_20000000019802999071_000.jpg
3010098428;84586;NA;PSP_EXTRATLEITIMPL_210526_0335_20000000012752960788_000.jpg
3242329596;14155;NA;PSP_EXTRATLEITIMPL_210526_0335_20000000019802987691_000.jpg
3010062991;5;P111;PSP_EXTRATLEITIMPL_210526_0335_20000000004402979532_000.jpg
3010104641;11;P111;PSP_EXTRATLEITIMPL_210526_0335_20000000002602980826_000.jpg
3010185402;14748;NA;PSP_EXTRATLEITIMPL_210526_0335_20000000010652954900_000.jpg
3010192834;53704;NA;NA
3211131038;66215;T181;PSP_EXTRATLEITIMPL_210526_0335_20000000005852980445_000.jpg
70352834;14512;NA;PSP_EXTRATLEITIMPL_210526_0335_20000000002352976654_000.jpg
3010183986;8839;NA;PSP_EXTRATLEITIMPL_210526_0335_20000000019602977583_000.jpg
3010057696;25800;NA;PSP_EXTRATLEITIMPL_210526_0335_20000000006352980621_000.jpg
3241178470;107819;NA;PSP_EXTRATLEITIMPL_210526_0335_20000000010302967843_000.jpg
3191105507;38205;NA;PSP_EXTRATLEITIMPL_210526_0335_20000000003652964984_000.jpg
3225066336;27013;NA;PSP_EXTRATLEITIMPL_210526_0335_20000000013252962711_000.jpg
3010192247;96093;NA;PSP_EXTRATLEITIMPL_210526_0335_20000000002602962952_000.jpg
3181695837;24509;NA;PSP_EXTRATLEITIMPL_210526_0335_20000000008152981034_000.jpg
3140623791;419672;NA;PSP_EXTRATLEITIMPL_210526_0335_20000000015052946855_000.jpg
6250631993/3212637792;6314;NA;PSP_EXTRATLEITIMPL_210526_0335_20000000002402975538_000.jpg
3212083177;24724;NA;PSP_EXTRATLEITIMPL_210526_0335_20000000005452982163_000.jpg
3010081499;14775;NA;PSP_EXTRATLEITIMPL_210526_0335_20000000013502975392_000.jpg
5256771103/3221127969;1058;NA;NA
3200433334;23125;T181;PSP_EXTRATLEITIMPL_210526_0335_20000000005552969813_000.jpg
3225671795;2883;NA;PSP_EXTRATLEITIMPL_210526_0335_20000000011752961815_000.jpg
3010161545;44310;NA;NA
3153437954;6332;NA;PSP_EXTRATLEITIMPL_210526_0335_20000000011902976017_000.jpg
3010147891;6501;T111;PSP_EXTRATLEITIMPL_210526_0335_20000000016952986581_000.jpg
3212568448;83183;T181;PSP_EXTRATLEITIMPL_210526_0335_20000000016152970362_000.jpg
3010235317;5643;NA;PSP_EXTRATLEITIMPL_210526_0335_20000000019052980414_000.jpg
3010214380;3064;NA;PSP_EXTRATLEITIMPL_210526_0335_20000000018452977622_000.jpg
3010214411;10851;NA;PSP_EXTRATLEITIMPL_210526_0335_20000000010902977494_000.jpg
3010202674;13377;NA;PSP_EXTRATLEITIMPL_210526_0335_20000000012352957744_000.jpg
3150089475;86337;NA;PSP_EXTRATLEITIMPL_210526_0335_20000000008602974768_000.jpg
3010214514;4024;NA;PSP_EXTRATLEITIMPL_210526_0335_20000000007752987170_000.jpg
3211700660;5648;NA;NA
3225520096;1629;NA;PSP_EXTRATLEITIMPL_210526_0335_20000000006952983479_000.jpg
3242771582;6830;T181;PSP_EXTRATLEITIMPL_210526_0335_20000000004252978953_000.jpg
3200449133;57325;T181;PSP_EXTRATLEITIMPL_210526_0335_20000000016202955880_000.jpg
3204345723;10081;NA;PSP_EXTRATLEITIMPL_210526_0335_20000000002452996173_000.jpg
3242329529;140392;NA;PSP_EXTRATLEITIMPL_210526_0335_20000000002202955959_000.jpg
5257157794/3140775044;6;L131;PSP_EXTRATLEITIMPL_210526_0335_20000000010652960773_000.jpg
3203754182;9626;NA;PSP_EXTRATLEITIMPL_210526_0335_20000000002152973491_000.jpg
3010252997;44190;NA;PSP_EXTRATLEITIMPL_210526_0335_20000000005652978405_000.jpg
3010237296;51102;NA;PSP_EXTRATLEITIMPL_210526_0335_20000000007352962969_000.jpg
3223265226;20509;NA;NA
6251619946/3204601657;65872;P111;PSP_EXTRATLEITIMPL_210526_0335_20000000013052970521_000.jpg
3010266925;99999;P111;PSP_EXTRATLEITIMPL_210526_0335_20000000013052973397_000.jpg
3011005725;16401;NA;PSP_EXTRATLEITIMPL_210526_0335_20000000017752996006_000.jpg
3010238810;11210;NA;PSP_EXTRATLEITIMPL_210526_0335_20000000009752954970_000.jpg
5260093284/3010257645;85;NA;PSP_EXTRATLEITIMPL_210526_0335_20000000015052965365_000.jpg
3153636248;1552;NA;NA
3153635012;37484;NA;NA
3171804573;791058;NA;PSP_EXTRATLEITIMPL_210526_0335_20000000018552991161_000.jpg
3010247974;60732;NA;PSP_EXTRATLEITIMPL_210526_0335_20000000014702974252_000.jpg
3011084492;8083;T111;PSP_EXTRATLEITIMPL_210526_0335_20000000012152966506_000.jpg
3011012324;46811;NA;PSP_EXTRATLEITIMPL_210526_0335_20000000001252979652_000.jpg
3011033638;43;P111;PSP_EXTRATLEITIMPL_210526_0335_20000000018802969687_000.jpg
3011108035;35867;NA;PSP_EXTRATLEITIMPL_210526_0335_20000000011102968350_000.jpg
3131881559;97823;NA;NA
3010247890;65219;NA;PSP_EXTRATLEITIMPL_210526_0335_20000000014052976654_000.jpg
3243739402;3351;NA;NA
3191948490;1668;NA;NA
3011020133;1704;T181;PSP_EXTRATLEITIMPL_210526_0335_20000000019502955990_000.jpg
3010200612;41239;NA;PSP_EXTRATLEITIMPL_210526_0335_20000000017202988076_000.jpg
3180005446;151748;NA;NA
3171287340;110655;NA;PSP_EXTRATLEITIMPL_210526_0335_20000000004603013255_000.jpg
3244313271/3242155873;1727;T181;PSP_EXTRATLEITIMPL_210526_0335_20000000018602994009_000.jpg
3192187256;5934;NA;PSP_EXTRATLEITIMPL_210526_0335_20000000000552963658_000.jpg
3010144589;157901;NA;PSP_EXTRATLEITIMPL_210526_0335_20000000008902965564_000.jpg
3010219984;21056;NA;PSP_EXTRATLEITIMPL_210526_0335_20000000009902960934_000.jpg
3223385841;13302;T181;PSP_EXTRATLEITIMPL_210526_0335_20000000013402974879_000.jpg
3241609781;14384;NA;PSP_EXTRATLEITIMPL_210526_0335_20000000014602964937_000.jpg
3170036041;561387;NA;PSP_EXTRATLEITIMPL_210526_0335_20000000008652976846_000.jpg
3202016129;1568;NA;PSP_EXTRATLEITIMPL_210526_0335_20000000000502969218_000.jpg
6252002616/3010257921;99999;NA;PSP_EXTRATLEITIMPL_210526_0335_20000000000802963700_000.jpg
3242435108;24284;NA;PSP_EXTRATLEITIMPL_210526_0335_20000000010752973700_000.jpg
3181806736;9146;NA;PSP_EXTRATLEITIMPL_210526_0335_20000000006152976786_000.jpg
5257533451/3011103980;4;NA;PSP_EXTRATLEITIMPL_210526_0335_20000000009252951928_000.jpg
3140605947;69045;NA;PSP_EXTRATLEITIMPL_210526_0335_20000000006952969935_000.jpg
3200283642;77330;NA;PSP_EXTRATLEITIMPL_210526_0335_00000000000211747146_000.jpg
3011168937;30240;NA;PSP_EXTRATLEITIMPL_210526_0335_20000000009902963847_000.jpg
3230058996;21245;NA;NA
3011183473;48242;NA;PSP_EXTRATLEITIMPL_210526_0335_20000000004152971954_000.jpg
3151571424;82039;NA;PSP_EXTRATLEITIMPL_210526_0335_20000000015552960550_000.jpg
3203790456;13803;T181;PSP_EXTRATLEITIMPL_210526_0335_20000000013052969548_000.jpg
3011118372;11771;NA;PSP_EXTRATLEITIMPL_210526_0335_20000000007202971938_000.jpg
3242525271/3011178399;21184;T181;PSP_EXTRATLEITIMPL_210526_0335_20000000019002968749_000.jpg
3011117376;14443;NA;PSP_EXTRATLEITIMPL_210526_0335_20000000013402986485_000.jpg
3205216609;28256;NA;PSP_EXTRATLEITIMPL_210526_0335_20000000003902965867_000.jpg
3220499706;932;NA;PSP_EXTRATLEITIMPL_210526_0335_20000000018952984385_000.jpg
6251376180/3011157392;309;NA;PSP_EXTRATLEITIMPL_210526_0335_20000000015302992363_000.jpg
3180691587;5254;NA;PSP_EXTRATLEITIMPL_210526_0335_20000000015002973007_000.jpg
3203483995;23098;NA;PSP_EXTRATLEITIMPL_210526_0335_20000000007752968921_000.jpg
80629524;44;P111;PSP_EXTRATLEITIMPL_210526_0335_20000000015952975027_000.jpg
3241559580;8555;T181;PSP_EXTRATLEITIMPL_210526_0335_20000000018752978491_000.jpg
3011087654;18359;NA;PSP_EXTRATLEITIMPL_210526_0335_20000000000702962434_000.jpg
3202226697;17;NA;PSP_EXTRATLEITIMPL_210526_0335_20000000003102979997_000.jpg
3140649782;57983;NA;PSP_EXTRATLEITIMPL_210526_0335_20000000002102970874_000.jpg
3223285898;10493;T181;PSP_EXTRATLEITIMPL_210526_0335_20000000018002982848_000.jpg
3011162712;15619;NA;PSP_EXTRATLEITIMPL_210526_0335_20000000006853001071_000.jpg
3192052610;4791;NA;NA
3011203314;68010;NA;PSP_EXTRATLEITIMPL_210526_0335_20000000010302970786_000.jpg
3161525382;62609;NA;PSP_EXTRATLEITIMPL_210526_0335_20000000008202968724_000.jpg
3131840607;45632;NA;PSP_EXTRATLEITIMPL_210526_0335_20000000000502950900_000.jpg
3011111940;0;P111;PSP_EXTRATLEITIMPL_210526_0335_20000000001302974893_000.jpg
3230969697;6030;T181;PSP_EXTRATLEITIMPL_210526_0335_20000000016502949946_000.jpg
3181031866;0;T161;NA
3011155495;22165;NA;NA
5256517908/3011132781;7236;T181;PSP_EXTRATLEITIMPL_210526_0335_20000000015852971398_000.jpg
3223252647;27513;NA;PSP_EXTRATLEITIMPL_210526_0335_20000000002102964962_000.jpg
3245077652/3142892781;234934;NA;NA
3211131496;48726;T181;PSP_EXTRATLEITIMPL_210526_0335_20000000013552973273_000.jpg
3011198432;64267;NA;PSP_EXTRATLEITIMPL_210526_0335_20000000003102985771_000.jpg
5256964769/3150144301;17950;NA;PSP_EXTRATLEITIMPL_210526_0335_20000000017403001049_000.jpg
3244988996;1640;NA;PSP_EXTRATLEITIMPL_210526_0335_20000000016552981024_000.jpg
3011089895;8769;NA;PSP_EXTRATLEITIMPL_210526_0335_20000000002052999265_000.jpg
3011180397;57444;NA;PSP_EXTRATLEITIMPL_210526_0335_20000000017452975769_000.jpg
3011202726;19236;NA;PSP_EXTRATLEITIMPL_210526_0335_20000000019652982507_000.jpg
3220280747;44852;T181;PSP_EXTRATLEITIMPL_210526_0335_20000000018003000040_000.jpg
3153950236;38813;NA;NA
3221636480;2634;NA;PSP_EXTRATLEITIMPL_210526_0335_20000000012802970654_000.jpg
5257996273/3225158850;0;T161;PSP_EXTRATLEITIMPL_210526_0335_20000000001502977654_001.jpg
3244265811;4633;T181;PSP_EXTRATLEITIMPL_210526_0335_20000000007302983033_000.jpg
3011103396;78366;NA;PSP_EXTRATLEITIMPL_210526_0335_20000000002252972937_000.jpg
3171393581;152040;NA;PSP_EXTRATLEITIMPL_210526_0335_20000000019702975403_000.jpg
3011033170;38802;NA;PSP_EXTRATLEITIMPL_210526_0335_20000000009052962771_000.jpg
3011201946;81718;L131;PSP_EXTRATLEITIMPL_210526_0335_20000000015302984811_000.jpg
3011211188;38748;NA;PSP_EXTRATLEITIMPL_210526_0335_20000000017302984898_000.jpg
3011180342;52211;NA;PSP_EXTRATLEITIMPL_210526_0335_20000000011752969551_000.jpg
3161858047;513451;NA;PSP_EXTRATLEITIMPL_210526_0335_20000000008952944991_000.jpg
3161253404;7013;NA;PSP_EXTRATLEITIMPL_210526_0335_20000000011652959967_000.jpg
3244274861;6308;T181;PSP_EXTRATLEITIMPL_210526_0335_20000000002502987581_000.jpg
3230881773;9830;T181;PSP_EXTRATLEITIMPL_210526_0335_20000000006702989241_000.jpg
3120392564;70512;NA;PSP_EXTRATLEITIMPL_210526_0335_20000000001302991188_000.jpg
3242659650;7093;NA;NA
3154876480;136977;NA;PSP_EXTRATLEITIMPL_210526_0335_20000000015652964648_000.jpg
3220292044;158936;T181;PSP_EXTRATLEITIMPL_210526_0335_20000000009702956861_000.jpg
5257338772/3232554060;53;NA;PSP_EXTRATLEITIMPL_210526_0335_20000000015202974631_000.jpg
5257657703/3183013962;668;NA;PSP_EXTRATLEITIMPL_210526_0335_20000000004853013040_000.jpg
3120359044;20685;NA;PSP_EXTRATLEITIMPL_210526_0335_20000000013152961865_000.jpg
3212477531;57671;NA;PSP_EXTRATLEITIMPL_210526_0335_20000000019402973841_000.jpg
3120051805;30128;NA;NA
3121050578;8202;NA;PSP_EXTRATLEITIMPL_210526_0335_20000000008552978373_000.jpg
3241090891;1331;NA;PSP_EXTRATLEITIMPL_210526_0335_20000000008902972379_000.jpg
3242380397;6873;T181;PSP_EXTRATLEITIMPL_210526_0335_20000000013052959850_000.jpg
3181031688;0;T161;NA
3011081256;17;P111;PSP_EXTRATLEITIMPL_210526_0335_20000000010752974743_000.jpg
3204264510;16428;T181;PSP_EXTRATLEITIMPL_210526_0335_20000000018152971733_000.jpg
3223394808;13665;T181;PSP_EXTRATLEITIMPL_210526_0335_20000000007102962888_000.jpg
3224329554;42;P111;PSP_EXTRATLEITIMPL_210526_0335_20000000009552970443_000.jpg
3203427904;6859;NA;NA
3232987269;1448;NA;PSP_EXTRATLEITIMPL_210526_0335_20000000011652974647_000.jpg
3121042192;23344;NA;PSP_EXTRATLEITIMPL_210526_0335_20000000018452973756_000.jpg
3172043886;51118;NA;NA
3211286988;55820;T181;NA
3121042435;82655;NA;PSP_EXTRATLEITIMPL_210526_0335_20000000009152973779_000.jpg
3242523198;7702;T181;PSP_EXTRATLEITIMPL_210526_0335_20000000015002974002_000.jpg
3011203082;10030;NA;PSP_EXTRATLEITIMPL_210526_0335_20000000004753006027_000.jpg
3151099750;75617;NA;PSP_EXTRATLEITIMPL_210526_0335_20000000018352957994_000.jpg
3120905928;9;P111;PSP_EXTRATLEITIMPL_210526_0335_20000000001602993220_000.jpg
3212309965;1418;NA;PSP_EXTRATLEITIMPL_210526_0335_20000000009802973156_000.jpg
3011020092;15096;NA;PSP_EXTRATLEITIMPL_210526_0335_20000000013002954609_000.jpg
3152088310;6393;NA;PSP_EXTRATLEITIMPL_210526_0335_20000000018552981697_000.jpg
3225139392;37559;NA;PSP_EXTRATLEITIMPL_210526_0335_20000000014752970335_000.jpg
3242381334;9433;T181;PSP_EXTRATLEITIMPL_210526_0335_20000000018202966926_000.jpg
3231818382;6525;NA;PSP_EXTRATLEITIMPL_210526_0335_20000000017002996698_000.jpg
3011074504;23279;NA;PSP_EXTRATLEITIMPL_210526_0335_20000000007052966998_000.jpg
3120460730;45271;NA;PSP_EXTRATLEITIMPL_210526_0335_20000000015902985253_000.jpg
3201617846;44853;NA;PSP_EXTRATLEITIMPL_210526_0335_20000000008052966774_000.jpg
3211520999;34611;NA;PSP_EXTRATLEITIMPL_210526_0335_20000000000452941919_000.jpg
3230983398;18419;T181;PSP_EXTRATLEITIMPL_210526_0335_20000000012852966755_000.jpg
3170035002;38968;NA;PSP_EXTRATLEITIMPL_210526_0335_20000000002602980845_000.jpg
3120669612;46001;NA;PSP_EXTRATLEITIMPL_210526_0335_20000000011102968353_000.jpg
5257011218/3205547265;4;P111;PSP_EXTRATLEITIMPL_210526_0335_20000000003902964880_000.jpg
3245041100;10119;NA;PSP_EXTRATLEITIMPL_210526_0335_20000000005702971880_000.jpg
3231017282;7262;T181;PSP_EXTRATLEITIMPL_210526_0335_20000000016202955881_000.jpg
3231102298;14641;NA;PSP_EXTRATLEITIMPL_210526_0335_20000000003152997130_000.jpg
3226066070;9672;NA;PSP_EXTRATLEITIMPL_210526_0335_20000000014602958939_000.jpg
3211127898;57736;T181;PSP_EXTRATLEITIMPL_210526_0335_20000000014552964840_000.jpg
3211129246;34479;T181;PSP_EXTRATLEITIMPL_210526_0335_20000000007252979759_000.jpg
3120755470;16099;NA;PSP_EXTRATLEITIMPL_210526_0335_20000000014252970174_000.jpg
3230896436;16119;T181;PSP_EXTRATLEITIMPL_210526_0335_20000000019802995261_000.jpg
3121325631;15856;NA;PSP_EXTRATLEITIMPL_210526_0335_20000000002052992524_000.jpg
3120718028;1092;NA;PSP_EXTRATLEITIMPL_210526_0335_20000000003902978384_000.jpg
3120792279;25;P111;NA
6251920913/3121924136;99999;NA;PSP_EXTRATLEITIMPL_210526_0335_20000000010602962764_000.jpg
3121036842;85783;NA;PSP_EXTRATLEITIMPL_210526_0335_20000000008552971702_000.jpg
3120766766;7971;NA;PSP_EXTRATLEITIMPL_210526_0335_20000000009602960921_000.jpg
3120706674;0;P111;PSP_EXTRATLEITIMPL_210526_0335_20000000016903005055_000.jpg
3161529264;159291;NA;PSP_EXTRATLEITIMPL_210526_0335_20000000012252972536_000.jpg
6252173305/3121244836;99999;NA;PSP_EXTRATLEITIMPL_210526_0335_20000000007202983599_000.jpg
3010140680;18019;L101;PSP_EXTRATLEITIMPL_210526_0335_20000000006352981577_000.jpg
3214294981;29846;T181;PSP_EXTRATLEITIMPL_210526_0335_20000000009002974757_000.jpg
3121884991;15;P111;PSP_EXTRATLEITIMPL_210526_0335_20000000005952983187_000.jpg
3161477051;418;NA;PSP_EXTRATLEITIMPL_210526_0335_20000000001802981948_000.jpg
3224228510;2625;NA;PSP_EXTRATLEITIMPL_210526_0335_20000000006852995443_000.jpg
3121446056;2;P111;PSP_EXTRATLEITIMPL_210526_0335_20000000018402957982_000.jpg
3242693174;6439;NA;PSP_EXTRATLEITIMPL_210526_0335_20000000007052974889_000.jpg
3120472908;97685;NA;PSP_EXTRATLEITIMPL_210526_0335_20000000006102974788_000.jpg
3245136454/3150128632;2974;NA;NA
3242359584;8176;T181;PSP_EXTRATLEITIMPL_210526_0335_20000000004902995057_000.jpg
3130292487;354240;NA;PSP_EXTRATLEITIMPL_210526_0335_20000000003002973776_000.jpg
3133181643;729;NA;NA
3170650491;5061;NA;NA
3193231194;139576;NA;PSP_EXTRATLEITIMPL_210526_0335_20000000016352961865_000.jpg
3130307522;119321;NA;PSP_EXTRATLEITIMPL_210526_0335_20000000016752987288_000.jpg
3223858049;2857;NA;PSP_EXTRATLEITIMPL_210526_0335_20000000010502972516_000.jpg
3203986547;621;NA;PSP_EXTRATLEITIMPL_210526_0335_20000000018452974757_000.jpg
6251116570/3121950790;480;NA;PSP_EXTRATLEITIMPL_210526_0335_20000000007002978789_000.jpg
3172238725;8948;NA;PSP_EXTRATLEITIMPL_210526_0335_20000000009002956928_000.jpg
3181357427;8540;NA;PSP_EXTRATLEITIMPL_210526_0335_20000000000502953846_000.jpg
50955613;10363;NA;PSP_EXTRATLEITIMPL_210526_0335_20000000019502975593_000.jpg
3160972806;1748;NA;PSP_EXTRATLEITIMPL_210526_0335_20000000007202968946_000.jpg
3010069396;6601;NA;PSP_EXTRATLEITIMPL_210526_0335_20000000002302976738_000.jpg
3192147033;134830;NA;NA
3202039030;6847;NA;PSP_EXTRATLEITIMPL_210526_0335_20000000011602947861_000.jpg
3242631861;4979;T181;PSP_EXTRATLEITIMPL_210526_0335_20000000006552991250_000.jpg
3130094200;14070;NA;PSP_EXTRATLEITIMPL_210526_0335_20000000003902980280_000.jpg
3130677982;1038;L131;PSP_EXTRATLEITIMPL_210526_0335_20000000004352996161_000.jpg
3243693216/3231464670;210;NA;PSP_EXTRATLEITIMPL_210526_0335_20000000009052966553_000.jpg
3201652846;9469;NA;PSP_EXTRATLEITIMPL_210526_0335_20000000008802974472_000.jpg
3122014230;13910;NA;PSP_EXTRATLEITIMPL_210526_0335_20000000014852973155_000.jpg
3231107281;36053;T181;PSP_EXTRATLEITIMPL_210526_0335_20000000005802973702_000.jpg
3130666379;33;P111;PSP_EXTRATLEITIMPL_210526_0335_20000000008052963854_000.jpg
3160394110;56462;T181;PSP_EXTRATLEITIMPL_210526_0335_20000000006452980703_000.jpg
3231219802;15310;NA;PSP_EXTRATLEITIMPL_210526_0335_20000000016302950982_000.jpg
3130364020;88382;NA;PSP_EXTRATLEITIMPL_210526_0335_20000000009952970080_000.jpg
3130717330;31679;NA;NA
3241049573;0;T181;PSP_EXTRATLEITIMPL_210526_0335_20000000008402944984_000.jpg
3194014790;49237;T181;NA
3160912099;173;NA;PSP_EXTRATLEITIMPL_210526_0335_20000000019002972616_000.jpg
5260375239/3191047191;1836;NA;NA
50956490;10506;NA;PSP_EXTRATLEITIMPL_210526_0335_20000000011902972297_000.jpg
3153136962;263;NA;PSP_EXTRATLEITIMPL_210526_0335_20000000016752988298_000.jpg
3130365166;557141;NA;PSP_EXTRATLEITIMPL_210526_0335_20000000008152968706_000.jpg
3241201600;51239;NA;PSP_EXTRATLEITIMPL_210526_0335_20000000010452962694_000.jpg
3220253898;172670;T181;PSP_EXTRATLEITIMPL_210526_0335_20000000014852962770_000.jpg
3220775940;15305;NA;PSP_EXTRATLEITIMPL_210526_0335_20000000000852972400_000.jpg
3212591717;30954;T181;PSP_EXTRATLEITIMPL_210526_0335_20000000007252977841_000.jpg
3130541223;13258;NA;PSP_EXTRATLEITIMPL_210526_0335_20000000003552982671_000.jpg
3211286180;97895;T181;PSP_EXTRATLEITIMPL_210526_0335_20000000010302975595_000.jpg
3131153812;21949;T111;PSP_EXTRATLEITIMPL_210526_0335_20000000002552983260_000.jpg
3130541444;16980;T111;NA
3230952794;23191;T181;PSP_EXTRATLEITIMPL_210526_0335_20000000005252993880_000.jpg
3130003558;108685;NA;PSP_EXTRATLEITIMPL_210526_0335_20000000000152963784_000.jpg
3211284110;45191;T181;PSP_EXTRATLEITIMPL_210526_0335_20000000007302980241_000.jpg
3154952321;23263;NA;PSP_EXTRATLEITIMPL_210526_0335_20000000008052964749_000.jpg
3223438872;8600;NA;PSP_EXTRATLEITIMPL_210526_0335_20000000010152947985_000.jpg
3190440914;3311;T111;NA
3130004007;98891;NA;PSP_EXTRATLEITIMPL_210526_0335_20000000011152975279_000.jpg
3192114186;0;NA;NA
3191082388;4531;P111;NA
3244523594/3153279020;1957;NA;PSP_EXTRATLEITIMPL_210526_0335_20000000000452946956_000.jpg
3223358712;25497;T181;PSP_EXTRATLEITIMPL_210526_0335_20000000000352980598_000.jpg
3131576691;18937;NA;PSP_EXTRATLEITIMPL_210526_0335_20000000001402991111_000.jpg
3131687590;52;P111;PSP_EXTRATLEITIMPL_210526_0335_20000000005902962963_000.jpg
5260376880/3201660679;0;NA;NA
3232967454;68543;NA;PSP_EXTRATLEITIMPL_210526_0335_20000000014402950872_000.jpg
3131806875;27078;NA;PSP_EXTRATLEITIMPL_210526_0335_20000000006952988196_000.jpg
3194016998;47694;T181;PSP_EXTRATLEITIMPL_210526_0335_20000000011602943974_000.jpg
3193200183;21555;T181;PSP_EXTRATLEITIMPL_210526_0335_20000000018452983397_000.jpg
3133044611;9188;NA;PSP_EXTRATLEITIMPL_210526_0335_20000000006902981154_000.jpg
3211132247;81629;T181;PSP_EXTRATLEITIMPL_210526_0335_20000000008552970682_000.jpg
3151921425;7874;NA;NA
3180668860;340874;T181;PSP_EXTRATLEITIMPL_210526_0335_20000000011402979648_000.jpg
3211119275;31887;T181;PSP_EXTRATLEITIMPL_210526_0335_20000000001902983600_000.jpg
3133022537;18;P111;PSP_EXTRATLEITIMPL_210526_0335_20000000013552963761_000.jpg
3131947533;28670;NA;PSP_EXTRATLEITIMPL_210526_0335_20000000000002989472_000.jpg
3132320780;28420;NA;PSP_EXTRATLEITIMPL_210526_0335_20000000016202971325_000.jpg
3191065092;84801;NA;PSP_EXTRATLEITIMPL_210526_0335_20000000014202970066_000.jpg
3132331013;275021;NA;PSP_EXTRATLEITIMPL_210526_0335_20000000014702964734_000.jpg
3131928385;23700;NA;PSP_EXTRATLEITIMPL_210526_0335_20000000016102955622_000.jpg
3133148638;6741;NA;PSP_EXTRATLEITIMPL_210526_0335_20000000018652986868_000.jpg
5256518017/3131525248;5207;T181;PSP_EXTRATLEITIMPL_210526_0335_20000000001102964753_000.jpg
3131616065;18796;L101;NA
3230061075;61779;NA;PSP_EXTRATLEITIMPL_210526_0335_20000000016752968902_000.jpg
3171268566;658313;NA;PSP_EXTRATLEITIMPL_210526_0335_20000000012502968911_000.jpg
3133253458;0;NA;PSP_EXTRATLEITIMPL_210526_0335_20000000010102968537_000.jpg
3171623870;3397;NA;PSP_EXTRATLEITIMPL_210526_0335_20000000012502963996_000.jpg
3131833040;742090;NA;PSP_EXTRATLEITIMPL_210526_0335_20000000011552959843_000.jpg
3131858719;121052;NA;PSP_EXTRATLEITIMPL_210526_0335_20000000005452976428_000.jpg
3241073261;17299;NA;PSP_EXTRATLEITIMPL_210526_0335_20000000014352945844_000.jpg
3131981910;24895;NA;PSP_EXTRATLEITIMPL_210526_0335_20000000015702963614_000.jpg
3181027958;92466;T181;PSP_EXTRATLEITIMPL_210526_0335_20000000001002946926_000.jpg
3203779347;16862;NA;NA
3223393127;9737;T181;NA
3191591100;10176;NA;PSP_EXTRATLEITIMPL_210526_0335_20000000018202985152_000.jpg
3170169459;49333;T111;PSP_EXTRATLEITIMPL_210526_0335_20000000018152979421_000.jpg
3132369690;59306;NA;PSP_EXTRATLEITIMPL_210526_0335_20000000006802984462_000.jpg
3193199770;109843;T181;PSP_EXTRATLEITIMPL_210526_0335_20000000009552969583_000.jpg
3131830849;130396;NA;PSP_EXTRATLEITIMPL_210526_0335_20000000011752961816_000.jpg
3132724066;4543;NA;PSP_EXTRATLEITIMPL_210526_0335_20000000003852988015_000.jpg
3222747596;16790;T181;PSP_EXTRATLEITIMPL_210526_0335_20000000002602976853_000.jpg
3140604606;60765;NA;PSP_EXTRATLEITIMPL_210526_0335_20000000006052974658_000.jpg
3232982070;4865;NA;PSP_EXTRATLEITIMPL_210526_0335_20000000007802973831_000.jpg
3242591177;10100;L101;PSP_EXTRATLEITIMPL_210526_0335_20000000012352959716_000.jpg
3142049146;12920;NA;PSP_EXTRATLEITIMPL_210526_0335_20000000005602963268_000.jpg
3211279876;127628;T181;PSP_EXTRATLEITIMPL_210526_0335_20000000008852975555_000.jpg
3140833893;90057;NA;PSP_EXTRATLEITIMPL_210526_0335_20000000005352979838_000.jpg
3212985294;58732;NA;PSP_EXTRATLEITIMPL_210526_0335_20000000012902966674_000.jpg
3171250527;110457;NA;PSP_EXTRATLEITIMPL_210526_0335_20000000017202970839_000.jpg
3220050407;3060;NA;NA
3223713342;6561;NA;PSP_EXTRATLEITIMPL_210526_0335_20000000003702978742_000.jpg
3132746159;6163;T111;PSP_EXTRATLEITIMPL_210526_0335_20000000018952981487_000.jpg
3141740180;13744;NA;NA
3241638013;27887;T181;PSP_EXTRATLEITIMPL_210526_0335_20000000009202985176_000.jpg
3141933433;2071;NA;PSP_EXTRATLEITIMPL_210526_0335_20000000017852995190_000.jpg
3142426993;9870;NA;PSP_EXTRATLEITIMPL_210526_0335_20000000008652981679_000.jpg
3150521768;654;P111;PSP_EXTRATLEITIMPL_210526_0335_20000000013802967692_000.jpg
3142403225;29378;NA;PSP_EXTRATLEITIMPL_210526_0335_20000000018302985163_000.jpg
3202271404;14909;NA;PSP_EXTRATLEITIMPL_210526_0335_20000000003302995169_000.jpg
3142322144;1032;T111;PSP_EXTRATLEITIMPL_210526_0335_20000000010302973628_000.jpg
3150114470;103154;NA;PSP_EXTRATLEITIMPL_210526_0335_20000000000802960780_000.jpg
3140628300;801328;NA;PSP_EXTRATLEITIMPL_210526_0335_20000000007502953962_000.jpg
3141712321;34207;NA;PSP_EXTRATLEITIMPL_210526_0335_20000000016702994686_000.jpg
3140625280;202168;NA;PSP_EXTRATLEITIMPL_210526_0335_20000000005852977673_000.jpg
3161791210;16339;NA;PSP_EXTRATLEITIMPL_210526_0335_20000000016202963640_000.jpg
3140646368;100247;NA;PSP_EXTRATLEITIMPL_210526_0335_20000000006752981491_000.jpg
3242607375;6770;T181;PSP_EXTRATLEITIMPL_210526_0335_20000000000652957927_000.jpg
3140836078;42287;NA;PSP_EXTRATLEITIMPL_210526_0335_20000000005352979839_000.jpg
3192834944;5144;NA;PSP_EXTRATLEITIMPL_210526_0335_20000000003502996259_000.jpg
3141791779;4936;NA;PSP_EXTRATLEITIMPL_210526_0335_20000000014902965737_000.jpg
3141791922;1033;NA;PSP_EXTRATLEITIMPL_210526_0335_20000000011302979019_000.jpg
3141791809;5466;NA;PSP_EXTRATLEITIMPL_210526_0335_20000000001152954975_000.jpg
3140367922;110;NA;PSP_EXTRATLEITIMPL_210526_0335_20000000009552957875_000.jpg
3212532680;30774;T181;PSP_EXTRATLEITIMPL_210526_0335_20000000002802981748_000.jpg
3212352089;29935;NA;PSP_EXTRATLEITIMPL_210526_0335_20000000013452968862_000.jpg
3212731420;98055;T181;PSP_EXTRATLEITIMPL_210526_0335_20000000005253003550_000.jpg
3150144786;54927;T111;PSP_EXTRATLEITIMPL_210526_0335_20000000006452974929_000.jpg
80490712;18649;NA;PSP_EXTRATLEITIMPL_210526_0335_20000000011602958777_000.jpg
3225978017;2347;NA;PSP_EXTRATLEITIMPL_210526_0335_20000000008852974555_000.jpg
3232745931;3;P111;PSP_EXTRATLEITIMPL_210526_0335_20000000013852960942_000.jpg
3142747030;10335;NA;NA
3132711592;469;NA;PSP_EXTRATLEITIMPL_210526_0335_20000000012402957831_000.jpg
5257021337/3223096793;0;NA;PSP_EXTRATLEITIMPL_210526_0335_20000000017202960955_000.jpg
3244227634/3243842327;12114;T181;PSP_EXTRATLEITIMPL_210526_0335_20000000007502967749_000.jpg
3140841772;59666;NA;PSP_EXTRATLEITIMPL_210526_0335_20000000003402983376_000.jpg
3142805820;6163;NA;PSP_EXTRATLEITIMPL_210526_0335_20000000012402961779_000.jpg
3141875506;13711;NA;PSP_EXTRATLEITIMPL_210526_0335_20000000001452988513_000.jpg
3192377926;1412;NA;NA
3140462216;103;P111;PSP_EXTRATLEITIMPL_210526_0335_20000000016502973006_000.jpg
3193651665;32464;NA;NA
3194022912;137710;T181;PSP_EXTRATLEITIMPL_210526_0335_20000000014252958778_000.jpg
3201705486;64464;NA;PSP_EXTRATLEITIMPL_210526_0335_20000000004603004793_000.jpg
3191098420;17630;NA;NA
3140846928;1;P111;PSP_EXTRATLEITIMPL_210526_0335_20000000010802974155_000.jpg
3230033691;17682;T181;PSP_EXTRATLEITIMPL_210526_0335_20000000002252993107_000.jpg
3140458790;12775;NA;PSP_EXTRATLEITIMPL_210526_0335_20000000012752952885_000.jpg
3140871310;30156;NA;NA
3242415832;61264;T111;PSP_EXTRATLEITIMPL_210526_0335_20000000016352954973_000.jpg
3220233978;7232;T181;NA
3192304228;11409;NA;NA
3183549030;8719;NA;NA
3192114208;0;NA;NA
3221030531;1448;NA;PSP_EXTRATLEITIMPL_210526_0335_20000000010302980393_000.jpg
3223283097;10203;T181;PSP_EXTRATLEITIMPL_210526_0335_20000000002152978058_000.jpg
3140850020;109934;L101;PSP_EXTRATLEITIMPL_210526_0335_20000000017652995286_000.jpg
3142615273;7845;NA;PSP_EXTRATLEITIMPL_210526_0335_20000000011352952760_000.jpg
3220309516;10529;NA;PSP_EXTRATLEITIMPL_210526_0335_20000000009052953898_000.jpg
3141629190;45117;NA;PSP_EXTRATLEITIMPL_210526_0335_20000000000952958751_000.jpg
3244224996;5322;T181;PSP_EXTRATLEITIMPL_210526_0335_20000000003002970876_000.jpg
3140811610;27345;NA;PSP_EXTRATLEITIMPL_210526_0335_20000000001202969864_000.jpg
3220340855;15700;T181;PSP_EXTRATLEITIMPL_210526_0335_20000000013452975649_000.jpg
3223301052;5762;T181;NA
3243927578/3205439837;4545;NA;PSP_EXTRATLEITIMPL_210526_0335_20000000009602971818_000.jpg
3244848540/3121709782;283;NA;PSP_EXTRATLEITIMPL_210526_0335_20000000010152959881_000.jpg
3142568380;26611;NA;PSP_EXTRATLEITIMPL_210526_0335_20000000003102980924_000.jpg
3153308313;8590;NA;NA
3213784217;32;NA;PSP_EXTRATLEITIMPL_210526_0335_20000000013902981256_000.jpg
3150482185;847;NA;NA
5256768315/3220031038;7972;T181;PSP_EXTRATLEITIMPL_210526_0335_20000000000902971635_000.jpg
3161501394;42752;NA;PSP_EXTRATLEITIMPL_210526_0335_20000000012352945937_000.jpg
3242451090;20762;NA;PSP_EXTRATLEITIMPL_210526_0335_20000000008052949976_000.jpg
3142561521;42166;NA;PSP_EXTRATLEITIMPL_210526_0335_20000000012102985044_000.jpg
3223336344;9884;T181;PSP_EXTRATLEITIMPL_210526_0335_20000000012602965895_000.jpg
6251125455/3150473690;18;T181;PSP_EXTRATLEITIMPL_210526_0335_20000000016252959945_000.jpg
3190385263;809399;NA;PSP_EXTRATLEITIMPL_210526_0335_20000000012202967751_000.jpg
3231732534/3211452764;1431;NA;PSP_EXTRATLEITIMPL_210526_0335_20000000000102953893_000.jpg
3200424165;24779;T181;PSP_EXTRATLEITIMPL_210526_0335_20000000001552972874_000.jpg
3150151413;173068;NA;PSP_EXTRATLEITIMPL_210526_0335_20000000009652970655_000.jpg
6252036286/3141324321;99999;NA;PSP_EXTRATLEITIMPL_210526_0335_20000000016452969848_000.jpg
3220242357;265762;T181;PSP_EXTRATLEITIMPL_210526_0335_20000000003552991199_000.jpg
3150869853;18044;NA;PSP_EXTRATLEITIMPL_210526_0335_20000000008602987190_000.jpg
3150867052;5;P111;PSP_EXTRATLEITIMPL_210526_0335_20000000018502982305_000.jpg
3221053132;15;P111;PSP_EXTRATLEITIMPL_210526_0335_20000000008302980350_000.jpg
3245113403/3150131668;6844;T181;NA
3151019586;6839;NA;PSP_EXTRATLEITIMPL_210526_0335_20000000016652984748_000.jpg
3202324494;2865;NA;PSP_EXTRATLEITIMPL_210526_0335_20000000018802957859_000.jpg
5252582314/3182708355;19;NA;NA
3226084117;899;NA;PSP_EXTRATLEITIMPL_210526_0335_20000000009102974133_000.jpg
3151787095;7269;NA;PSP_EXTRATLEITIMPL_210526_0335_20000000006852983873_000.jpg
3150141078;139842;NA;PSP_EXTRATLEITIMPL_210526_0335_20000000001502976701_000.jpg
3190947610;7311;NA;PSP_EXTRATLEITIMPL_210526_0335_20000000015452972353_000.jpg
3213889892;11793;NA;NA
3011134748;1775;NA;PSP_EXTRATLEITIMPL_210526_0335_20000000005352972969_000.jpg
3182606463;9433;NA;NA
3220217484/3151864367;2761;NA;NA
3231571913;7003;NA;PSP_EXTRATLEITIMPL_210526_0335_20000000003352958952_000.jpg
3151068935;8670;NA;NA
5257897860/3151127060;726;NA;PSP_EXTRATLEITIMPL_210526_0335_20000000017302977922_000.jpg
3245343549/3140477671;954;NA;PSP_EXTRATLEITIMPL_210526_0335_20000000014602974772_000.jpg
3151266761;33340;NA;PSP_EXTRATLEITIMPL_210526_0335_20000000016302978171_000.jpg
3212585237;47376;T181;PSP_EXTRATLEITIMPL_210526_0335_20000000009252957926_000.jpg
3204360714;2779;NA;PSP_EXTRATLEITIMPL_210526_0335_20000000005202988787_000.jpg
5252383524/3151310639;473;NA;PSP_EXTRATLEITIMPL_210526_0335_20000000016952981777_000.jpg
3201652439;31821;NA;PSP_EXTRATLEITIMPL_210526_0335_20000000017702976954_000.jpg
3151081893;4170;NA;PSP_EXTRATLEITIMPL_210526_0335_20000000009552958854_000.jpg
3151335704;9614;NA;NA
3150097478;34793;NA;PSP_EXTRATLEITIMPL_210526_0335_20000000016702993662_000.jpg
3233374830;94;P111;NA
3151359484;17758;NA;PSP_EXTRATLEITIMPL_210526_0335_20000000010852963710_000.jpg
3140178518;386475;NA;NA
3151483592;48021;NA;PSP_EXTRATLEITIMPL_210526_0335_20000000009102969507_000.jpg
3201954605;11874;NA;PSP_EXTRATLEITIMPL_210526_0335_20000000009852986294_000.jpg
3150119242;310445;NA;NA
3151425851;0;NA;PSP_EXTRATLEITIMPL_210526_0335_20000000016252949989_000.jpg
3151370127;27922;NA;PSP_EXTRATLEITIMPL_210526_0335_20000000005352991286_000.jpg
3242668510;95909;T181;PSP_EXTRATLEITIMPL_210526_0335_20000000004152981678_000.jpg
3223672450;1946;NA;PSP_EXTRATLEITIMPL_210526_0335_20000000016652985797_000.jpg
3223277780;37588;NA;PSP_EXTRATLEITIMPL_210526_0335_20000000002702972844_000.jpg
3150087510;130961;NA;PSP_EXTRATLEITIMPL_210526_0335_20000000012102968850_000.jpg
3212786216;18128;NA;PSP_EXTRATLEITIMPL_210526_0335_20000000005302997137_000.jpg
3140666148;290;NA;NA
3150114437;55990;NA;PSP_EXTRATLEITIMPL_210526_0335_20000000011752972359_000.jpg
3221864653;62816;NA;PSP_EXTRATLEITIMPL_210526_0335_20000000016102951794_000.jpg
3193269361;42719;NA;NA
3220031860;0;NA;NA
3153227097;2975;NA;PSP_EXTRATLEITIMPL_210526_0335_20000000002652983653_000.jpg
3153277825;10266;NA;PSP_EXTRATLEITIMPL_210526_0335_20000000010102960854_000.jpg
3153156378;18518;NA;PSP_EXTRATLEITIMPL_210526_0335_20000000009702945971_000.jpg
3150087766;2796;NA;PSP_EXTRATLEITIMPL_210526_0335_20000000014852971274_000.jpg
3204658454;21575;NA;PSP_EXTRATLEITIMPL_210526_0335_20000000011652980285_000.jpg
3150091550;53433;NA;PSP_EXTRATLEITIMPL_210526_0335_20000000001602995086_000.jpg
3151539121;38912;NA;PSP_EXTRATLEITIMPL_210526_0335_20000000018102990284_000.jpg
3203593332;44517;NA;PSP_EXTRATLEITIMPL_210526_0335_20000000019052966852_000.jpg
3242345141;5146;T181;PSP_EXTRATLEITIMPL_210526_0335_20000000002852970918_000.jpg
6252223167/3154853617;0;NA;PSP_EXTRATLEITIMPL_210526_0335_20000000004502981434_000.jpg
3244510786;0;NA;PSP_EXTRATLEITIMPL_210526_0335_20000000012202963862_000.jpg
3161819050;26047;NA;PSP_EXTRATLEITIMPL_210526_0335_20000000015052954796_000.jpg
3152852575;9337;NA;PSP_EXTRATLEITIMPL_210526_0335_20000000008452975026_000.jpg
3154869726;66428;NA;NA
3152989937;9478;NA;PSP_EXTRATLEITIMPL_210526_0335_00000000000211751999_000.jpg
5255953259/6251191695/3245179870/5255953259/3245179870/5255953259/3241187356;1137;NA;NA
3153748704;0;NA;PSP_EXTRATLEITIMPL_210526_0335_20000000009902964820_000.jpg
3152580370;13301;NA;NA
3153002850;6197;L131;PSP_EXTRATLEITIMPL_210526_0335_20000000012002956966_000.jpg
3152818300;15327;NA;NA
3160033982;361709;NA;PSP_EXTRATLEITIMPL_210526_0335_20000000008952962449_000.jpg
3152326105;21528;NA;PSP_EXTRATLEITIMPL_210526_0335_20000000006602990385_000.jpg
3160004478;487798;NA;PSP_EXTRATLEITIMPL_210526_0335_20000000012402972372_000.jpg
3153667372;18683;T181;NA
3152102274;15565;NA;PSP_EXTRATLEITIMPL_210526_0335_20000000001102957903_000.jpg
3220245097;20234;T181;PSP_EXTRATLEITIMPL_210526_0335_20000000006702968911_000.jpg
3171840901;50892;NA;NA
3230962277;10991;T181;PSP_EXTRATLEITIMPL_210526_0335_20000000019152977761_000.jpg
3172843939;24731;NA;PSP_EXTRATLEITIMPL_210526_0335_20000000008102976875_000.jpg
3222730677;40419;T181;PSP_EXTRATLEITIMPL_210526_0335_20000000013652978273_000.jpg
3160043341;100504;NA;PSP_EXTRATLEITIMPL_210526_0335_20000000004402962940_000.jpg
3194017943;165372;T181;NA
3230975069;16569;T181;NA
3150706008;45149;NA;PSP_EXTRATLEITIMPL_210526_0335_20000000013202975353_000.jpg
3152128583;26982;NA;PSP_EXTRATLEITIMPL_210526_0335_20000000002202967861_000.jpg
3192443090;0;NA;NA
3242398873;10858;T181;PSP_EXTRATLEITIMPL_210526_0335_20000000006102970938_000.jpg
3153676614;196181;T111;PSP_EXTRATLEITIMPL_210526_0335_20000000011602943977_000.jpg
3153857449;0;NA;NA
3160039344;162620;NA;PSP_EXTRATLEITIMPL_210526_0335_20000000005952977569_000.jpg
5256220697/3160349157;6656;NA;NA
3241622591;11950;NA;PSP_EXTRATLEITIMPL_210526_0335_20000000013052967658_000.jpg
3160387172;426101;NA;PSP_EXTRATLEITIMPL_210526_0335_20000000001402974886_000.jpg
5256605874/3241672572;1892;NA;PSP_EXTRATLEITIMPL_210526_0335_20000000013152979155_000.jpg
3223375900;24873;T181;PSP_EXTRATLEITIMPL_210526_0335_20000000013602968628_000.jpg
3160333960;46611;NA;PSP_EXTRATLEITIMPL_210526_0335_20000000009402958713_000.jpg
3171831775;142233;NA;PSP_EXTRATLEITIMPL_210526_0335_20000000002252967998_000.jpg
3154021182;15122;NA;PSP_EXTRATLEITIMPL_210526_0335_20000000012802966780_000.jpg
3212701695;19444;T181;PSP_EXTRATLEITIMPL_210526_0335_20000000003952971607_000.jpg
3244200787/3244312992/3160066953;5374;T181;PSP_EXTRATLEITIMPL_210526_0335_20000000015502976001_000.jpg
3154362931;8784;NA;NA
3154769888;6160;NA;PSP_EXTRATLEITIMPL_210526_0335_20000000008552974496_000.jpg
3153002729;37450;NA;PSP_EXTRATLEITIMPL_210526_0335_20000000006352983599_000.jpg
3153437865;12776;NA;NA
3160329318;71012;NA;PSP_EXTRATLEITIMPL_210526_0335_20000000004702999671_000.jpg
3160372183;344909;NA;PSP_EXTRATLEITIMPL_210526_0335_20000000012852972482_000.jpg
3160363206;74573;NA;PSP_EXTRATLEITIMPL_210526_0335_20000000000502968240_000.jpg
3160694148;6626;NA;PSP_EXTRATLEITIMPL_210526_0335_20000000000002980798_000.jpg
3154707688;20802;NA;PSP_EXTRATLEITIMPL_210526_0335_20000000008852956889_000.jpg
3153821363;29104;NA;NA
3154323162;8183;T111;PSP_EXTRATLEITIMPL_210526_0335_20000000002502976922_000.jpg
3192208709;81807;T181;PSP_EXTRATLEITIMPL_210526_0335_20000000003952951961_000.jpg
3191789228;8527;NA;PSP_EXTRATLEITIMPL_210526_0335_20000000001302978769_000.jpg
3160390076;354074;NA;PSP_EXTRATLEITIMPL_210526_0335_20000000004202999046_000.jpg
6252242935/3245122798/3192247518;2099;NA;PSP_EXTRATLEITIMPL_210526_0335_20000000010252958678_001.jpg
3193254992;60987;NA;PSP_EXTRATLEITIMPL_210526_0335_20000000005652961948_000.jpg
3161000760;295067;NA;PSP_EXTRATLEITIMPL_210526_0335_20000000013002952661_000.jpg
3160075596;45;NA;NA
3152403622;1315;P111;PSP_EXTRATLEITIMPL_210526_0335_20000000007152991009_000.jpg
3160360193;56377;NA;NA
3244145522;12;NA;PSP_EXTRATLEITIMPL_210526_0335_20000000002152966794_000.jpg
3160736215;16844;NA;PSP_EXTRATLEITIMPL_210526_0335_20000000002302976759_000.jpg
3204272076;56092;T181;PSP_EXTRATLEITIMPL_210526_0335_20000000019802996293_000.jpg
3230952778;17156;T181;PSP_EXTRATLEITIMPL_210526_0335_20000000013952946931_000.jpg
3160380755;163980;NA;PSP_EXTRATLEITIMPL_210526_0335_20000000006152972841_000.jpg
3160986408;279477;NA;PSP_EXTRATLEITIMPL_210526_0335_20000000003402980628_000.jpg
3212643938;20015;NA;PSP_EXTRATLEITIMPL_210526_0335_20000000003702990043_000.jpg
3160081766;2578;NA;NA
3225159016;22086;NA;PSP_EXTRATLEITIMPL_210526_0335_20000000006952976731_000.jpg
3153330815;7571;NA;PSP_EXTRATLEITIMPL_210526_0335_20000000014702956864_000.jpg
3242522795;6459;T111;PSP_EXTRATLEITIMPL_210526_0335_20000000004302975895_000.jpg
3222696819;13;NA;PSP_EXTRATLEITIMPL_210526_0335_20000000003402990020_000.jpg
3170363085;21775;NA;PSP_EXTRATLEITIMPL_210526_0335_20000000003052971928_000.jpg
3154221521;13;P111;PSP_EXTRATLEITIMPL_210526_0335_20000000008302976523_000.jpg
3221668919;14448;NA;PSP_EXTRATLEITIMPL_210526_0335_20000000013902971595_000.jpg
3120384120;38731;NA;PSP_EXTRATLEITIMPL_210526_0335_20000000016802998137_000.jpg
3160122624;243062;NA;PSP_EXTRATLEITIMPL_210526_0335_20000000011902968567_000.jpg
3161860068;127557;NA;PSP_EXTRATLEITIMPL_210526_0335_20000000011352962260_000.jpg
3214291834;30933;T181;PSP_EXTRATLEITIMPL_210526_0335_20000000006352984415_000.jpg
3130318460;28016;NA;PSP_EXTRATLEITIMPL_210526_0335_20000000019902993403_000.jpg
3121033967;20483;NA;PSP_EXTRATLEITIMPL_210526_0335_20000000019652988017_000.jpg
3141884564;6325;L101;PSP_EXTRATLEITIMPL_210526_0335_20000000002902982662_000.jpg
3142829800;18;P111;PSP_EXTRATLEITIMPL_210526_0335_20000000014852970352_000.jpg
3120790802;12878;NA;PSP_EXTRATLEITIMPL_210526_0335_20000000003202988559_000.jpg
3161456070;41036;NA;PSP_EXTRATLEITIMPL_210526_0335_20000000012752960793_000.jpg
3161519579;107411;NA;PSP_EXTRATLEITIMPL_210526_0335_20000000004002961879_000.jpg
3160524064;99287;NA;PSP_EXTRATLEITIMPL_210526_0335_20000000016252951936_000.jpg
3223237486;36989;NA;PSP_EXTRATLEITIMPL_210526_0335_20000000018502967874_000.jpg
3192377268;17778;NA;NA
3120469931;78326;NA;PSP_EXTRATLEITIMPL_210526_0335_20000000016952996046_000.jpg
5257202668/3241528587;889;T181;PSP_EXTRATLEITIMPL_210526_0335_20000000000252994079_000.jpg
3211329113;8012;NA;NA
3182064814;12016;NA;PSP_EXTRATLEITIMPL_210526_0335_20000000016052967870_000.jpg
3161508330;19531;NA;PSP_EXTRATLEITIMPL_210526_0335_20000000005552959918_000.jpg
3182552827;582;NA;PSP_EXTRATLEITIMPL_210526_0335_20000000018602970946_000.jpg
3211125232;32053;T181;PSP_EXTRATLEITIMPL_210526_0335_20000000005602946896_000.jpg
3241833290;3123;NA;NA
3202586790;3379;NA;PSP_EXTRATLEITIMPL_210526_0335_20000000008452975028_000.jpg
3203783298;0;T161;PSP_EXTRATLEITIMPL_210526_0335_20000000011952964774_001.jpg
3212691754;22705;T181;PSP_EXTRATLEITIMPL_210526_0335_20000000008752964779_000.jpg
3161125422;9840;NA;PSP_EXTRATLEITIMPL_210526_0335_20000000016652993391_000.jpg
3244001008/3231993508;2434;NA;PSP_EXTRATLEITIMPL_210526_0335_20000000003452975663_000.jpg
3212720576;31396;T181;PSP_EXTRATLEITIMPL_210526_0335_20000000017052986647_000.jpg
3212479240;113661;NA;PSP_EXTRATLEITIMPL_210526_0335_20000000009702959774_000.jpg
3160494718;8121;NA;PSP_EXTRATLEITIMPL_210526_0335_20000000011102957826_000.jpg
3202541525;3300;NA;PSP_EXTRATLEITIMPL_210526_0335_20000000019852963971_000.jpg
3160709781;409;NA;PSP_EXTRATLEITIMPL_210526_0335_20000000015452963744_000.jpg
3241546720;30922;T181;PSP_EXTRATLEITIMPL_210526_0335_20000000008002964748_000.jpg
3161253412;4473;NA;PSP_EXTRATLEITIMPL_210526_0335_20000000016452957997_000.jpg
3161867089;70047;NA;PSP_EXTRATLEITIMPL_210526_0335_20000000005153008032_000.jpg
3243783240/3214121742;76;P111;PSP_EXTRATLEITIMPL_210526_0335_20000000008002973302_000.jpg
3211156278;28499;T181;PSP_EXTRATLEITIMPL_210526_0335_20000000001702985030_000.jpg
3161338280;7113;NA;PSP_EXTRATLEITIMPL_210526_0335_20000000018102989381_000.jpg
3243783738/3161209510;5036;T181;PSP_EXTRATLEITIMPL_210526_0335_20000000019002963851_000.jpg
3161857512;22775;NA;PSP_EXTRATLEITIMPL_210526_0335_20000000000402966909_000.jpg
3161536171;35974;NA;PSP_EXTRATLEITIMPL_210526_0335_20000000019352992536_000.jpg
3170029649;43207;NA;PSP_EXTRATLEITIMPL_210526_0335_20000000007502968767_000.jpg
3171758679;87695;B131;PSP_EXTRATLEITIMPL_210526_0335_20000000008302982247_000.jpg
3161788685;4141;NA;PSP_EXTRATLEITIMPL_210526_0335_20000000006852988738_000.jpg
3230083990;0;T161;PSP_EXTRATLEITIMPL_210526_0335_20000000017652998156_000.jpg
3172436284;17886;NA;PSP_EXTRATLEITIMPL_210526_0335_20000000011452974172_000.jpg
3161034907;5943;NA;PSP_EXTRATLEITIMPL_210526_0335_20000000017552998284_000.jpg
3212720460;84007;T181;PSP_EXTRATLEITIMPL_210526_0335_20000000005702966990_000.jpg
3161566437;78;NA;PSP_EXTRATLEITIMPL_210526_0335_20000000010852949927_000.jpg
3170033506;109148;NA;PSP_EXTRATLEITIMPL_210526_0335_20000000012552962787_000.jpg
3161595747;24638;NA;PSP_EXTRATLEITIMPL_210526_0335_20000000017202990040_000.jpg
3202358550;600;NA;PSP_EXTRATLEITIMPL_210526_0335_20000000015452965767_000.jpg
3194026055;45225;T181;PSP_EXTRATLEITIMPL_210526_0335_20000000017052995145_000.jpg
5257919988/3170233254;308;NA;NA
3203915682;91676;NA;PSP_EXTRATLEITIMPL_210526_0335_20000000004002977465_000.jpg
3170576208;16797;NA;PSP_EXTRATLEITIMPL_210526_0335_20000000000802950867_000.jpg
3170576135;13362;NA;PSP_EXTRATLEITIMPL_210526_0335_20000000000802975009_000.jpg
3231025307;9148;T181;NA
3222770580;5199;T181;PSP_EXTRATLEITIMPL_210526_0335_20000000002802992167_000.jpg
3232106572;1454;NA;PSP_EXTRATLEITIMPL_210526_0335_20000000014852970353_000.jpg
3010073382;24452;M141;PSP_EXTRATLEITIMPL_210526_0335_20000000018602979789_000.jpg
6251137348/3221844776/6251137348/3221844776;1907;NA;PSP_EXTRATLEITIMPL_210526_0335_20000000002602977888_000.jpg
3153698618;12258;NA;PSP_EXTRATLEITIMPL_210526_0335_20000000008852982136_000.jpg
3170468626;14726;NA;NA
3171285363;56115;NA;PSP_EXTRATLEITIMPL_210526_0335_20000000001252980604_000.jpg
3170788833;24751;NA;PSP_EXTRATLEITIMPL_210526_0335_20000000014902970563_000.jpg
3245151038/3170258109;26346;NA;PSP_EXTRATLEITIMPL_210526_0335_20000000014002954850_000.jpg
3170603817;18477;NA;PSP_EXTRATLEITIMPL_210526_0335_20000000009852978710_000.jpg
5257556389/3121729864;360;NA;PSP_EXTRATLEITIMPL_210526_0335_20000000015602985028_000.jpg
3193201899;52258;T181;PSP_EXTRATLEITIMPL_210526_0335_20000000009052970426_000.jpg
3172555283;8357;NA;PSP_EXTRATLEITIMPL_210526_0335_20000000013452978398_000.jpg
3210740553;922;NA;PSP_EXTRATLEITIMPL_210526_0335_20000000009502970692_000.jpg
3232926090;33855;NA;PSP_EXTRATLEITIMPL_210526_0335_20000000014602989056_000.jpg
3242356631;49814;T181;PSP_EXTRATLEITIMPL_210526_0335_20000000013102985096_000.jpg
3170394223;30;NA;PSP_EXTRATLEITIMPL_210526_0335_20000000014402971287_000.jpg
3210436927;7192;NA;PSP_EXTRATLEITIMPL_210526_0335_20000000015152964967_000.jpg
3171228564;10910;NA;PSP_EXTRATLEITIMPL_210526_0335_20000000006602979839_000.jpg
3171263238;58014;NA;PSP_EXTRATLEITIMPL_210526_0335_20000000005003002045_000.jpg
3245103165/3170657879;2705;T181;PSP_EXTRATLEITIMPL_210526_0335_20000000007652965793_000.jpg
3170882619;11406;NA;PSP_EXTRATLEITIMPL_210526_0335_20000000007252991038_000.jpg
3244419401;1267;L131;PSP_EXTRATLEITIMPL_210526_0335_20000000017302987912_000.jpg
3181071140;572;P111;PSP_EXTRATLEITIMPL_210526_0335_20000000008302978493_000.jpg
3223333450;427965;T181;PSP_EXTRATLEITIMPL_210526_0335_20000000013902975503_000.jpg
3171223856;14780;NA;PSP_EXTRATLEITIMPL_210526_0335_20000000005802973705_000.jpg
3170276131;30702;NA;PSP_EXTRATLEITIMPL_210526_0335_20000000017552980917_000.jpg
3242509993/3171247348;1513;NA;PSP_EXTRATLEITIMPL_210526_0335_20000000001502966970_000.jpg
3171407094;358894;T111;PSP_EXTRATLEITIMPL_210526_0335_20000000003502997244_000.jpg
3170006673;22211;NA;PSP_EXTRATLEITIMPL_210526_0335_20000000004102961916_000.jpg
3140094683;6707;NA;PSP_EXTRATLEITIMPL_210526_0335_20000000013252973047_000.jpg
3171196433;5936;NA;PSP_EXTRATLEITIMPL_210526_0335_20000000015302984812_000.jpg
3212569657;24208;T181;PSP_EXTRATLEITIMPL_210526_0335_20000000009052965573_000.jpg
3171014785;15416;NA;PSP_EXTRATLEITIMPL_210526_0335_20000000011902974263_000.jpg
3230976880;10102;T181;PSP_EXTRATLEITIMPL_210526_0335_20000000016952986589_000.jpg
3211144555;34887;T181;PSP_EXTRATLEITIMPL_210526_0335_20000000014002961753_000.jpg
3205460828;2510;L101;PSP_EXTRATLEITIMPL_210526_0335_20000000009352960995_000.jpg
3171337444;9799;NA;NA
3170518615;35178;NA;PSP_EXTRATLEITIMPL_210526_0335_20000000012002950949_000.jpg
3241048771;7877;T181;PSP_EXTRATLEITIMPL_210526_0335_20000000005752973419_000.jpg
3160986190;1153;NA;PSP_EXTRATLEITIMPL_210526_0335_20000000002902971937_000.jpg
3242720198;296;NA;PSP_EXTRATLEITIMPL_210526_0335_20000000002052985911_000.jpg
3171103001;10;P111;PSP_EXTRATLEITIMPL_210526_0335_20000000002102976611_000.jpg
3171745739;66160;NA;PSP_EXTRATLEITIMPL_210526_0335_20000000000502962607_000.jpg
3171553880;5613;NA;PSP_EXTRATLEITIMPL_210526_0335_20000000013402974884_000.jpg
3242659146/3171768585;10524;NA;PSP_EXTRATLEITIMPL_210526_0335_20000000004152991239_000.jpg
3171642778;4252;NA;PSP_EXTRATLEITIMPL_210526_0335_20000000011352944881_000.jpg
3192113449;0;NA;NA
6251128195/3241052132;1133;L101;PSP_EXTRATLEITIMPL_210526_0335_20000000018952988097_000.jpg
3231049966;10162;T181;NA
3172014355;8962;M141;PSP_EXTRATLEITIMPL_210526_0335_20000000008752965762_000.jpg
3171776480;211733;NA;PSP_EXTRATLEITIMPL_210526_0335_20000000003502984794_000.jpg
3171250373;194078;NA;PSP_EXTRATLEITIMPL_210526_0335_20000000001102970522_000.jpg
3172234096;8605;NA;PSP_EXTRATLEITIMPL_210526_0335_20000000007802987203_000.jpg
3192462672;149699;NA;PSP_EXTRATLEITIMPL_210526_0335_20000000018802963938_000.jpg
3223305333;8261;T181;PSP_EXTRATLEITIMPL_210526_0335_20000000018902977748_000.jpg
3211283016;130795;NA;PSP_EXTRATLEITIMPL_210526_0335_20000000001652975803_000.jpg
3180015913;687661;NA;PSP_EXTRATLEITIMPL_210526_0335_20000000011902960776_000.jpg
3171844630;186929;NA;PSP_EXTRATLEITIMPL_210526_0335_20000000004002979263_000.jpg
3171351587;1729;NA;NA
3171801841;435473;NA;PSP_EXTRATLEITIMPL_210526_0335_20000000019752957968_000.jpg
3194014022;53370;T181;PSP_EXTRATLEITIMPL_210526_0335_20000000005952985049_000.jpg
3170559290;11233;NA;PSP_EXTRATLEITIMPL_210526_0335_20000000010552966781_000.jpg
3172592332;16688;NA;PSP_EXTRATLEITIMPL_210526_0335_20000000001652995031_000.jpg
3231059112;14826;T181;PSP_EXTRATLEITIMPL_210526_0335_20000000011002973612_000.jpg
3212620075;201961;NA;PSP_EXTRATLEITIMPL_210526_0335_20000000011202971737_000.jpg
3244214311;5251;T181;PSP_EXTRATLEITIMPL_210526_0335_20000000018152984056_000.jpg
3171257327;57755;T111;PSP_EXTRATLEITIMPL_210526_0335_20000000012202970656_000.jpg
3200442082;21804;T181;PSP_EXTRATLEITIMPL_210526_0335_20000000006452991114_000.jpg
3241561649;14632;T181;PSP_EXTRATLEITIMPL_210526_0335_20000000007652969621_000.jpg
3171340186;6398;NA;NA
3244241807;5892;T181;PSP_EXTRATLEITIMPL_210526_0335_20000000018602984621_000.jpg
3244302130/3180416004;4274;T181;PSP_EXTRATLEITIMPL_210526_0335_20000000002952982572_000.jpg
3180071368;19180;NA;PSP_EXTRATLEITIMPL_210526_0335_20000000005302985770_000.jpg
80161360;19515;NA;PSP_EXTRATLEITIMPL_210526_0335_20000000004203003000_000.jpg
3212577048;47730;T181;PSP_EXTRATLEITIMPL_210526_0335_20000000009852980696_000.jpg
3171244110;29645;NA;PSP_EXTRATLEITIMPL_210526_0335_20000000015952945949_000.jpg
3203910095;101513;T181;PSP_EXTRATLEITIMPL_210526_0335_20000000001202976600_000.jpg
3200713370;221;B111;PSP_EXTRATLEITIMPL_210526_0335_20000000013852979370_000.jpg
3180140475;6165;T111;PSP_EXTRATLEITIMPL_210526_0335_20000000009152969867_000.jpg
3193295672;4252;NA;PSP_EXTRATLEITIMPL_210526_0335_20000000013402966955_000.jpg
3244225488;6140;T181;PSP_EXTRATLEITIMPL_210526_0335_20000000013502954935_000.jpg
3220044091;3839;NA;NA
3212585040;212818;T181;PSP_EXTRATLEITIMPL_210526_0335_20000000016603005015_000.jpg
3220075663;159905;T181;PSP_EXTRATLEITIMPL_210526_0335_20000000009152982287_000.jpg
3203773870;19716;T181;PSP_EXTRATLEITIMPL_210526_0335_20000000004902982637_000.jpg
3220483567;23569;NA;PSP_EXTRATLEITIMPL_210526_0335_20000000012352947993_001.jpg
3220240540;30889;T181;PSP_EXTRATLEITIMPL_210526_0335_20000000007652961952_000.jpg
3231105939;24190;T181;PSP_EXTRATLEITIMPL_210526_0335_20000000011352959469_000.jpg
71471942;3443;NA;PSP_EXTRATLEITIMPL_210526_0335_20000000016052977524_000.jpg
6251174570/3160417624;819;NA;PSP_EXTRATLEITIMPL_210526_0335_20000000018952967944_000.jpg
3212675775;3331;NA;PSP_EXTRATLEITIMPL_210526_0335_20000000005402988684_001.jpg
3241525448;9059;T181;PSP_EXTRATLEITIMPL_210526_0335_20000000003352965644_000.jpg
3151953246;5924;NA;NA
3171722194;36378;NA;PSP_EXTRATLEITIMPL_210526_0335_20000000019452975879_000.jpg
3121774932;5010;NA;PSP_EXTRATLEITIMPL_210526_0335_20000000013852973664_000.jpg
3223304035;56501;T181;PSP_EXTRATLEITIMPL_210526_0335_20000000000702952783_000.jpg
3211169981;20954;T181;PSP_EXTRATLEITIMPL_210526_0335_20000000008452976006_000.jpg
3191119168;146646;NA;PSP_EXTRATLEITIMPL_210526_0335_20000000006352984416_000.jpg
3212469768;473184;NA;PSP_EXTRATLEITIMPL_210526_0335_20000000012202970657_000.jpg
3180806201;2091;NA;PSP_EXTRATLEITIMPL_210526_0335_20000000007252972870_000.jpg
3180146864;29589;NA;PSP_EXTRATLEITIMPL_210526_0335_20000000017652979949_000.jpg
3181002980;3023;NA;PSP_EXTRATLEITIMPL_210526_0335_20000000015302993344_000.jpg
3180994644;30529;T111;PSP_EXTRATLEITIMPL_210526_0335_20000000011402964972_000.jpg
3180008763;11840;NA;PSP_EXTRATLEITIMPL_210526_0335_20000000015402972160_001.jpg
3241184985;2401;NA;PSP_EXTRATLEITIMPL_210526_0335_20000000016852987715_000.jpg
3201236028;19629;NA;PSP_EXTRATLEITIMPL_210526_0335_20000000000302964661_000.jpg
3180978452;5066;NA;PSP_EXTRATLEITIMPL_210526_0335_20000000003202985651_000.jpg
3244302857/3180756140;5957;T181;PSP_EXTRATLEITIMPL_210526_0335_20000000010352959930_000.jpg
3221713213;4054;NA;PSP_EXTRATLEITIMPL_210526_0335_20000000005153008034_000.jpg
3180023096;24571;NA;PSP_EXTRATLEITIMPL_210526_0335_20000000005502981706_000.jpg
3181520883;27258;NA;PSP_EXTRATLEITIMPL_210526_0335_20000000010052977780_000.jpg
3220046329;8474;NA;NA
3181351330;1190;NA;PSP_EXTRATLEITIMPL_210526_0335_20000000009152965881_000.jpg
3181351259;3541;NA;PSP_EXTRATLEITIMPL_210526_0335_20000000000552951934_000.jpg
3180475345;24482;NA;PSP_EXTRATLEITIMPL_210526_0335_20000000015302982875_000.jpg
3181332807;346;P111;PSP_EXTRATLEITIMPL_210526_0335_20000000001402994017_000.jpg
3181457855;10;P111;PSP_EXTRATLEITIMPL_210526_0335_20000000014752960732_000.jpg
3220286516;52332;T181;NA
3181679696;7662;NA;NA
5256970491/3205656269;4205;NA;PSP_EXTRATLEITIMPL_210526_0335_20000000019002962901_000.jpg
3181240139;9;P111;PSP_EXTRATLEITIMPL_210526_0335_20000000005852984278_000.jpg
3241654892;12708;T181;PSP_EXTRATLEITIMPL_210526_0335_20000000008302968884_000.jpg
3180026761;68812;NA;PSP_EXTRATLEITIMPL_210526_0335_20000000001252973821_000.jpg
3181859937;8752;NA;NA
3243452731/3213898360;4561;NA;PSP_EXTRATLEITIMPL_210526_0335_20000000010552978304_000.jpg
3214164115;0;NA;NA
3171818680;14030;NA;PSP_EXTRATLEITIMPL_210526_0335_20000000000052977752_000.jpg
3220248312;13544;T181;PSP_EXTRATLEITIMPL_210526_0335_20000000019702968782_000.jpg
3242348884/3180001076;13571;T181;PSP_EXTRATLEITIMPL_210526_0335_20000000000802949870_000.jpg
3151536084;4080;NA;PSP_EXTRATLEITIMPL_210526_0335_20000000010602961748_000.jpg
3171855100;13569;NA;PSP_EXTRATLEITIMPL_210526_0335_20000000008402960738_000.jpg
3181051646;16353;NA;PSP_EXTRATLEITIMPL_210526_0335_20000000019002970729_000.jpg
3181641583;4906;NA;PSP_EXTRATLEITIMPL_210526_0335_20000000011302954871_000.jpg
3181203640;14318;NA;PSP_EXTRATLEITIMPL_210526_0335_20000000016402975144_000.jpg
3212537844;15871;T181;PSP_EXTRATLEITIMPL_210526_0335_20000000000302970270_000.jpg
3181137460;407;B111;PSP_EXTRATLEITIMPL_210526_0335_20000000016202955886_000.jpg
3181204531;19028;NA;NA
6251134411/3181058071;3027;NA;PSP_EXTRATLEITIMPL_210526_0335_20000000009702950997_000.jpg
3204270430;3424;T181;PSP_EXTRATLEITIMPL_210526_0335_20000000013752958854_000.jpg
3223431258;127;NA;PSP_EXTRATLEITIMPL_210526_0335_20000000019752964944_001.jpg
3160708360;10367;L101;PSP_EXTRATLEITIMPL_210526_0335_20000000002452972997_000.jpg
3241529079;13798;T181;PSP_EXTRATLEITIMPL_210526_0335_20000000019352987731_000.jpg
3241544574;21141;T181;PSP_EXTRATLEITIMPL_210526_0335_20000000004202997176_000.jpg
3221646559;9657;NA;PSP_EXTRATLEITIMPL_210526_0335_20000000003502985798_000.jpg
3193937828;9104;NA;PSP_EXTRATLEITIMPL_210526_0335_20000000002302983643_000.jpg
3180660525;172886;NA;NA
3203917570;41725;T181;PSP_EXTRATLEITIMPL_210526_0335_20000000012152954885_000.jpg
3181928033;29535;NA;PSP_EXTRATLEITIMPL_210526_0335_20000000008352970926_000.jpg
3010168065;19097;T111;NA
3171195178;1714;NA;PSP_EXTRATLEITIMPL_210526_0335_20000000000552972184_000.jpg
3132016380;5183;NA;PSP_EXTRATLEITIMPL_210526_0335_20000000012052985066_000.jpg
3181059663;145555;NA;PSP_EXTRATLEITIMPL_210526_0335_20000000000552950926_000.jpg
3182111553;38783;NA;PSP_EXTRATLEITIMPL_210526_0335_20000000007952983166_000.jpg
3190200786;27832;NA;PSP_EXTRATLEITIMPL_210526_0335_20000000009052952870_000.jpg
3225161894;6026;NA;PSP_EXTRATLEITIMPL_210526_0335_20000000009902979367_000.jpg
3242360310;7673;T181;PSP_EXTRATLEITIMPL_210526_0335_20000000001652971960_000.jpg
3200451740;23494;T181;PSP_EXTRATLEITIMPL_210526_0335_20000000003852988019_000.jpg
3182402434;11282;NA;PSP_EXTRATLEITIMPL_210526_0335_20000000001952996056_000.jpg
3193262677;26500;NA;PSP_EXTRATLEITIMPL_210526_0335_20000000007952954968_000.jpg
3182067295;11191;NA;NA
6251510456/3182427577;321;T181;PSP_EXTRATLEITIMPL_210526_0335_20000000000052968867_000.jpg
3182433038;904;NA;NA
3223322858;42884;T181;PSP_EXTRATLEITIMPL_210526_0335_20000000014102959652_000.jpg
3244562549/3183399615;24;NA;PSP_EXTRATLEITIMPL_210526_0335_20000000014102962533_000.jpg
3192471175;65650;NA;PSP_EXTRATLEITIMPL_210526_0335_20000000011302967771_000.jpg
3182328900;2255;NA;PSP_EXTRATLEITIMPL_210526_0335_20000000017202973826_000.jpg
3183654763;23075;NA;PSP_EXTRATLEITIMPL_210526_0335_20000000019252981555_000.jpg
3183654755;17330;NA;PSP_EXTRATLEITIMPL_210526_0335_20000000014302960873_000.jpg
3232966270;18406;NA;PSP_EXTRATLEITIMPL_210526_0335_20000000005652965876_000.jpg
3220420212;47500;NA;PSP_EXTRATLEITIMPL_210526_0335_20000000019252974743_000.jpg
3191059300;94928;NA;PSP_EXTRATLEITIMPL_210526_0335_20000000009802946924_000.jpg
3220377350;12516;NA;PSP_EXTRATLEITIMPL_210526_0335_20000000014452959777_000.jpg
3193248259;67012;NA;PSP_EXTRATLEITIMPL_210526_0335_20000000012802965851_000.jpg
3212635765;31845;NA;PSP_EXTRATLEITIMPL_210526_0335_20000000014702960870_000.jpg
3230060885;5690;NA;PSP_EXTRATLEITIMPL_210526_0335_20000000001252968882_000.jpg
3201604647;81503;NA;PSP_EXTRATLEITIMPL_210526_0335_20000000005552983025_000.jpg
3182446423;31776;NA;PSP_EXTRATLEITIMPL_210526_0335_20000000018102982629_000.jpg
3183636250;151759;NA;PSP_EXTRATLEITIMPL_210526_0335_20000000010802965628_000.jpg
3190409979;28210;T111;PSP_EXTRATLEITIMPL_210526_0335_20000000013352956906_000.jpg
3220050318;1035;NA;NA
3204263328;23235;T181;PSP_EXTRATLEITIMPL_210526_0335_20000000003702991055_000.jpg
3242338480;5240;T181;NA
3190193160;191;NA;NA
3190454532;7537;NA;NA
3190388793;14532;NA;PSP_EXTRATLEITIMPL_210526_0335_20000000007402979263_000.jpg
3190379360;76111;NA;PSP_EXTRATLEITIMPL_210526_0335_20000000005602962392_000.jpg
3220244007;25890;T181;PSP_EXTRATLEITIMPL_210526_0335_20000000013652979163_000.jpg
3211524617;153385;NA;PSP_EXTRATLEITIMPL_210526_0335_20000000006952972866_000.jpg
3190283878;3;P111;PSP_EXTRATLEITIMPL_210526_0335_20000000016852993401_000.jpg
3200441809;35580;T181;PSP_EXTRATLEITIMPL_210526_0335_20000000005252998755_000.jpg
3211494246;0;NA;NA
3180533701;4155;NA;NA
3190009768;2728;NA;PSP_EXTRATLEITIMPL_210526_0335_20000000019852972794_000.jpg
3211169620;10208;T181;PSP_EXTRATLEITIMPL_210526_0335_20000000009702971002_000.jpg
3191018825;71397;NA;PSP_EXTRATLEITIMPL_210526_0335_20000000001452980813_000.jpg
3194020669;202394;T181;PSP_EXTRATLEITIMPL_210526_0335_20000000002702965952_000.jpg
3152252470;0;NA;NA
3220348570;21528;T181;PSP_EXTRATLEITIMPL_210526_0335_20000000010352963926_000.jpg
3242292730;2;P111;PSP_EXTRATLEITIMPL_210526_0335_20000000011102957830_000.jpg
3191037404;25596;NA;PSP_EXTRATLEITIMPL_210526_0335_20000000010652945965_000.jpg
3182262322;4548;NA;PSP_EXTRATLEITIMPL_210526_0335_20000000017153001093_000.jpg
3231005454;8403;T181;NA
3190619469;6522;NA;PSP_EXTRATLEITIMPL_210526_0335_20000000015502960848_000.jpg
3182394407;6843;NA;PSP_EXTRATLEITIMPL_210526_0335_20000000001002961726_000.jpg
3244189791/3245179315/3244189791/3211548192;35380;NA;NA
3192166828;11100;NA;NA
3191058851;24643;NA;PSP_EXTRATLEITIMPL_210526_0335_20000000015952973197_000.jpg
3245073630/3245179668/3245073630/3191059963;60279;NA;NA
3244285022/3202427153;4637;T181;PSP_EXTRATLEITIMPL_210526_0335_20000000016703002277_000.jpg
3241554502;14892;T181;PSP_EXTRATLEITIMPL_210526_0335_20000000011452961799_000.jpg
3244729192;8678;NA;NA
6251491745/3192251035;438;T181;PSP_EXTRATLEITIMPL_210526_0335_20000000007302967779_000.jpg
3201064111;180508;NA;PSP_EXTRATLEITIMPL_210526_0335_20000000015202961933_000.jpg
3223321185;775600;T181;PSP_EXTRATLEITIMPL_210526_0335_20000000009302979046_000.jpg
3183067019;46272;NA;PSP_EXTRATLEITIMPL_210526_0335_20000000019752962939_000.jpg
5257237500/3182609365;1;NA;PSP_EXTRATLEITIMPL_210526_0335_20000000004052979943_000.jpg
3191754572;13101;NA;PSP_EXTRATLEITIMPL_210526_0335_20000000010952976000_000.jpg
6250639099/3231746608;11936;NA;NA
3190721565;1832;P111;PSP_EXTRATLEITIMPL_210526_0335_20000000015152961964_000.jpg
3191079298;38267;NA;PSP_EXTRATLEITIMPL_210526_0335_20000000004402980542_000.jpg
3204607507;21673;T181;PSP_EXTRATLEITIMPL_210526_0335_20000000014402972176_000.jpg
3183520279;1471;NA;PSP_EXTRATLEITIMPL_210526_0335_20000000005702988088_000.jpg
3191063987;4700;NA;PSP_EXTRATLEITIMPL_210526_0335_20000000016202957882_000.jpg
5257434259/3190174459;2002;T181;PSP_EXTRATLEITIMPL_210526_0335_20000000017452989057_000.jpg
3180661025;91019;NA;NA
3191249924;10931;NA;PSP_EXTRATLEITIMPL_210526_0335_20000000019952989179_000.jpg
3211284640;38967;T181;PSP_EXTRATLEITIMPL_210526_0335_20000000015952964744_000.jpg
3152961870;21975;NA;PSP_EXTRATLEITIMPL_210526_0335_20000000017552976995_000.jpg
3190792020;15529;NA;PSP_EXTRATLEITIMPL_210526_0335_20000000003952965832_000.jpg
3201945924;1775;NA;PSP_EXTRATLEITIMPL_210526_0335_20000000003552986375_000.jpg
3223281434;6545;T181;PSP_EXTRATLEITIMPL_210526_0335_20000000017652984792_000.jpg
5257806350/3191959751;865;NA;PSP_EXTRATLEITIMPL_210526_0335_20000000011802969928_000.jpg
3191859684;27;NA;PSP_EXTRATLEITIMPL_210526_0335_20000000018302981381_000.jpg
3192180324;158191;T111;PSP_EXTRATLEITIMPL_210526_0335_20000000012102976612_000.jpg
3140624356;28294;NA;PSP_EXTRATLEITIMPL_210526_0335_20000000015452951974_000.jpg
3190208370;1588;NA;PSP_EXTRATLEITIMPL_210526_0335_20000000001902983604_000.jpg
3180433146;7201;NA;PSP_EXTRATLEITIMPL_210526_0335_20000000014652964882_000.jpg
3191845420;1356;NA;PSP_EXTRATLEITIMPL_210526_0335_20000000016652999097_000.jpg
3231115942;32063;T181;PSP_EXTRATLEITIMPL_210526_0335_20000000017852998002_000.jpg
3192680661;1140;NA;PSP_EXTRATLEITIMPL_210526_0335_20000000004302992096_000.jpg
3192898403;6042;NA;NA
3193220508;6701;NA;PSP_EXTRATLEITIMPL_210526_0335_20000000016152967578_000.jpg
3192552426;10284;NA;PSP_EXTRATLEITIMPL_210526_0335_20000000009052972180_000.jpg
3193265064;20226;NA;PSP_EXTRATLEITIMPL_210526_0335_20000000001152957866_000.jpg
3190848875;9451;NA;PSP_EXTRATLEITIMPL_210526_0335_20000000009702970155_000.jpg
3223213846;119;T111;PSP_EXTRATLEITIMPL_210526_0335_20000000018752968850_000.jpg
3193238954;216014;NA;PSP_EXTRATLEITIMPL_210526_0335_20000000008152959908_000.jpg
3193238962;190252;NA;PSP_EXTRATLEITIMPL_210526_0335_20000000008752953951_000.jpg
3223359735;16737;T181;PSP_EXTRATLEITIMPL_210526_0335_20000000003052968946_000.jpg
3181695454;130785;NA;PSP_EXTRATLEITIMPL_210526_0335_20000000000802957924_000.jpg
3193764621;936;T181;PSP_EXTRATLEITIMPL_210526_0335_20000000016002950912_000.jpg
6250638157/3193399303;46933;NA;PSP_EXTRATLEITIMPL_210526_0335_20000000016352948945_000.jpg
3192166739;32353;NA;PSP_EXTRATLEITIMPL_210526_0335_20000000010202982053_000.jpg
3193240452;893371;NA;NA
3193262588;27525;NA;PSP_EXTRATLEITIMPL_210526_0335_20000000016703007041_000.jpg
3245170024/3193228886;165688;NA;PSP_EXTRATLEITIMPL_210526_0335_20000000014002960777_000.jpg
3192768747;0;T111;PSP_EXTRATLEITIMPL_210526_0335_20000000016752978737_000.jpg
3151134210;4199;NA;PSP_EXTRATLEITIMPL_210526_0335_20000000016352975427_000.jpg
3192410141;12102;NA;NA
3193422933;12745;NA;PSP_EXTRATLEITIMPL_210526_0335_20000000002202985020_000.jpg
3193284034;101878;NA;PSP_EXTRATLEITIMPL_210526_0335_20000000014452958841_000.jpg
6251611147/3192834782;200526;NA;PSP_EXTRATLEITIMPL_210526_0335_20000000000002966946_000.jpg
3193280314;50292;NA;PSP_EXTRATLEITIMPL_210526_0335_20000000001102947982_000.jpg
3192056062;15207;NA;NA
3193410374;33694;NA;PSP_EXTRATLEITIMPL_210526_0335_20000000014502968629_000.jpg
3200534050;5873;NA;PSP_EXTRATLEITIMPL_210526_0335_20000000008302976526_000.jpg
3192156849;8300;NA;PSP_EXTRATLEITIMPL_210526_0335_20000000018952975770_000.jpg
3212726809;14116;T181;PSP_EXTRATLEITIMPL_210526_0335_20000000011052957883_000.jpg
3244234134/3200101439;4363;T181;PSP_EXTRATLEITIMPL_210526_0335_20000000010302958960_000.jpg
3200404300;17445;NA;PSP_EXTRATLEITIMPL_210526_0335_20000000003552986376_000.jpg
3193303535;11822;NA;PSP_EXTRATLEITIMPL_210526_0335_20000000019752964945_000.jpg
3200250108;4601;NA;NA
3212730474;36667;T181;NA
3193954862;29205;NA;PSP_EXTRATLEITIMPL_210526_0335_20000000019652972877_000.jpg
3200549570;1538;NA;PSP_EXTRATLEITIMPL_210526_0335_20000000013602956890_000.jpg
3193406687;4779;NA;PSP_EXTRATLEITIMPL_210526_0335_20000000004703007187_000.jpg
3193951600;14008;NA;PSP_EXTRATLEITIMPL_210526_0335_20000000007352990003_000.jpg
3211161859;21002;T181;PSP_EXTRATLEITIMPL_210526_0335_20000000014652977277_000.jpg
3200849930;7749;NA;PSP_EXTRATLEITIMPL_210526_0335_20000000000652955931_000.jpg
3200822489;5853;NA;PSP_EXTRATLEITIMPL_210526_0335_20000000001552992069_000.jpg
3220278750;43000;T181;PSP_EXTRATLEITIMPL_210526_0335_20000000018652996381_000.jpg
3200896822;112;NA;PSP_EXTRATLEITIMPL_210526_0335_20000000000852967570_000.jpg
3245115333/3192443074;5805;T181;PSP_EXTRATLEITIMPL_210526_0335_20000000007102982185_000.jpg
3203419529;25639;NA;PSP_EXTRATLEITIMPL_210526_0335_20000000017402974970_000.jpg
3241054119;17273;T181;PSP_EXTRATLEITIMPL_210526_0335_20000000012152970274_000.jpg
3202518361;2950;NA;PSP_EXTRATLEITIMPL_210526_0335_20000000003852985171_000.jpg
3201674785;5539;NA;PSP_EXTRATLEITIMPL_210526_0335_20000000005702985295_000.jpg
3211123159;21154;T181;PSP_EXTRATLEITIMPL_210526_0335_20000000002702976823_000.jpg
3244273253;4760;T181;PSP_EXTRATLEITIMPL_210526_0335_20000000004402980544_000.jpg
3201627477;59172;NA;PSP_EXTRATLEITIMPL_210526_0335_20000000016552969665_000.jpg
3203582489;3844;NA;PSP_EXTRATLEITIMPL_210526_0335_20000000002052988808_002.jpg
5256983186/3202298825;4206;NA;PSP_EXTRATLEITIMPL_210526_0335_20000000013752980010_000.jpg
3201481340;91962;NA;PSP_EXTRATLEITIMPL_210526_0335_20000000014302977178_000.jpg
3202808920;0;P111;PSP_EXTRATLEITIMPL_210526_0335_20000000018652977953_000.jpg
3225014530;1392;P111;PSP_EXTRATLEITIMPL_210526_0335_20000000006402957985_000.jpg
3201653974;65241;NA;PSP_EXTRATLEITIMPL_210526_0335_20000000003752979041_000.jpg
3211569858;3663;NA;PSP_EXTRATLEITIMPL_210526_0335_20000000008202976385_000.jpg
3201632187;120365;NA;PSP_EXTRATLEITIMPL_210526_0335_20000000007452977474_000.jpg
6250630377/3230080444;7580;T181;PSP_EXTRATLEITIMPL_210526_0335_20000000013952943978_000.jpg
3203908422;14452;T181;PSP_EXTRATLEITIMPL_210526_0335_20000000019852971845_000.jpg
3200420925;603;T181;PSP_EXTRATLEITIMPL_210526_0335_20000000013052959854_001.jpg
5256659451/3241481564;1693;NA;PSP_EXTRATLEITIMPL_210526_0335_20000000003902959925_000.jpg
3202971708;38992;NA;PSP_EXTRATLEITIMPL_210526_0335_20000000012902978013_000.jpg
3204915660;3301;NA;PSP_EXTRATLEITIMPL_210526_0335_20000000007852977604_000.jpg
3203023609;2195;NA;PSP_EXTRATLEITIMPL_210526_0335_20000000003552976892_000.jpg
3204408750;11472;NA;PSP_EXTRATLEITIMPL_210526_0335_20000000015752964683_000.jpg
3205650724;19;M141;NA
3205667430;3958;NA;PSP_EXTRATLEITIMPL_210526_0335_20000000012702966758_000.jpg
6251136660/3212323160;0;T161;PSP_EXTRATLEITIMPL_210526_0335_20000000001702973552_000.jpg
3204893755;4583;NA;PSP_EXTRATLEITIMPL_210526_0335_20000000014652955973_000.jpg
3204872677;9030;NA;PSP_EXTRATLEITIMPL_210526_0335_20000000004102966894_000.jpg
3211429371;1;NA;NA
3210786464;1650;B111;PSP_EXTRATLEITIMPL_210526_0335_20000000015452951976_000.jpg
5257738932;244;NA;PSP_EXTRATLEITIMPL_210526_0335_20000000018752984174_000.jpg
3223308570;8144;T181;PSP_EXTRATLEITIMPL_210526_0335_20000000002652987571_000.jpg
3212348103;25283;NA;NA
3201598167;15429;NA;PSP_EXTRATLEITIMPL_210526_0335_20000000007102965885_000.jpg
3212380988;61750;NA;PSP_EXTRATLEITIMPL_210526_0335_20000000004002978374_000.jpg
3201503875;63075;NA;PSP_EXTRATLEITIMPL_210526_0335_20000000016802976926_000.jpg
3210421296;0;NA;PSP_EXTRATLEITIMPL_210526_0335_20000000003052977803_000.jpg
3212386757;6512;NA;PSP_EXTRATLEITIMPL_210526_0335_20000000015552949860_000.jpg
3210482023;18803;NA;PSP_EXTRATLEITIMPL_210526_0335_20000000013452968865_000.jpg
3210733271;5203;NA;PSP_EXTRATLEITIMPL_210526_0335_20000000018802973529_000.jpg
3242310534;6774;T181;PSP_EXTRATLEITIMPL_210526_0335_20000000015052944848_000.jpg
3213652310;92439;NA;PSP_EXTRATLEITIMPL_210526_0335_20000000001552978822_000.jpg
3221834835;303094;NA;PSP_EXTRATLEITIMPL_210526_0335_20000000017402994437_000.jpg
6251169681;0;T161;PSP_EXTRATLEITIMPL_210526_0335_20000000010952970387_000.jpg
3212939853;12706;NA;PSP_EXTRATLEITIMPL_210526_0335_20000000002652988419_000.jpg
3233024162;1531;NA;PSP_EXTRATLEITIMPL_210526_0335_20000000011552975433_000.jpg
3210893821;5825;NA;NA
3212911010;34721;NA;PSP_EXTRATLEITIMPL_210526_0335_20000000004252998417_000.jpg
3220440280;19125;NA;PSP_EXTRATLEITIMPL_210526_0335_20000000006502979895_000.jpg
3242657224/3212599076;76073;NA;PSP_EXTRATLEITIMPL_210526_0335_20000000001352970979_000.jpg
3200436767;19466;T181;PSP_EXTRATLEITIMPL_210526_0335_20000000010552965825_000.jpg
3245186621/3213282980;4121;T181;PSP_EXTRATLEITIMPL_210526_0335_20000000018652999205_000.jpg
6251501783/3213143998;301;NA;PSP_EXTRATLEITIMPL_210526_0335_20000000008652970928_000.jpg
3213557490;22272;NA;PSP_EXTRATLEITIMPL_210526_0335_20000000008752953954_000.jpg
3192339315;0;NA;NA
3214292539;36021;T181;PSP_EXTRATLEITIMPL_210526_0335_20000000014602980576_000.jpg
3211534604;446819;NA;PSP_EXTRATLEITIMPL_210526_0335_20000000015002963564_000.jpg
3213685391;10724;NA;PSP_EXTRATLEITIMPL_210526_0335_20000000014002965553_000.jpg
3245113012/3212640645;16122;T181;PSP_EXTRATLEITIMPL_210526_0335_20000000016502964466_000.jpg
3242718142;6504;NA;PSP_EXTRATLEITIMPL_210526_0335_20000000002802982684_000.jpg
3213832440;1062;L131;PSP_EXTRATLEITIMPL_210526_0335_20000000019052988033_000.jpg
3213226206;12340;NA;NA
3221927299;4229;NA;NA
3223404471;22375;T181;PSP_EXTRATLEITIMPL_210526_0335_20000000014102940904_000.jpg
3222735350;16314;T181;PSP_EXTRATLEITIMPL_210526_0335_20000000002852986134_000.jpg
3222135353;116;P111;PSP_EXTRATLEITIMPL_210526_0335_20000000010502971605_000.jpg
3241052604;8461;NA;NA
3212309914;399778;T181;PSP_EXTRATLEITIMPL_210526_0335_20000000013702971629_000.jpg
3243426285;26499;NA;NA
3221655280;915;NA;NA
5256220220/3220384321;8798;T181;PSP_EXTRATLEITIMPL_210526_0335_20000000018402975689_000.jpg
3220258342;27115;T181;NA
3222621029;20594;NA;NA
3222772531;11125;NA;PSP_EXTRATLEITIMPL_210526_0335_20000000019152976818_000.jpg
3224389921;5533;NA;NA
3221764659;638;NA;PSP_EXTRATLEITIMPL_210526_0335_20000000001152952980_000.jpg
3212525226;21730;NA;PSP_EXTRATLEITIMPL_210526_0335_20000000005052996538_000.jpg
3241171433/3223233987;0;T161;NA
3212525013;208;NA;PSP_EXTRATLEITIMPL_210526_0335_20000000006202978494_000.jpg
3241600903;14498;NA;PSP_EXTRATLEITIMPL_210526_0335_20000000006402965902_000.jpg
3242359312;7660;T181;PSP_EXTRATLEITIMPL_210526_0335_20000000000752957918_000.jpg
3223160610;8968;NA;PSP_EXTRATLEITIMPL_210526_0335_20000000015002954879_000.jpg
3230074070;7200;NA;PSP_EXTRATLEITIMPL_210526_0335_20000000003253005080_001.jpg
3223919366;709;P111;PSP_EXTRATLEITIMPL_210526_0335_20000000016002967455_000.jpg
3230074053;92197;NA;PSP_EXTRATLEITIMPL_210526_0335_20000000009802960801_000.jpg
3220429694;11356;NA;PSP_EXTRATLEITIMPL_210526_0335_20000000003802985493_000.jpg
3230974402;15655;T181;PSP_EXTRATLEITIMPL_210526_0335_20000000007152986341_000.jpg
3222712091;6478;NA;PSP_EXTRATLEITIMPL_210526_0335_20000000001502974785_000.jpg
3223131106;351;NA;PSP_EXTRATLEITIMPL_210526_0335_20000000017602980156_000.jpg
3225231850;14;P111;PSP_EXTRATLEITIMPL_210526_0335_20000000000502950910_000.jpg
3230122775;7234;NA;PSP_EXTRATLEITIMPL_210526_0335_20000000004603011399_000.jpg
3225247128;734;NA;PSP_EXTRATLEITIMPL_210526_0335_20000000013552951911_000.jpg
5256891192/5256975108/5256891192/3222720108;5676;NA;NA
3231043470;16655;T181;PSP_EXTRATLEITIMPL_210526_0335_20000000007902964954_000.jpg
3245077326/3245180020/3245077326/3230057426;37226;NA;NA
3230138442;8475;NA;PSP_EXTRATLEITIMPL_210526_0335_20000000013352956908_000.jpg
3230141060;6698;NA;PSP_EXTRATLEITIMPL_210526_0335_20000000005702975764_000.jpg
3224053230;39542;NA;NA
3225130182;15921;NA;PSP_EXTRATLEITIMPL_210526_0335_20000000008852953981_000.jpg
3225656710;13187;NA;NA
3230401313;239;T181;PSP_EXTRATLEITIMPL_210526_0335_20000000019102973802_000.jpg
3225323681;939;NA;PSP_EXTRATLEITIMPL_210526_0335_20000000001852981693_000.jpg
3230067740;40975;NA;PSP_EXTRATLEITIMPL_210526_0335_20000000006952963943_000.jpg
3225940036;479;NA;PSP_EXTRATLEITIMPL_210526_0335_20000000013652955890_000.jpg
3230414610;22620;NA;PSP_EXTRATLEITIMPL_210526_0335_20000000018902993015_000.jpg
3223298949;18910;T181;PSP_EXTRATLEITIMPL_210526_0335_20000000002202983144_000.jpg
3245073860/3245178122/3245073860/3230044049;64192;NA;NA
3225929008;2067;NA;NA
3226161243;3159;NA;PSP_EXTRATLEITIMPL_210526_0335_20000000008252970179_000.jpg
3230075254;9076;NA;PSP_EXTRATLEITIMPL_210526_0335_20000000017452984381_000.jpg
3225294479;48;NA;NA
3225882257;18162;NA;NA
3231099300;42799;T181;PSP_EXTRATLEITIMPL_210526_0335_20000000006252991253_000.jpg
3225894441;20542;NA;PSP_EXTRATLEITIMPL_210526_0335_20000000002352980486_000.jpg
3242664433/3231469361;26229;NA;NA
3242970631/3225564433;8569;NA;PSP_EXTRATLEITIMPL_210526_0335_20000000005103001413_000.jpg
5256517282/3230879515;6425;T181;PSP_EXTRATLEITIMPL_210526_0335_20000000019952984632_000.jpg
3223324648;11191;T181;PSP_EXTRATLEITIMPL_210526_0335_20000000017253002012_000.jpg
3230082064;0;NA;PSP_EXTRATLEITIMPL_210526_0335_20000000018052964812_000.jpg
3224248260;5522;NA;PSP_EXTRATLEITIMPL_210526_0335_20000000007402977439_000.jpg
3220282090;50886;T181;PSP_EXTRATLEITIMPL_210526_0335_20000000002102968882_000.jpg
3221074016;3054;NA;PSP_EXTRATLEITIMPL_210526_0335_20000000004902980633_000.jpg
3223279642;15322;NA;PSP_EXTRATLEITIMPL_210526_0335_20000000008052971541_000.jpg
3232180780;1729;NA;NA
3224689100;3022;NA;NA
3232940769;27276;NA;PSP_EXTRATLEITIMPL_210526_0335_20000000016152975164_000.jpg
5250002922/3233170959;53;P111;NA
3231920071;13;NA;PSP_EXTRATLEITIMPL_210526_0335_20000000002802978818_001.jpg
3223433161;527;NA;PSP_EXTRATLEITIMPL_210526_0335_20000000019252992021_001.jpg
3242696351;43434;NA;PSP_EXTRATLEITIMPL_210526_0335_20000000017752987546_000.jpg
3232941129;3997;NA;PSP_EXTRATLEITIMPL_210526_0335_20000000008302983184_000.jpg
3233481040;81692;NA;NA
3241053368;16785;T181;PSP_EXTRATLEITIMPL_210526_0335_20000000014252967407_000.jpg
3232970323;109490;NA;PSP_EXTRATLEITIMPL_210526_0335_20000000013352970438_000.jpg
6252223051/3232337760;0;T161;PSP_EXTRATLEITIMPL_210526_0335_20000000003652988473_001.jpg
3232969090;41379;NA;PSP_EXTRATLEITIMPL_210526_0335_20000000014052986015_000.jpg
3230052726;110461;NA;PSP_EXTRATLEITIMPL_210526_0335_20000000003902966890_000.jpg
3242472380;130315;NA;PSP_EXTRATLEITIMPL_210526_0335_20000000002102971831_000.jpg
5260090510/3241791482;84;NA;PSP_EXTRATLEITIMPL_210526_0335_20000000016502966412_000.jpg
3241789771;14674;NA;PSP_EXTRATLEITIMPL_210526_0335_20000000008002974268_000.jpg
3232937075;70916;NA;PSP_EXTRATLEITIMPL_210526_0335_20000000012652980176_000.jpg
3243681650/3241668737;716;NA;PSP_EXTRATLEITIMPL_210526_0335_20000000017102974860_000.jpg
3233456127;9050;NA;PSP_EXTRATLEITIMPL_210526_0335_20000000017702984802_000.jpg
3233461864;57426;NA;PSP_EXTRATLEITIMPL_210526_0335_20000000017802998145_000.jpg
3241203793;186920;NA;NA
3232484364;29679;NA;PSP_EXTRATLEITIMPL_210526_0335_20000000019102980582_000.jpg
3241829005;295;B111;PSP_EXTRATLEITIMPL_210526_0335_20000000015002968316_000.jpg
3201575361;13880;NA;PSP_EXTRATLEITIMPL_210526_0335_20000000017253001033_000.jpg
3231720048;11;NA;PSP_EXTRATLEITIMPL_210526_0335_20000000019352990593_000.jpg
3232121210;2120;NA;PSP_EXTRATLEITIMPL_210526_0335_20000000005452972686_000.jpg
3214117320;0;NA;NA
3241342254;581;NA;PSP_EXTRATLEITIMPL_210526_0335_20000000019152962971_000.jpg
3241424161;622;NA;PSP_EXTRATLEITIMPL_210526_0335_20000000012802971691_000.jpg
3241408514;446;NA;NA
3231997058;1679;NA;PSP_EXTRATLEITIMPL_210526_0335_20000000013252959814_000.jpg
3241257303;514;NA;PSP_EXTRATLEITIMPL_210526_0335_20000000011002978443_000.jpg
6251381672/3230648149;271;NA;NA
3244325490;8682;NA;PSP_EXTRATLEITIMPL_210526_0335_20000000005502979818_000.jpg
3223325601;25229;T181;PSP_EXTRATLEITIMPL_210526_0335_20000000016852988615_000.jpg
3245153448/3231959300;0;P111;PSP_EXTRATLEITIMPL_210526_0335_20000000005752961899_000.jpg
3242521900;4708;T181;PSP_EXTRATLEITIMPL_210526_0335_20000000007502979416_000.jpg
3242098730;1212;NA;PSP_EXTRATLEITIMPL_210526_0335_20000000001552979767_000.jpg
3242530798;39499;T181;PSP_EXTRATLEITIMPL_210526_0335_20000000007602981167_000.jpg
3241080730;15201;NA;PSP_EXTRATLEITIMPL_210526_0335_20000000013002940915_000.jpg
3225680875;3746;NA;NA
3233411999;0;NA;PSP_EXTRATLEITIMPL_210526_0335_20000000013052976146_000.jpg
3242697234;5591;NA;PSP_EXTRATLEITIMPL_210526_0335_20000000016602999454_000.jpg
3233033846;55;NA;PSP_EXTRATLEITIMPL_210526_0335_20000000014802983360_000.jpg
3243175525;173;NA;PSP_EXTRATLEITIMPL_210526_0335_20000000006852981889_000.jpg
3244775585;982;NA;PSP_EXTRATLEITIMPL_210526_0335_20000000008752966711_000.jpg
6251031671/3243002906;0;T181;PSP_EXTRATLEITIMPL_210526_0335_20000000010652964516_000.jpg
3242641166;6097;NA;PSP_EXTRATLEITIMPL_210526_0335_20000000005153005191_000.jpg
3243103141;1577;NA;NA
3244726924;588;NA;PSP_EXTRATLEITIMPL_210526_0335_20000000018952979573_000.jpg
3244778517;2031;NA;PSP_EXTRATLEITIMPL_210526_0335_20000000004202995274_000.jpg
3243182246;1502;NA;PSP_EXTRATLEITIMPL_210526_0335_20000000005103008121_000.jpg
3243099632;8216;NA;PSP_EXTRATLEITIMPL_210526_0335_20000000011352966021_000.jpg
3244426041;687;NA;PSP_EXTRATLEITIMPL_210526_0335_20000000002802979783_000.jpg
3244457435;225;L101;PSP_EXTRATLEITIMPL_210526_0335_20000000010552978310_000.jpg
5257089861/5256571619/3244173291;1889;T181;PSP_EXTRATLEITIMPL_210526_0335_20000000017452980602_000.jpg
3244399001;3759;NA;PSP_EXTRATLEITIMPL_210526_0335_20000000006002966934_000.jpg
3243517094;2654;NA;PSP_EXTRATLEITIMPL_210526_0335_20000000008352976882_000.jpg
5257609210/3245355792;54;NA;PSP_EXTRATLEITIMPL_210526_0335_20000000016252969594_000.jpg
3245025830;73;NA;PSP_EXTRATLEITIMPL_210526_0335_20000000006152973893_000.jpg
5256940460/3242416766;6708;T181;PSP_EXTRATLEITIMPL_210526_0335_20000000012752967481_000.jpg
5250087758;19433;NA;PSP_EXTRATLEITIMPL_210526_0335_20000000004152991245_000.jpg
3242412361;7981;NA;PSP_EXTRATLEITIMPL_210526_0335_00000000000211756770_000.jpg
5250100380;926;NA;PSP_EXTRATLEITIMPL_210526_0335_20000000008352982658_000.jpg
3243528002;5457;NA;PSP_EXTRATLEITIMPL_210526_0335_20000000016602994674_000.jpg
3243801779;4499;NA;PSP_EXTRATLEITIMPL_210526_0335_20000000003352959856_000.jpg
3243636565;284;NA;PSP_EXTRATLEITIMPL_210526_0335_20000000003253008014_000.jpg
3243540983;4197;NA;PSP_EXTRATLEITIMPL_210526_0335_20000000008252948877_000.jpg
3244683940;65906;NA;PSP_EXTRATLEITIMPL_210526_0335_20000000008802953954_000.jpg
3244574474;4109;NA;NA
6251182254/3244089320;834;NA;PSP_EXTRATLEITIMPL_210526_0335_20000000005652980305_000.jpg
3242646990;7412;NA;PSP_EXTRATLEITIMPL_210526_0335_20000000018102989385_000.jpg
3242667050;8761;T161;PSP_EXTRATLEITIMPL_210526_0335_20000000003552983656_001.jpg
3244350118;24986;NA;PSP_EXTRATLEITIMPL_210526_0335_20000000015552947905_000.jpg
3150026449;15;NA;NA
3245107330;1812;T181;PSP_EXTRATLEITIMPL_210526_0335_20000000007902970769_000.jpg
3244904580;63;P111;PSP_EXTRATLEITIMPL_210526_0335_20000000019602981372_000.jpg
3242415166;1743;NA;PSP_EXTRATLEITIMPL_210526_0335_20000000012502975805_000.jpg
5256865124;77015;NA;PSP_EXTRATLEITIMPL_210526_0335_20000000013852965907_000.jpg
3242427423;31137;NA;PSP_EXTRATLEITIMPL_210526_0335_20000000000152980005_000.jpg
5256833320;679;NA;PSP_EXTRATLEITIMPL_210526_0335_20000000019852961976_000.jpg
5256670056;19955;P111;PSP_EXTRATLEITIMPL_210526_0335_20000000017802991545_000.jpg
5257953884;177;P111;PSP_EXTRATLEITIMPL_210526_0335_20000000016252962778_000.jpg
5256641277;312;NA;NA
5257850945;99999;NA;PSP_EXTRATLEITIMPL_210526_0335_20000000011002973614_000.jpg
5259102709;17989;T181;PSP_EXTRATLEITIMPL_210526_0335_20000000014052965922_000.jpg
3242426060;73;NA;PSP_EXTRATLEITIMPL_210526_0335_20000000003452969824_000.jpg
5257263322;1741;NA;PSP_EXTRATLEITIMPL_210526_0335_20000000014352953642_000.jpg
5257857958;1;T181;PSP_EXTRATLEITIMPL_210526_0335_20000000002802992175_000.jpg
5257278818;3;P111;PSP_EXTRATLEITIMPL_210526_0335_20000000012702973512_000.jpg
5257571361;64;NA;PSP_EXTRATLEITIMPL_210526_0335_20000000005502982691_000.jpg
5257994190;0;T161;PSP_EXTRATLEITIMPL_210526_0335_20000000006852995450_001.jpg
5257359150;128;R111;PSP_EXTRATLEITIMPL_210526_0335_20000000007252963960_000.jpg
6251192195;5532;NA;PSP_EXTRATLEITIMPL_210526_0335_20000000016302958915_000.jpg
5257503161;99999;NA;PSP_EXTRATLEITIMPL_210526_0335_20000000000502969225_000.jpg
5257533788;99999;NA;PSP_EXTRATLEITIMPL_210526_0335_20000000017003004238_000.jpg
5260154232;7464;L101;PSP_EXTRATLEITIMPL_210526_0335_20000000005452982174_000.jpg
5257812636;99999;NA;PSP_EXTRATLEITIMPL_210526_0335_20000000011152965773_000.jpg
3222480808;51611;T181;PSP_EXTRATLEITIMPL_210526_0335_20000000011802988166_000.jpg
3193472280;227133;NA;PSP_EXTRATLEITIMPL_210526_0335_20000000005452959941_000.jpg
3193292975;5536;NA;PSP_EXTRATLEITIMPL_210526_0335_20000000000752971379_000.jpg
3192204827;67745;NA;PSP_EXTRATLEITIMPL_210526_0335_20000000007052995002_000.jpg
6251413850/3203569725;5357;NA;PSP_EXTRATLEITIMPL_210526_0335_20000000013102983291_000.jpg
3241106658;15562;NA;PSP_EXTRATLEITIMPL_210526_0335_20000000017402984843_000.jpg
3220289310;15251;T181;PSP_EXTRATLEITIMPL_210526_0335_20000000018502962981_000.jpg
3203914996;169424;T181;PSP_EXTRATLEITIMPL_210526_0335_20000000011352960358_000.jpg
3201519518;4629;NA;NA
6251171783/3225118050;445;NA;PSP_EXTRATLEITIMPL_210526_0335_20000000009852970897_000.jpg
3242496352;6438;T181;PSP_EXTRATLEITIMPL_210526_0335_20000000009952961558_000.jpg
3202562700;1211;NA;PSP_EXTRATLEITIMPL_210526_0335_00000000000211752004_000.jpg
3201742330;52149;NA;PSP_EXTRATLEITIMPL_210526_0335_20000000018302983307_000.jpg
3222170701;2437;NA;PSP_EXTRATLEITIMPL_210526_0335_20000000006452970933_000.jpg
3201618923;54276;NA;PSP_EXTRATLEITIMPL_210526_0335_20000000008002946980_000.jpg
3212733589;57156;T181;PSP_EXTRATLEITIMPL_210526_0335_20000000004753002163_000.jpg
3194018648;98474;NA;PSP_EXTRATLEITIMPL_210526_0335_20000000019903003004_000.jpg
3204008948;139;P111;NA
3204674514;16455;NA;PSP_EXTRATLEITIMPL_210526_0335_20000000000352965984_000.jpg
3201623293;241102;NA;PSP_EXTRATLEITIMPL_210526_0335_20000000012802958895_000.jpg
3201640767;5275;L131;PSP_EXTRATLEITIMPL_210526_0335_20000000017252996061_000.jpg
3204786126;4440;NA;PSP_EXTRATLEITIMPL_210526_0335_20000000011202975621_000.jpg
3244348989/3201518660;25406;NA;PSP_EXTRATLEITIMPL_210526_0335_20000000005752969695_000.jpg
3203792998;22074;T181;PSP_EXTRATLEITIMPL_210526_0335_20000000019752965909_000.jpg
3241638480;8440;T181;PSP_EXTRATLEITIMPL_210526_0335_20000000004652998035_000.jpg
3212730458;354836;T181;PSP_EXTRATLEITIMPL_210526_0335_20000000013702975262_000.jpg
3205291759;40675;NA;PSP_EXTRATLEITIMPL_210526_0335_20000000015752953908_000.jpg
3244277356/3204295432;5615;T181;NA
3222737620;80939;T181;PSP_EXTRATLEITIMPL_210526_0335_20000000011052948926_000.jpg
3222705370;211851;NA;PSP_EXTRATLEITIMPL_210526_0335_20000000017002982996_000.jpg
3224675193;67;NA;NA
3211427654;3;NA;NA
3233487170;147880;T111;PSP_EXTRATLEITIMPL_210526_0335_20000000012702969720_000.jpg
3211318103;0;NA;NA
3242511483;44628;T181;PSP_EXTRATLEITIMPL_210526_0335_20000000007902968917_000.jpg
3243264137;32381;NA;NA
5257843892/3205188699;518;L131;PSP_EXTRATLEITIMPL_210526_0335_20000000015052961507_000.jpg
3203893298;1794;NA;NA
3211597398;32680;NA;PSP_EXTRATLEITIMPL_210526_0335_20000000008502959671_000.jpg
3212371067;38855;NA;PSP_EXTRATLEITIMPL_210526_0335_20000000017152985912_000.jpg
6252129926/3211899050;499;T181;PSP_EXTRATLEITIMPL_210526_0335_20000000011752975151_000.jpg
3244333965;19097;NA;PSP_EXTRATLEITIMPL_210526_0335_20000000010352952969_000.jpg
3212171777;7410;NA;PSP_EXTRATLEITIMPL_210526_0335_20000000013702978069_000.jpg
3212365857;61652;NA;PSP_EXTRATLEITIMPL_210526_0335_20000000011602961708_000.jpg
3212503648;137153;NA;PSP_EXTRATLEITIMPL_210526_0335_20000000010402963421_000.jpg
3211872844;4782;NA;PSP_EXTRATLEITIMPL_210526_0335_20000000010952949912_000.jpg
3204842956;2001;NA;PSP_EXTRATLEITIMPL_210526_0335_20000000009552949964_000.jpg
5257157573/3244221040;1893;T181;NA
3212940037;8687;NA;PSP_EXTRATLEITIMPL_210526_0335_20000000015852973289_000.jpg
3212939969;13780;NA;PSP_EXTRATLEITIMPL_210526_0335_20000000001803002287_000.jpg
3212939977;12030;NA;PSP_EXTRATLEITIMPL_210526_0335_20000000004152990278_000.jpg
3241754269;5860;NA;PSP_EXTRATLEITIMPL_210526_0335_20000000014952944944_000.jpg
3212516049;15492;NA;NA
3171358557;4853;NA;NA
3231463320;4528;L101;PSP_EXTRATLEITIMPL_210526_0335_20000000011402972778_000.jpg
3214191082;18069;NA;PSP_EXTRATLEITIMPL_210526_0335_20000000000402983396_000.jpg
3212657670;142100;NA;NA
3213901841;6854;NA;PSP_EXTRATLEITIMPL_210526_0335_20000000006102965911_000.jpg
3220401188;17817;NA;PSP_EXTRATLEITIMPL_210526_0335_20000000011252960763_000.jpg
3241204706;1875;T111;PSP_EXTRATLEITIMPL_210526_0335_20000000004752990830_000.jpg
3221972405;6348;NA;PSP_EXTRATLEITIMPL_210526_0335_20000000018952991017_000.jpg
3220684678;20662;NA;PSP_EXTRATLEITIMPL_210526_0335_20000000012502988085_000.jpg
3221971905;1737;L101;PSP_EXTRATLEITIMPL_210526_0335_20000000004402968950_000.jpg
3212942846;34247;NA;PSP_EXTRATLEITIMPL_210526_0335_20000000011552954892_000.jpg
3222154250;19000;NA;PSP_EXTRATLEITIMPL_210526_0335_20000000013852972775_000.jpg
3241088021/3233451087;63055;NA;PSP_EXTRATLEITIMPL_210526_0335_20000000003652980835_000.jpg
3225055431;61499;NA;PSP_EXTRATLEITIMPL_210526_0335_20000000017252982752_000.jpg
6251147661/3220465194;0;T161;PSP_EXTRATLEITIMPL_210526_0335_20000000009552948982_001.jpg
3221685066;21886;NA;PSP_EXTRATLEITIMPL_210526_0335_20000000005802986044_000.jpg
6251151880/3241637564;4885;T181;PSP_EXTRATLEITIMPL_210526_0335_20000000000402986203_000.jpg
3242511203/3212511020;8087;T181;PSP_EXTRATLEITIMPL_210526_0335_20000000003752972515_000.jpg
3224202511;5572;NA;PSP_EXTRATLEITIMPL_210526_0335_20000000007402976530_000.jpg
3222608286;5145;NA;NA
3222582457;15;P111;PSP_EXTRATLEITIMPL_210526_0335_20000000014402948982_000.jpg
3225107318;12487;T181;PSP_EXTRATLEITIMPL_210526_0335_20000000019052973781_000.jpg
3220245984;28060;T181;PSP_EXTRATLEITIMPL_210526_0335_20000000007402967859_000.jpg
3223838463;20805;T181;PSP_EXTRATLEITIMPL_210526_0335_20000000015752957842_000.jpg
3212513317;67161;L131;NA
3212525137;666398;NA;PSP_EXTRATLEITIMPL_210526_0335_20000000018102990292_000.jpg
3224504364;2736;NA;PSP_EXTRATLEITIMPL_210526_0335_20000000016002947872_000.jpg
3214100397;2748;NA;NA
3223558185;2417;NA;PSP_EXTRATLEITIMPL_210526_0335_20000000000352965985_000.jpg
3224441621;22595;NA;NA
3224378970;989;NA;PSP_EXTRATLEITIMPL_210526_0335_20000000007752982511_000.jpg
3223458075;5653;NA;NA
6251500191/3223207137;147;NA;PSP_EXTRATLEITIMPL_210526_0335_20000000005003002048_000.jpg
3223225933;137625;NA;PSP_EXTRATLEITIMPL_210526_0335_20000000008352979790_000.jpg
3224602447;20904;NA;PSP_EXTRATLEITIMPL_210526_0335_20000000016702993671_000.jpg
3224198530;4182;NA;PSP_EXTRATLEITIMPL_210526_0335_20000000004953002657_000.jpg
6250628666/5256779430/3225583772;2712;NA;PSP_EXTRATLEITIMPL_210526_0335_20000000001752986305_000.jpg
3220463671;13342;NA;PSP_EXTRATLEITIMPL_210526_0335_20000000008002974270_001.jpg
3225389798;12385;NA;PSP_EXTRATLEITIMPL_210526_0335_20000000005253006387_000.jpg
3231691250;19;P111;PSP_EXTRATLEITIMPL_210526_0335_20000000000252989406_000.jpg
3220038598;4745;NA;NA
3223246744;36923;NA;PSP_EXTRATLEITIMPL_210526_0335_20000000004603002810_000.jpg
3221284720;381;P111;PSP_EXTRATLEITIMPL_210526_0335_20000000007352976775_000.jpg
3242338854;5880;T181;PSP_EXTRATLEITIMPL_210526_0335_20000000008652993006_000.jpg
3242443534;24302;NA;PSP_EXTRATLEITIMPL_210526_0335_20000000016202965658_000.jpg
3223309703;6363;T181;PSP_EXTRATLEITIMPL_210526_0335_20000000019352996265_000.jpg
3230209153;3513;NA;PSP_EXTRATLEITIMPL_210526_0335_20000000013252969279_000.jpg
3230079110;745;NA;PSP_EXTRATLEITIMPL_210526_0335_20000000011802977731_001.jpg
3242319760;7654;T181;PSP_EXTRATLEITIMPL_210526_0335_20000000002002983863_000.jpg
3242393863;5590;T181;PSP_EXTRATLEITIMPL_210526_0335_20000000001552992074_000.jpg
3224089294;353;NA;PSP_EXTRATLEITIMPL_210526_0335_20000000017952981100_000.jpg
3233266336;4400;M101;PSP_EXTRATLEITIMPL_210526_0335_20000000017802987671_000.jpg
3224137469;220;NA;PSP_EXTRATLEITIMPL_210526_0335_20000000011952946959_000.jpg
3231038816;11070;T181;PSP_EXTRATLEITIMPL_210526_0335_20000000012952939927_000.jpg
3221321633;4741;NA;PSP_EXTRATLEITIMPL_210526_0335_20000000018302985174_000.jpg
3230866707;10511;NA;PSP_EXTRATLEITIMPL_210526_0335_20000000014452954906_000.jpg
3225133246;45659;NA;PSP_EXTRATLEITIMPL_210526_0335_20000000016903004082_000.jpg
3231686516;2;P111;PSP_EXTRATLEITIMPL_210526_0335_20000000014002966514_000.jpg
3245097840/3244344061;10262;T181;PSP_EXTRATLEITIMPL_210526_0335_20000000004952999698_000.jpg
3220282200;92705;NA;PSP_EXTRATLEITIMPL_210526_0335_20000000012952972018_000.jpg
3232967276;20862;NA;PSP_EXTRATLEITIMPL_210526_0335_20000000019803000016_000.jpg
3232923031;10597;NA;PSP_EXTRATLEITIMPL_210526_0335_20000000012952945938_000.jpg
3231095003;72852;T181;PSP_EXTRATLEITIMPL_210526_0335_20000000012702970675_000.jpg
3231778682;196;B111;PSP_EXTRATLEITIMPL_210526_0335_20000000012602965901_000.jpg
3231320678;13;NA;PSP_EXTRATLEITIMPL_210526_0335_20000000018552993067_000.jpg
3231281591;35748;NA;PSP_EXTRATLEITIMPL_210526_0335_20000000013502968713_000.jpg
3230542898;3424;NA;PSP_EXTRATLEITIMPL_210526_0335_20000000004502988162_000.jpg
3230790301;1096;NA;NA
3231381383;3851;NA;NA
3242652397/3231920349;21511;NA;PSP_EXTRATLEITIMPL_210526_0335_20000000012452968285_000.jpg
3230537797;2379;L101;PSP_EXTRATLEITIMPL_210526_0335_20000000001302986454_000.jpg
6251143860/3230045690;2042;T181;PSP_EXTRATLEITIMPL_210526_0335_20000000016702989802_000.jpg
3232909977;56475;NA;PSP_EXTRATLEITIMPL_210526_0335_20000000003402972877_000.jpg
3231847471;7;P111;NA
3233002789;7802;NA;PSP_EXTRATLEITIMPL_210526_0335_20000000004052993577_000.jpg
3233486697;1255;NA;PSP_EXTRATLEITIMPL_210526_0335_20000000013752966762_001.jpg
3242386328;16580;T181;PSP_EXTRATLEITIMPL_210526_0335_20000000004202999053_000.jpg
3233487375;10323;NA;PSP_EXTRATLEITIMPL_210526_0335_20000000009902980278_000.jpg
3232970099;23242;NA;PSP_EXTRATLEITIMPL_210526_0335_20000000001702969787_000.jpg
3241687707;4369;NA;PSP_EXTRATLEITIMPL_210526_0335_20000000012052958976_000.jpg
3233455503;2905;NA;PSP_EXTRATLEITIMPL_210526_0335_20000000013902980280_000.jpg
3230969271;18853;T181;PSP_EXTRATLEITIMPL_210526_0335_20000000002502988583_000.jpg
3241832146;2803;NA;PSP_EXTRATLEITIMPL_210526_0335_20000000008302970847_000.jpg
3241320153;5510;NA;PSP_EXTRATLEITIMPL_210526_0335_20000000012352945944_000.jpg
3241196185;9825;NA;PSP_EXTRATLEITIMPL_210526_0335_20000000005003000163_000.jpg
3242074261;2640;NA;PSP_EXTRATLEITIMPL_210526_0335_20000000011852969607_000.jpg
3232662602;7302;P111;PSP_EXTRATLEITIMPL_210526_0335_20000000008252948879_000.jpg
3224655664;50;P111;PSP_EXTRATLEITIMPL_210526_0335_20000000016052977528_000.jpg
3231964095;1961;P131;NA
3243753634;11812;NA;PSP_EXTRATLEITIMPL_210526_0335_20000000004102976527_000.jpg
3241218146;4722;NA;PSP_EXTRATLEITIMPL_210526_0335_20000000013302965761_000.jpg
3244264564;2716;T181;NA
3241193054;6998;NA;PSP_EXTRATLEITIMPL_210526_0335_20000000013352972374_001.jpg
3242509730;30799;T181;PSP_EXTRATLEITIMPL_210526_0335_20000000002752991315_000.jpg
3241086703;11251;NA;PSP_EXTRATLEITIMPL_210526_0335_20000000013102969913_000.jpg
3232269900;41;B111;PSP_EXTRATLEITIMPL_210526_0335_20000000000502971041_000.jpg
3242444158;225;NA;PSP_EXTRATLEITIMPL_210526_0335_20000000016802983811_000.jpg
3233471169;41625;NA;PSP_EXTRATLEITIMPL_210526_0335_20000000004552977707_000.jpg
3231958419;2469;NA;PSP_EXTRATLEITIMPL_210526_0335_20000000015002954883_000.jpg
5256225419/3242446240;1898;T181;PSP_EXTRATLEITIMPL_210526_0335_20000000017252989544_000.jpg
3233483850;59045;NA;PSP_EXTRATLEITIMPL_210526_0335_20000000001202984170_000.jpg
5256980381/5256940380/3242430459;269;T181;PSP_EXTRATLEITIMPL_210526_0335_20000000002102970884_000.jpg
6251617790/3243634449/3243155958;57812;L101;PSP_EXTRATLEITIMPL_210526_0335_20000000007052989232_000.jpg
6251140446/3242994441;1151;NA;PSP_EXTRATLEITIMPL_210526_0335_20000000010252943943_000.jpg
3242915460;3;NA;PSP_EXTRATLEITIMPL_210526_0335_20000000014952956774_000.jpg
3244015718;54;L101;PSP_EXTRATLEITIMPL_210526_0335_20000000019002984009_000.jpg
3244287157/3244360164;852;P111;PSP_EXTRATLEITIMPL_210526_0335_20000000016302976357_000.jpg
3242642014;999999;NA;PSP_EXTRATLEITIMPL_210526_0335_20000000003302992395_001.jpg
3211495315;0;NA;NA
6252398005/3244455114;191;NA;PSP_EXTRATLEITIMPL_210526_0335_20000000008852970782_000.jpg
3244395251;11;NA;PSP_EXTRATLEITIMPL_210526_0335_20000000018752982386_000.jpg
3244458423;2021;NA;PSP_EXTRATLEITIMPL_210526_0335_20000000013302974344_000.jpg
3244008665;424;NA;PSP_EXTRATLEITIMPL_210526_0335_20000000002002995443_000.jpg
3244140105;79;NA;PSP_EXTRATLEITIMPL_210526_0335_20000000003152982847_000.jpg
3245067860;159;NA;PSP_EXTRATLEITIMPL_210526_0335_20000000005502978809_000.jpg
3245066251;0;NA;PSP_EXTRATLEITIMPL_210526_0335_20000000006352983604_000.jpg
3244190595;31193;NA;PSP_EXTRATLEITIMPL_210526_0335_20000000015552957646_000.jpg
3245164520;5053;NA;PSP_EXTRATLEITIMPL_210526_0335_20000000016653001060_000.jpg
3244349152;0;NA;PSP_EXTRATLEITIMPL_210526_0335_20000000005852971904_000.jpg
3244665135;529;NA;PSP_EXTRATLEITIMPL_210526_0335_20000000004802983944_000.jpg
3244966330;772;NA;PSP_EXTRATLEITIMPL_210526_0335_20000000016002943981_000.jpg
3244714640;12856;NA;PSP_EXTRATLEITIMPL_210526_0335_20000000003952954967_000.jpg
5256232083/3242416111;12673;T181;NA
3245325184;35000;NA;NA
3244285677/3243871734;7738;T181;PSP_EXTRATLEITIMPL_210526_0335_20000000004902982643_000.jpg
3245359712;20;NA;PSP_EXTRATLEITIMPL_210526_0335_20000000014652967750_000.jpg
3244620794;3473;P111;PSP_EXTRATLEITIMPL_210526_0335_20000000008752966714_000.jpg
5257080341/5257218971/3243609738;311;NA;PSP_EXTRATLEITIMPL_210526_0335_20000000014702975195_000.jpg
5250087731;529;NA;PSP_EXTRATLEITIMPL_210526_0335_20000000015552969056_000.jpg
5250058146;4;NA;PSP_EXTRATLEITIMPL_210526_0335_20000000011952967589_000.jpg
6251131250/3242425919;1415;T181;PSP_EXTRATLEITIMPL_210526_0335_20000000002152970523_000.jpg
5257787402;82;T111;PSP_EXTRATLEITIMPL_210526_0335_20000000017553002040_000.jpg
5256980403;1047;NA;PSP_EXTRATLEITIMPL_210526_0335_20000000013052978003_000.jpg
6251173328/3245184360/5257308849;0;T161;PSP_EXTRATLEITIMPL_210526_0335_20000000014052975626_000.jpg
5257868380;449;NA;PSP_EXTRATLEITIMPL_210526_0335_20000000014952968247_000.jpg
6250934848;264;NA;PSP_EXTRATLEITIMPL_210526_0335_20000000012252958854_000.jpg
5257660224;9;NA;PSP_EXTRATLEITIMPL_210526_0335_20000000014002966517_000.jpg
6251505762;245;NA;NA
6251257394;1147;NA;PSP_EXTRATLEITIMPL_210526_0335_20000000001302965950_000.jpg
5257742107;99999;NA;PSP_EXTRATLEITIMPL_210526_0335_20000000007752977724_000.jpg
6251917300;99999;NA;PSP_EXTRATLEITIMPL_210526_0335_20000000016052960936_000.jpg
5257928235;1;NA;NA
6251996561;99999;NA;PSP_EXTRATLEITIMPL_210526_0335_20000000012002981010_000.jpg
6250984047;0;NA;PSP_EXTRATLEITIMPL_210526_0335_20000000000802949876_000.jpg
5257733299;99999;NA;PSP_EXTRATLEITIMPL_210526_0335_20000000000052988048_000.jpg
5257992790;2803;NA;PSP_EXTRATLEITIMPL_210526_0335_20000000000052970882_000.jpg
5257549722;0;T111;NA
6251203782;1019;NA;PSP_EXTRATLEITIMPL_210526_0335_20000000005702986228_000.jpg
6252200710;99999;NA;PSP_EXTRATLEITIMPL_210526_0335_20000000011502981186_000.jpg
6251201313;8679;NA;PSP_EXTRATLEITIMPL_210526_0335_20000000008852967884_000.jpg
5257730869;99999;NA;NA
6251996472;99999;NA;PSP_EXTRATLEITIMPL_210526_0335_20000000019802994425_000.jpg
5257816356;99999;NA;PSP_EXTRATLEITIMPL_210526_0335_20000000012302984392_000.jpg
6252110966;99999;NA;PSP_EXTRATLEITIMPL_210526_0335_20000000003202990421_000.jpg
5257551743;99999;NA;PSP_EXTRATLEITIMPL_210526_0335_20000000002202983148_000.jpg
5257453652/3200047299;1419;T181;PSP_EXTRATLEITIMPL_210526_0335_20000000010702978703_000.jpg
3203564960;23640;NA;PSP_EXTRATLEITIMPL_210526_0335_20000000019552986772_000.jpg
5260371659/3220233692;477;T181;PSP_EXTRATLEITIMPL_210526_0335_20000000001952982757_000.jpg
6251142104/3231739571;13878;NA;NA
3201575264/3241594113;12289;NA;PSP_EXTRATLEITIMPL_210526_0335_20000000012202952985_000.jpg
3202592936;12619;NA;PSP_EXTRATLEITIMPL_210526_0335_20000000006502985846_000.jpg
3225131162;34561;NA;PSP_EXTRATLEITIMPL_210526_0335_20000000018202969918_000.jpg
3193489434;580765;NA;PSP_EXTRATLEITIMPL_210526_0335_20000000016903006008_000.jpg
3243304422;5276;T181;PSP_EXTRATLEITIMPL_210526_0335_20000000006502985847_000.jpg
3241169900;19679;T181;PSP_EXTRATLEITIMPL_210526_0335_20000000004402973827_001.jpg
3200873636;10669;NA;NA
3201643219;50519;NA;PSP_EXTRATLEITIMPL_210526_0335_20000000003152980895_000.jpg
3223296180;12460;T181;PSP_EXTRATLEITIMPL_210526_0335_20000000004152986421_000.jpg
3201695650;470030;NA;PSP_EXTRATLEITIMPL_210526_0335_20000000014452965565_000.jpg
3211557566;47854;NA;NA
3211137095;35810;T181;PSP_EXTRATLEITIMPL_210526_0335_20000000017752984649_000.jpg
3201237288;21585;NA;PSP_EXTRATLEITIMPL_210526_0335_20000000006552971951_000.jpg
3204602602;22527;T181;NA
3203712552;4032;T111;PSP_EXTRATLEITIMPL_210526_0335_20000000017752981824_000.jpg
3213237747;19941;NA;PSP_EXTRATLEITIMPL_210526_0335_20000000014302969543_000.jpg
3225208769;54;P111;PSP_EXTRATLEITIMPL_210526_0335_20000000011702960900_000.jpg
3212590567;35359;T181;PSP_EXTRATLEITIMPL_210526_0335_20000000000402976739_000.jpg
3204176204;4412;NA;PSP_EXTRATLEITIMPL_210526_0335_20000000000002992358_000.jpg
3201653320;2410;NA;PSP_EXTRATLEITIMPL_210526_0335_20000000010952971395_000.jpg
3204681090;15171;NA;PSP_EXTRATLEITIMPL_210526_0335_20000000002752963997_000.jpg
3231102972;44646;T181;PSP_EXTRATLEITIMPL_210526_0335_20000000002552954967_000.jpg
3201485621;8484;NA;PSP_EXTRATLEITIMPL_210526_0335_20000000008502968272_000.jpg
3230084512;1071;NA;NA
3203588177;21909;NA;NA
3212274673;27916;T111;PSP_EXTRATLEITIMPL_210526_0335_20000000001552982538_000.jpg
3220280267;22871;T181;PSP_EXTRATLEITIMPL_210526_0335_20000000013052968618_000.jpg
3223407691;12777;T181;PSP_EXTRATLEITIMPL_210526_0335_20000000015102972792_000.jpg
3211427611;4;NA;NA
3212356874;51992;NA;PSP_EXTRATLEITIMPL_210526_0335_20000000013202980042_000.jpg
3211134860;85034;T181;PSP_EXTRATLEITIMPL_210526_0335_20000000014952946902_000.jpg
3213182624;12864;NA;PSP_EXTRATLEITIMPL_210526_0335_20000000009652957940_000.jpg
3211147597;51811;T181;PSP_EXTRATLEITIMPL_210526_0335_20000000014602966947_000.jpg
3203895487;5874;NA;NA
3212376204;80;M141;PSP_EXTRATLEITIMPL_210526_0335_20000000004052996416_000.jpg
3210427545;13142;NA;PSP_EXTRATLEITIMPL_210526_0335_20000000018552971907_000.jpg
3192339846;0;NA;NA
3212440891;74255;NA;PSP_EXTRATLEITIMPL_210526_0335_20000000015802945854_000.jpg
3213650008;8315;NA;PSP_EXTRATLEITIMPL_210526_0335_20000000002302975916_000.jpg
3212735530;128764;T181;PSP_EXTRATLEITIMPL_210526_0335_20000000011452962814_000.jpg
3212548307;16935;T181;PSP_EXTRATLEITIMPL_210526_0335_20000000003352954902_000.jpg
6251192004/6250882090/3222766850;1764;T181;PSP_EXTRATLEITIMPL_210526_0335_20000000008752964785_000.jpg
3212939900;12630;NA;PSP_EXTRATLEITIMPL_210526_0335_20000000004953001629_000.jpg
3231120172;10117;NA;PSP_EXTRATLEITIMPL_210526_0335_20000000003202986660_000.jpg
3212508259;75370;NA;PSP_EXTRATLEITIMPL_210526_0335_20000000015052967205_000.jpg
3213901930;3471;NA;PSP_EXTRATLEITIMPL_210526_0335_20000000002902980676_000.jpg
6251519135/3212939985;1267;T181;PSP_EXTRATLEITIMPL_210526_0335_20000000018002970921_000.jpg
3213057870;9033;NA;PSP_EXTRATLEITIMPL_210526_0335_20000000009702941948_000.jpg
3223293190;12006;T181;PSP_EXTRATLEITIMPL_210526_0335_20000000015752966618_000.jpg
5256887667/5256975507/5256887667/3232926898;29244;NA;NA
3242476882;26711;NA;PSP_EXTRATLEITIMPL_210526_0335_20000000015602955948_000.jpg
3230077796;56897;T181;PSP_EXTRATLEITIMPL_210526_0335_20000000018852981548_000.jpg
3211379293;0;NA;NA
3212399603;31461;NA;PSP_EXTRATLEITIMPL_210526_0335_20000000014402957903_000.jpg
3220071404;0;NA;NA
3213085726;12783;NA;PSP_EXTRATLEITIMPL_210526_0335_20000000011752965733_000.jpg
3213762698;32499;NA;PSP_EXTRATLEITIMPL_210526_0335_20000000012952968151_000.jpg
3220412120;767;M141;PSP_EXTRATLEITIMPL_210526_0335_20000000016952995075_000.jpg
3222098300;4536;NA;PSP_EXTRATLEITIMPL_210526_0335_20000000015152982423_000.jpg
3221341995;53;P111;NA
3230983878;14417;M101;NA
3214117060;0;NA;NA
3222730170;28789;T181;PSP_EXTRATLEITIMPL_210526_0335_20000000010252968222_000.jpg
3221869337;254573;NA;PSP_EXTRATLEITIMPL_210526_0335_20000000001452993282_000.jpg
5260375298/3220380865;889;NA;NA
3245097203/3242327631;13489;NA;PSP_EXTRATLEITIMPL_210526_0335_20000000012602980369_001.jpg
5256251843/3221625691;1495;NA;PSP_EXTRATLEITIMPL_210526_0335_20000000016402967646_000.jpg
3222898713;98713;NA;PSP_EXTRATLEITIMPL_210526_0335_20000000014802963888_000.jpg
3244169324/3222914026;140;L101;PSP_EXTRATLEITIMPL_210526_0335_20000000019452988284_000.jpg
3222553732;6434;NA;NA
5256220131/3245142330/3225977266;11645;T181;NA
3223094448;604;NA;PSP_EXTRATLEITIMPL_210526_0335_20000000009252954933_000.jpg
3231862713;3790;NA;PSP_EXTRATLEITIMPL_210526_0335_20000000018402964956_000.jpg
3223791530;5691;NA;PSP_EXTRATLEITIMPL_210526_0335_20000000013202964745_000.jpg
3222738007;34836;T181;PSP_EXTRATLEITIMPL_210526_0335_20000000003402974768_000.jpg
3212464952;161235;NA;PSP_EXTRATLEITIMPL_210526_0335_20000000012952956750_000.jpg
3222726629;32139;T181;PSP_EXTRATLEITIMPL_210526_0335_20000000001052980173_000.jpg
5256886954/5256228116/5256886954/3242495585/3231103901;6451;NA;NA
3223705897;17624;NA;PSP_EXTRATLEITIMPL_210526_0335_20000000011952945992_000.jpg
3244281698;8515;T181;PSP_EXTRATLEITIMPL_210526_0335_20000000000102953898_000.jpg
5250063719/3223737470;1508;NA;PSP_EXTRATLEITIMPL_210526_0335_20000000011002954972_000.jpg
3242354159;10841;T181;PSP_EXTRATLEITIMPL_210526_0335_20000000012152959730_000.jpg
3223056007;80182;NA;PSP_EXTRATLEITIMPL_210526_0335_20000000007902961890_000.jpg
3222723794;153568;NA;NA
5256821623/3223739031;0;NA;PSP_EXTRATLEITIMPL_210526_0335_20000000016502968369_000.jpg
3220903248;25;P111;PSP_EXTRATLEITIMPL_210526_0335_20000000005752974355_000.jpg
3220923923;22153;NA;PSP_EXTRATLEITIMPL_210526_0335_20000000006802986396_000.jpg
3225115060;33683;NA;PSP_EXTRATLEITIMPL_210526_0335_20000000018052961898_000.jpg
3224940962;43;P111;NA
3224775562;1301;NA;PSP_EXTRATLEITIMPL_210526_0335_20000000016502960711_000.jpg
3241628913;6598;T181;PSP_EXTRATLEITIMPL_210526_0335_20000000019552990633_000.jpg
3212677611;27474;NA;PSP_EXTRATLEITIMPL_210526_0335_20000000001252980607_000.jpg
3232749872;11003;NA;PSP_EXTRATLEITIMPL_210526_0335_20000000006852991589_000.jpg
3214220180;5451;NA;NA
5255959796/5256227802/5255959796/3231032427;11818;NA;NA
3220287652;7176;T181;PSP_EXTRATLEITIMPL_210526_0335_20000000006152961972_000.jpg
3225593182;6;NA;PSP_EXTRATLEITIMPL_210526_0335_20000000007902955986_000.jpg
3225709253;2363;NA;PSP_EXTRATLEITIMPL_210526_0335_20000000004552994032_000.jpg
3226028535;2240;NA;NA
3223387909;15910;T181;PSP_EXTRATLEITIMPL_210526_0335_20000000012402976011_000.jpg
3224095545;1;B111;PSP_EXTRATLEITIMPL_210526_0335_20000000018852975778_000.jpg
3224894430;2979;NA;PSP_EXTRATLEITIMPL_210526_0335_20000000009102962782_000.jpg
3230069530;12452;NA;PSP_EXTRATLEITIMPL_210526_0335_20000000007802976762_000.jpg
3244237400/3225795664;3427;T181;PSP_EXTRATLEITIMPL_210526_0335_20000000003802982638_000.jpg
3226183646;1314;L101;PSP_EXTRATLEITIMPL_210526_0335_20000000002802968966_000.jpg
3230073855;80944;NA;PSP_EXTRATLEITIMPL_210526_0335_20000000008502947938_000.jpg
3223435482;133496;NA;PSP_EXTRATLEITIMPL_210526_0335_20000000016452959973_000.jpg
3223457044;6938;B131;PSP_EXTRATLEITIMPL_210526_0335_20000000012102958915_000.jpg
3231585507;1313;NA;NA
3223306127;18437;NA;PSP_EXTRATLEITIMPL_210526_0335_20000000003002980524_000.jpg
3231301878;4252;NA;PSP_EXTRATLEITIMPL_210526_0335_20000000019802989649_000.jpg
3245086384/3241651907;5986;T181;NA
3231692893;6273;NA;PSP_EXTRATLEITIMPL_210526_0335_20000000007502969772_000.jpg
3231909655;15626;NA;PSP_EXTRATLEITIMPL_210526_0335_20000000017402985816_000.jpg
3244231216/3242385330;6744;T181;PSP_EXTRATLEITIMPL_210526_0335_20000000018502974709_000.jpg
3233185387;9362;NA;PSP_EXTRATLEITIMPL_210526_0335_20000000010752984163_000.jpg
3232117663;1188;R111;NA
3241048810;29090;T181;PSP_EXTRATLEITIMPL_210526_0335_20000000001602986588_000.jpg
3230083028;45413;T181;PSP_EXTRATLEITIMPL_210526_0335_20000000015002972028_000.jpg
3230676711;17615;NA;PSP_EXTRATLEITIMPL_210526_0335_20000000013452965875_000.jpg
3172771040/5256975868/3172771040/3232951620;52652;NA;NA
3231764193;10213;NA;PSP_EXTRATLEITIMPL_210526_0335_20000000001752982643_000.jpg
3232367031;9280;NA;PSP_EXTRATLEITIMPL_210526_0335_20000000002852971840_000.jpg
3232728743;1654;NA;PSP_EXTRATLEITIMPL_210526_0335_20000000016402971503_000.jpg
3241803707;2049;NA;PSP_EXTRATLEITIMPL_210526_0335_20000000001552972885_000.jpg
3232652321;9084;NA;PSP_EXTRATLEITIMPL_210526_0335_20000000001953000005_000.jpg
3241196169;15213;NA;PSP_EXTRATLEITIMPL_210526_0335_20000000006902967905_000.jpg
3241940399;20961;NA;PSP_EXTRATLEITIMPL_210526_0335_20000000005602950861_000.jpg
5256229899/3233458073;359;P111;PSP_EXTRATLEITIMPL_210526_0335_20000000008702978652_000.jpg
3242359770;7594;T181;PSP_EXTRATLEITIMPL_210526_0335_20000000007152976787_000.jpg
5256230285/3245146310/3232446900;962;T181;PSP_EXTRATLEITIMPL_210526_0335_20000000007952976505_000.jpg
3232562357;14;P111;PSP_EXTRATLEITIMPL_210526_0335_20000000017002986964_000.jpg
3241611646;25700;NA;PSP_EXTRATLEITIMPL_210526_0335_20000000016402957905_000.jpg
3233372489;797;P111;PSP_EXTRATLEITIMPL_210526_0335_20000000013002959404_000.jpg
3232643454;3698;NA;PSP_EXTRATLEITIMPL_210526_0335_20000000002852977640_000.jpg
3233271992;2250;NA;PSP_EXTRATLEITIMPL_210526_0335_20000000014152962606_000.jpg
3232266413;1924;B111;PSP_EXTRATLEITIMPL_210526_0335_20000000017452981600_000.jpg
3232548575;2913;NA;PSP_EXTRATLEITIMPL_210526_0335_20000000014652964887_000.jpg
3242944100;1090;NA;PSP_EXTRATLEITIMPL_210526_0335_20000000010402954832_000.jpg
3242623168;8251;T181;PSP_EXTRATLEITIMPL_210526_0335_20000000004152997000_000.jpg
3242352563;267;NA;PSP_EXTRATLEITIMPL_210526_0335_20000000013902968808_000.jpg
3242741250;1410;NA;PSP_EXTRATLEITIMPL_210526_0335_20000000016852990587_000.jpg
3243268990;176;B111;PSP_EXTRATLEITIMPL_210526_0335_20000000015702960818_000.jpg
5256948089/3245144805;999999;T161;NA
3243211220;1575;NA;PSP_EXTRATLEITIMPL_210526_0335_20000000005302981909_000.jpg
3244357988;48164;NA;PSP_EXTRATLEITIMPL_210526_0335_20000000003302992399_000.jpg
3244549844;1;L131;PSP_EXTRATLEITIMPL_210526_0335_20000000018002994353_000.jpg
3242474430;11586;NA;PSP_EXTRATLEITIMPL_210526_0335_20000000015902983377_000.jpg
3243979411;25;L101;NA
3243985012;99999;NA;NA
3244366405;661;NA;PSP_EXTRATLEITIMPL_210526_0335_20000000015602979433_000.jpg
3244901211;15209;NA;NA
3242416685;107;NA;PSP_EXTRATLEITIMPL_210526_0335_20000000008952944997_000.jpg
3243852969;667;NA;PSP_EXTRATLEITIMPL_210526_0335_20000000011352949873_000.jpg
3243757710;1074;NA;PSP_EXTRATLEITIMPL_210526_0335_20000000013502968715_000.jpg
3244655270;1127;NA;PSP_EXTRATLEITIMPL_210526_0335_20000000014002968365_000.jpg
3232574550;276;NA;NA
3243517019;3342;NA;PSP_EXTRATLEITIMPL_210526_0335_20000000013102972758_000.jpg
3245024460;122;T111;PSP_EXTRATLEITIMPL_210526_0335_20000000017002989948_000.jpg
3244011437;1785;NA;PSP_EXTRATLEITIMPL_210526_0335_20000000014852962775_000.jpg
3244740498;1619;NA;PSP_EXTRATLEITIMPL_210526_0335_20000000009652954949_000.jpg
3245373782;2217;NA;PSP_EXTRATLEITIMPL_210526_0335_20000000005552982051_000.jpg
3243797690/3242412639;1721;T181;PSP_EXTRATLEITIMPL_210526_0335_20000000002202984034_000.jpg
5256960844/3245141946;1;P111;PSP_EXTRATLEITIMPL_210526_0335_20000000019903002017_000.jpg
3244591476;1154;NA;PSP_EXTRATLEITIMPL_210526_0335_20000000018202986082_000.jpg
3245377591;1780;NA;PSP_EXTRATLEITIMPL_210526_0335_20000000002802984664_000.jpg
5256688486;885;NA;PSP_EXTRATLEITIMPL_210526_0335_20000000006502982828_000.jpg
3244904547;1175;NA;NA
3244122077;755;NA;PSP_EXTRATLEITIMPL_210526_0335_20000000015352972784_000.jpg
6250630083/3245101669;16807;NA;PSP_EXTRATLEITIMPL_210526_0335_20000000015202969876_000.jpg
5257039805;1624;NA;PSP_EXTRATLEITIMPL_210526_0335_20000000004603011405_000.jpg
3244710289;161;NA;PSP_EXTRATLEITIMPL_210526_0335_20000000007402977442_000.jpg
5256963096;1049;NA;PSP_EXTRATLEITIMPL_210526_0335_20000000013252972075_000.jpg
3242425757;67;NA;PSP_EXTRATLEITIMPL_210526_0335_20000000012452958770_000.jpg
5257159231;98;NA;PSP_EXTRATLEITIMPL_210526_0335_20000000011452967554_000.jpg
3245209320;879;NA;NA
6251605660;3056;R111;PSP_EXTRATLEITIMPL_210526_0335_20000000008252947956_000.jpg
6251917203;99999;NA;PSP_EXTRATLEITIMPL_210526_0335_20000000019302986380_000.jpg
6251141779;5352;T181;NA
6251141760;1147;NA;PSP_EXTRATLEITIMPL_210526_0335_20000000018902986408_000.jpg
6251200180;2036;NA;PSP_EXTRATLEITIMPL_210526_0335_20000000013002963022_000.jpg
6251410117;0;NA;PSP_EXTRATLEITIMPL_210526_0335_20000000015152979587_000.jpg
6252107450;99999;NA;PSP_EXTRATLEITIMPL_210526_0335_20000000012002957917_000.jpg
6251955792;99999;NA;PSP_EXTRATLEITIMPL_210526_0335_20000000016652989615_000.jpg
5257730907;3055;T181;PSP_EXTRATLEITIMPL_210526_0335_20000000015702954885_000.jpg
5257902694;99999;NA;PSP_EXTRATLEITIMPL_210526_0335_20000000016852995279_000.jpg
6251922134;99999;NA;PSP_EXTRATLEITIMPL_210526_0335_20000000006352978737_000.jpg
6252037916;99999;NA;PSP_EXTRATLEITIMPL_210526_0335_20000000011152969662_000.jpg
6252240118;999999;NA;PSP_EXTRATLEITIMPL_210526_0335_20000000008002970527_000.jpg
